days_since_last_snapshot,date,player_id,age,value_change_180d,label,club_change,num_snapshots_before_t
,2019-11-21,1,18,,stable,,0
29.0,2019-12-20,1,18,,stable,,1
234.0,2020-08-10,1,19,0.0,increase,True,2
324.0,2021-06-30,1,20,2.0,increase,False,3
32.0,2021-08-01,1,19,2.0,increase,False,4
151.0,2021-12-30,1,20,1.6666666666666667,stable,True,5
66.0,2022-03-06,1,21,1.6666666666666667,stable,True,6
127.0,2022-07-11,1,21,0.0,stable,False,7
337.0,2023-06-13,1,22,0.0,stable,False,8
190.0,2023-12-20,1,22,0.0,increase,False,9
187.0,2024-06-24,1,23,1.0,increase,False,10
139.0,2024-11-10,1,23,24.0,increase,False,11
47.0,2024-12-27,1,23,11.5,increase,False,12
84.0,2025-03-21,1,23,24.0,increase,False,13
169.0,2025-09-06,1,24,1.5,increase,False,14
,2012-09-30,2,17,,increase,,0
154.0,2013-03-03,2,18,,increase,,1
313.0,2014-01-10,2,19,1.0,increase,False,2
431.0,2015-03-17,2,20,0.6,stable,False,3
181.0,2015-09-14,2,20,0.0,stable,False,4
114.0,2016-01-06,2,21,-0.25,stable,False,5
68.0,2016-03-14,2,21,-0.1875,stable,False,6
184.0,2016-09-14,2,21,-0.07692307692307693,increase,True,7
180.0,2017-03-13,2,22,1.0,increase,False,8
224.0,2017-10-23,2,22,0.25,stable,False,9
146.0,2018-03-18,2,23,0.25,stable,False,10
191.0,2018-09-25,2,23,0.16666666666666666,increase,False,11
356.0,2019-09-16,2,24,3.5714285714285716,increase,False,12
48.0,2019-11-03,2,24,0.7142857142857143,increase,False,13
54.0,2019-12-27,2,24,6.428571428571429,stable,False,14
213.0,2020-07-27,2,25,-0.038461538461538464,stable,False,15
8.0,2020-08-04,2,25,-0.19230769230769232,increase,False,16
146.0,2020-12-28,2,25,0.0,loss,False,17
151.0,2021-05-28,2,26,0.42857142857142855,loss,False,18
216.0,2021-12-30,2,26,-0.3333333333333333,stable,False,19
158.0,2022-06-06,2,27,-0.43333333333333335,increase,False,20
66.0,2022-08-11,2,27,-0.15,increase,False,21
134.0,2022-12-23,2,27,0.6470588235294118,stable,False,22
165.0,2023-06-06,2,28,0.4117647058823529,stable,False,23
113.0,2023-09-27,2,28,-0.14285714285714285,stable,True,24
85.0,2023-12-21,2,28,0.0,stable,True,25
85.0,2024-03-15,2,29,-0.08333333333333333,stable,True,26
26.0,2024-04-10,2,29,-0.08333333333333333,stable,False,27
51.0,2024-05-31,2,29,-0.08333333333333333,stable,False,28
206.0,2024-12-23,2,29,0.0,loss,False,29
49.0,2025-02-10,2,30,-0.45454545454545453,loss,True,30
38.0,2025-03-20,2,30,-0.09090909090909091,loss,False,31
90.0,2025-06-18,2,30,-0.18181818181818182,loss,False,32
,2007-09-03,3,16,,stable,,0
198.0,2008-03-19,3,17,0.0,loss,False,1
446.0,2009-06-08,3,19,-0.5,increase,True,2
168.0,2009-11-23,3,19,3.0,increase,True,3
149.0,2010-04-21,3,20,8.5,increase,True,4
157.0,2010-09-25,3,20,0.3125,increase,True,5
99.0,2011-01-02,3,20,3.210526315789474,increase,True,6
218.0,2011-08-08,3,21,1.75,increase,False,7
299.0,2012-06-02,3,21,1.1818181818181819,increase,False,8
22.0,2012-06-24,3,22,1.5454545454545454,stable,False,9
218.0,2013-01-28,3,22,0.07142857142857142,stable,False,10
10.0,2013-02-07,3,23,0.0,stable,False,11
342.0,2014-01-15,3,23,0.07142857142857142,stable,False,12
327.0,2014-12-08,3,24,0.06666666666666667,stable,False,13
30.0,2015-01-07,3,25,-0.3333333333333333,increase,False,14
329.0,2015-12-02,3,24,0.4,stable,False,15
35.0,2016-01-06,3,26,0.2,stable,True,16
2.0,2016-01-08,3,26,0.2,stable,True,17
84.0,2016-04-01,3,25,0.0,increase,True,18
306.0,2017-02-01,3,26,0.4,increase,False,19
186.0,2017-08-06,3,27,0.21428571428571427,stable,False,20
145.0,2017-12-29,3,27,0.2857142857142857,stable,True,21
85.0,2018-03-24,3,27,0.17647058823529413,increase,True,22
104.0,2018-07-06,3,28,0.1111111111111111,increase,False,23
167.0,2018-12-20,3,28,0.5,increase,False,24
168.0,2019-06-06,3,29,0.75,stable,False,25
189.0,2019-12-12,3,29,0.14285714285714285,stable,False,26
236.0,2020-08-04,3,29,-0.2,loss,False,27
21.0,2020-08-25,3,30,-0.125,loss,False,28
126.0,2020-12-29,3,30,-0.125,loss,False,29
153.0,2021-05-31,3,31,-0.2857142857142857,loss,False,30
136.0,2021-10-14,3,31,-0.5714285714285714,stable,False,31
75.0,2021-12-28,3,31,-0.4,stable,False,32
190.0,2022-07-06,3,32,0.0,loss,False,33
128.0,2022-11-11,3,32,-0.13333333333333333,loss,False,34
216.0,2023-06-15,3,33,-0.23076923076923078,stable,False,35
188.0,2023-12-20,3,33,-0.2,loss,False,36
138.0,2024-05-06,3,34,-0.4,loss,False,37
188.0,2024-11-10,3,34,-0.5,loss,True,38
47.0,2024-12-27,3,34,-0.8333333333333334,stable,True,39
253.0,2025-09-06,3,35,0.0,stable,False,40
,2023-10-13,4,16,,increase,,0
68.0,2023-12-20,4,16,,increase,,1
92.0,2024-03-21,4,17,,increase,,2
107.0,2024-07-06,4,17,19.0,increase,True,3
127.0,2024-11-10,4,17,0.6,increase,False,4
47.0,2024-12-27,4,17,1.8,stable,False,5
253.0,2025-09-06,4,18,0.14285714285714285,stable,False,6
97.0,2025-12-12,4,18,0.14285714285714285,increase,False,7
,2019-09-25,5,18,,increase,,0
309.0,2020-07-30,5,19,1.2857142857142858,increase,False,1
5.0,2020-08-04,5,19,-0.1,increase,False,2
70.0,2020-10-13,5,19,1.8571428571428572,stable,False,3
156.0,2021-03-18,5,20,2.1746031746031744,stable,False,4
74.0,2021-05-31,5,20,0.0,stable,False,5
213.0,2021-12-30,5,20,-0.1,stable,True,6
66.0,2022-03-06,5,21,-0.1,loss,True,7
127.0,2022-07-11,5,21,0.0,loss,False,8
255.0,2023-03-23,5,22,-0.3333333333333333,stable,False,9
82.0,2023-06-13,5,22,-0.4444444444444444,increase,False,10
122.0,2023-10-13,5,22,0.0,increase,True,11
70.0,2023-12-22,5,22,0.5,increase,True,12
197.0,2024-07-06,5,23,0.3333333333333333,increase,False,13
174.0,2024-12-27,5,23,0.2,stable,True,14
45.0,2025-02-10,5,24,0.25,loss,True,15
39.0,2025-03-21,5,24,-0.25,increase,True,16
169.0,2025-09-06,5,24,-0.28,increase,False,17
,2021-10-13,6,19,,stable,,0
56.0,2021-12-08,6,19,,increase,,1
22.0,2021-12-30,6,19,,stable,,2
181.0,2022-06-29,6,20,0.0,increase,False,3
183.0,2022-12-29,6,20,0.5,increase,False,4
183.0,2023-06-30,6,21,0.3333333333333333,increase,False,5
173.0,2023-12-20,6,21,1.0,increase,True,6
97.0,2024-03-26,6,22,1.0,increase,True,7
90.0,2024-06-24,6,22,0.3333333333333333,increase,False,8
139.0,2024-11-10,6,22,6.5,increase,True,9
47.0,2024-12-27,6,22,11.5,increase,True,10
84.0,2025-03-21,6,23,17.75,increase,True,11
169.0,2025-09-06,6,23,1.4,increase,False,12
,2014-05-10,7,18,,increase,,0
242.0,2015-01-07,7,19,2.0,loss,True,1
329.0,2015-12-02,7,18,-0.5,increase,True,2
75.0,2016-02-15,7,19,3.3333333333333335,increase,True,3
58.0,2016-04-13,7,20,4.333333333333333,increase,True,4
100.0,2016-07-22,7,20,17.666666666666668,increase,True,5
332.0,2017-06-19,7,21,0.2857142857142857,increase,False,6
13.0,2017-07-02,7,20,0.14285714285714285,increase,False,7
214.0,2018-02-01,7,21,0.875,stable,True,8
50.0,2018-03-23,7,21,1.5,stable,True,9
66.0,2018-05-28,7,22,1.5,stable,True,10
205.0,2018-12-19,7,22,-0.125,stable,False,11
176.0,2019-06-13,7,23,-0.25,stable,False,12
121.0,2019-10-12,7,23,-0.14285714285714285,stable,False,13
58.0,2019-12-09,7,23,0.0,loss,False,14
239.0,2020-08-04,7,23,-0.3142857142857143,stable,False,15
70.0,2020-10-13,7,24,-0.3142857142857143,increase,False,16
156.0,2021-03-18,7,24,0.16666666666666666,increase,False,17
53.0,2021-05-10,7,25,0.4583333333333333,stable,False,18
16.0,2021-05-26,7,25,0.25,stable,False,19
211.0,2021-12-23,7,25,0.16666666666666666,stable,False,20
174.0,2022-06-15,7,26,0.16666666666666666,stable,False,21
26.0,2022-07-11,7,26,-0.14285714285714285,increase,True,22
337.0,2023-06-13,7,27,0.3333333333333333,stable,False,23
192.0,2023-12-22,7,27,0.0,stable,False,24
197.0,2024-07-06,7,28,0.0,loss,False,25
127.0,2024-11-10,7,28,-0.25,loss,False,26
47.0,2024-12-27,7,28,-0.5,loss,False,27
84.0,2025-03-21,7,28,-0.625,loss,False,28
169.0,2025-09-06,7,29,-0.4,loss,False,29
,2020-08-10,8,16,,increase,,0
324.0,2021-06-30,8,17,1.5,increase,True,1
32.0,2021-08-01,8,17,1.5,increase,True,2
73.0,2021-10-13,8,17,24.0,stable,True,3
78.0,2021-12-30,8,18,9.0,stable,False,4
66.0,2022-03-06,8,18,7.0,increase,False,5
115.0,2022-06-29,8,18,-0.2,increase,False,6
12.0,2022-07-11,8,19,2.0,increase,True,7
74.0,2022-09-23,8,18,1.0,increase,True,8
181.0,2023-03-23,8,19,2.75,increase,False,9
82.0,2023-06-13,8,19,5.25,stable,False,10
192.0,2023-12-22,8,20,0.0,stable,False,11
90.0,2024-03-21,8,20,-0.2,increase,False,12
107.0,2024-07-06,8,20,-0.2,increase,False,13
174.0,2024-12-27,8,21,0.25,stable,False,14
84.0,2025-03-21,8,21,0.5,stable,False,15
169.0,2025-09-06,8,21,0.2,stable,False,16
,2018-01-24,9,19,,increase,,0
55.0,2018-03-20,9,19,,increase,,1
17.0,2018-04-06,9,19,,increase,,2
201.0,2018-10-24,9,19,0.2857142857142857,increase,False,3
54.0,2018-12-17,9,20,0.2857142857142857,increase,False,4
79.0,2019-03-06,9,20,1.1428571428571428,increase,False,5
119.0,2019-07-03,9,20,0.3333333333333333,increase,False,6
98.0,2019-10-09,9,20,0.6666666666666666,stable,True,7
72.0,2019-12-20,9,21,0.6666666666666666,stable,True,8
216.0,2020-07-23,9,21,0.2,increase,False,9
12.0,2020-08-04,9,21,-0.1,increase,False,10
6.0,2020-08-10,9,21,0.6,increase,False,11
149.0,2021-01-06,9,22,1.4,stable,False,12
72.0,2021-03-19,9,22,0.5,stable,False,13
43.0,2021-05-01,9,22,0.25,stable,False,14
243.0,2021-12-30,9,23,0.2,stable,False,15
66.0,2022-03-06,9,23,0.2,stable,False,16
127.0,2022-07-11,9,23,0.0,stable,True,17
337.0,2023-06-13,9,24,0.0,stable,False,18
192.0,2023-12-22,9,25,0.0,loss,False,19
90.0,2024-03-21,9,25,-0.16666666666666666,stable,False,20
107.0,2024-07-06,9,25,-0.25,increase,False,21
127.0,2024-11-10,9,25,0.1,stable,False,22
47.0,2024-12-27,9,26,0.2,stable,False,23
253.0,2025-09-06,9,26,0.08333333333333333,stable,False,24
,2012-10-11,10,18,,stable,,0
304.0,2013-08-11,10,19,0.0,increase,True,1
193.0,2014-02-20,10,19,1.0,stable,False,2
244.0,2014-10-22,10,20,0.0,increase,True,3
77.0,2015-01-07,10,21,1.5,increase,True,4
16.0,2015-01-23,10,20,0.0,increase,True,5
303.0,2015-11-22,10,21,4.0,increase,False,6
92.0,2016-02-22,10,21,4.0,increase,False,7
144.0,2016-07-15,10,22,0.5,increase,False,8
104.0,2016-10-27,10,22,1.0,stable,False,9
89.0,2017-01-24,10,22,0.3333333333333333,stable,False,10
102.0,2017-05-06,10,23,0.0,stable,False,11
237.0,2017-12-29,10,23,0.0,increase,True,12
85.0,2018-03-24,10,23,0.25,increase,True,13
104.0,2018-07-06,10,24,0.75,increase,False,14
157.0,2018-12-10,10,24,0.6,increase,True,15
10.0,2018-12-20,10,24,1.2,stable,True,16
168.0,2019-06-06,10,25,0.5714285714285714,loss,True,17
128.0,2019-10-12,10,25,-0.09090909090909091,loss,True,18
297.0,2020-08-04,10,25,-0.28,increase,False,19
30.0,2020-09-03,10,25,-0.1,stable,False,20
40.0,2020-10-13,10,26,-0.28,increase,False,21
85.0,2021-01-06,10,27,0.1,stable,False,22
71.0,2021-03-18,10,26,0.1111111111111111,stable,False,23
280.0,2021-12-23,10,27,0.2,stable,False,24
78.0,2022-03-11,10,28,0.4,stable,False,25
96.0,2022-06-15,10,28,0.3,stable,False,26
287.0,2023-03-29,10,28,-0.07692307692307693,loss,True,27
85.0,2023-06-22,10,29,-0.23076923076923078,stable,True,28
183.0,2023-12-22,10,29,-0.2,loss,True,29
90.0,2024-03-21,10,29,-0.4,loss,True,30
107.0,2024-07-06,10,30,-0.375,loss,False,31
160.0,2024-12-13,10,30,-0.4,loss,True,32
165.0,2025-05-27,10,31,-0.4,loss,True,33
,2024-12-18,11,17,,stable,,0
189.0,2025-06-25,11,18,0.0,increase,False,1
113.0,2025-10-16,11,18,5.0,increase,False,2
75.0,2025-12-30,11,18,5.0,increase,False,3
,2016-01-08,12,20,,increase,,0
382.0,2017-01-24,12,20,2.0,increase,False,1
102.0,2017-05-06,12,20,4.0,increase,False,2
240.0,2018-01-01,12,21,7.0,increase,False,3
149.0,2018-05-30,12,21,9.0,increase,False,4
154.0,2018-10-31,12,22,1.0,increase,True,5
51.0,2018-12-21,12,22,1.0,increase,True,6
69.0,2019-02-28,12,22,1.4,increase,True,7
226.0,2019-10-12,12,23,0.3333333333333333,stable,True,8
25.0,2019-11-06,12,22,0.3333333333333333,stable,False,9
272.0,2020-08-04,12,23,-0.2,stable,True,10
70.0,2020-10-13,12,24,-0.2,stable,True,11
156.0,2021-03-18,12,24,0.09375,stable,False,12
74.0,2021-05-31,12,24,0.09375,stable,False,13
206.0,2021-12-23,12,25,0.0,increase,False,14
78.0,2022-03-11,12,26,0.14285714285714285,stable,False,15
96.0,2022-06-15,12,25,0.14285714285714285,stable,False,16
370.0,2023-06-20,12,26,0.125,increase,False,17
82.0,2023-09-10,12,27,0.25,stable,False,18
100.0,2023-12-19,12,27,0.2222222222222222,stable,False,19
160.0,2024-05-27,12,27,0.2,stable,False,20
52.0,2024-07-18,12,28,0.18181818181818182,stable,False,21
151.0,2024-12-16,12,28,0.08333333333333333,loss,False,22
165.0,2025-05-30,12,28,-0.15384615384615385,loss,False,23
105.0,2025-09-12,12,29,-0.4230769230769231,loss,False,24
35.0,2025-10-17,12,29,-0.3076923076923077,loss,False,25
140.0,2026-03-06,12,29,-0.5454545454545454,increase,False,26
,2019-10-09,13,16,,increase,,0
72.0,2019-12-20,13,17,,stable,,1
228.0,2020-08-04,13,17,-0.1,increase,False,2
6.0,2020-08-10,13,17,0.875,increase,True,3
105.0,2020-11-23,13,17,2.75,increase,True,4
116.0,2021-03-19,13,18,3.6666666666666665,stable,False,5
43.0,2021-05-01,13,18,2.3333333333333335,increase,False,6
30.0,2021-05-31,13,18,1.3333333333333333,stable,False,7
45.0,2021-07-15,13,18,1.6666666666666667,stable,False,8
168.0,2021-12-30,13,19,0.14285714285714285,increase,False,9
66.0,2022-03-06,13,19,0.0,stable,False,10
127.0,2022-07-11,13,19,0.25,stable,False,11
74.0,2022-09-23,13,19,0.125,stable,False,12
263.0,2023-06-13,13,20,0.1111111111111111,stable,False,13
192.0,2023-12-22,13,21,-0.1,stable,False,14
90.0,2024-03-21,13,21,-0.2,increase,False,15
107.0,2024-07-06,13,21,-0.1111111111111111,increase,False,16
174.0,2024-12-27,13,22,0.25,increase,False,17
84.0,2025-03-21,13,22,0.5,stable,False,18
169.0,2025-09-06,13,22,0.4,stable,False,19
,2015-01-07,14,18,,loss,,0
302.0,2015-11-05,14,17,-0.8,increase,False,1
6.0,2015-11-11,14,18,0.6,increase,False,2
57.0,2016-01-07,14,19,1.4,stable,True,3
116.0,2016-05-02,14,18,0.6,increase,True,4
94.0,2016-08-04,14,18,0.0,increase,True,5
167.0,2017-01-18,14,19,0.875,increase,True,6
169.0,2017-07-06,14,20,2.3333333333333335,increase,True,7
112.0,2017-10-26,14,20,3.6666666666666665,increase,False,8
83.0,2018-01-17,14,20,2.5,stable,False,9
83.0,2018-04-10,14,21,19.0,loss,False,10
240.0,2018-12-06,14,21,-0.825,increase,False,11
22.0,2018-12-28,14,21,0.5,increase,False,12
75.0,2019-03-13,14,21,0.875,stable,False,13
268.0,2019-12-06,14,22,0.13333333333333333,stable,False,14
14.0,2019-12-20,14,22,0.2,stable,True,15
228.0,2020-08-04,14,22,-0.2,stable,False,16
6.0,2020-08-10,14,23,-0.2222222222222222,stable,False,17
221.0,2021-03-19,14,23,0.14285714285714285,stable,False,18
43.0,2021-05-01,14,23,-0.07142857142857142,stable,False,19
26.0,2021-05-27,14,24,0.2857142857142857,loss,False,20
217.0,2021-12-30,14,24,-0.2222222222222222,loss,False,21
66.0,2022-03-06,14,25,-0.3333333333333333,stable,False,22
127.0,2022-07-11,14,25,-0.2857142857142857,stable,False,23
255.0,2023-03-23,14,25,0.2,increase,False,24
82.0,2023-06-13,14,26,0.5,stable,False,25
122.0,2023-10-13,14,26,0.5,loss,False,26
70.0,2023-12-22,14,26,0.06666666666666667,stable,False,27
90.0,2024-03-21,14,26,-0.06666666666666667,stable,False,28
107.0,2024-07-06,14,27,-0.125,loss,False,29
127.0,2024-11-10,14,27,-0.14285714285714285,loss,False,30
47.0,2024-12-27,14,27,-0.35714285714285715,stable,False,31
253.0,2025-09-06,14,28,0.0,loss,False,32
,2021-10-13,15,17,,increase,,0
78.0,2021-12-30,15,17,,increase,,1
66.0,2022-03-06,15,17,,stable,,2
15.0,2022-03-21,15,17,,stable,,3
112.0,2022-07-11,15,18,1.25,stable,False,4
74.0,2022-09-23,15,18,0.16666666666666666,increase,False,5
263.0,2023-06-13,15,18,0.2857142857142857,stable,False,6
192.0,2023-12-22,15,19,0.0,stable,False,7
197.0,2024-07-06,15,19,0.0,loss,False,8
174.0,2024-12-27,15,20,-0.1111111111111111,loss,False,9
45.0,2025-02-10,15,21,-0.5555555555555556,increase,False,10
39.0,2025-03-21,15,20,-0.2222222222222222,loss,False,11
169.0,2025-09-06,15,20,0.5,loss,False,12
,2023-12-09,16,16,,stable,,0
11.0,2023-12-20,16,16,,stable,,1
187.0,2024-06-24,16,17,0.0,increase,False,2
139.0,2024-11-10,16,17,4.0,stable,True,3
47.0,2024-12-27,16,17,4.0,stable,True,4
45.0,2025-02-10,16,18,9.0,loss,True,5
208.0,2025-09-06,16,18,-0.5,increase,False,6
,2025-03-27,17,19,,increase,,0
90.0,2025-06-25,17,19,,increase,,1
113.0,2025-10-16,17,19,1.0,increase,True,2
75.0,2025-12-30,17,19,1.0,increase,True,3
,2022-09-26,18,19,,increase,,0
94.0,2022-12-29,18,19,,increase,,1
183.0,2023-06-30,18,20,2.0,increase,True,2
105.0,2023-10-13,18,20,79.0,increase,True,3
70.0,2023-12-22,18,20,149.0,increase,True,4
197.0,2024-07-06,18,21,1.0,increase,False,5
127.0,2024-11-10,18,21,2.3333333333333335,stable,False,6
47.0,2024-12-27,18,21,2.3333333333333335,stable,False,7
45.0,2025-02-10,18,22,1.0,stable,False,8
208.0,2025-09-06,18,22,-0.16666666666666666,increase,False,9
,2015-03-17,19,16,,stable,,0
181.0,2015-09-14,19,17,0.16666666666666666,increase,False,1
182.0,2016-03-14,19,17,0.7142857142857143,stable,False,2
184.0,2016-09-14,19,18,0.16666666666666666,increase,False,3
180.0,2017-03-13,19,18,0.35714285714285715,increase,False,4
224.0,2017-10-23,19,19,0.5789473684210527,increase,False,5
146.0,2018-03-18,19,19,2.6842105263157894,increase,False,6
191.0,2018-09-25,19,20,0.8571428571428571,increase,False,7
356.0,2019-09-16,19,21,3.6153846153846154,stable,False,8
48.0,2019-11-03,19,20,1.3076923076923077,increase,False,9
54.0,2019-12-27,19,21,4.384615384615385,stable,False,10
221.0,2020-08-04,19,21,-0.1,increase,True,11
114.0,2020-11-26,19,22,-0.05714285714285714,increase,True,12
186.0,2021-05-31,19,23,0.36363636363636365,stable,False,13
45.0,2021-07-15,19,23,0.5151515151515151,stable,False,14
79.0,2021-10-02,19,22,0.15151515151515152,stable,False,15
81.0,2021-12-22,19,23,0.1111111111111111,stable,False,16
92.0,2022-03-24,19,23,-0.1,stable,False,17
166.0,2022-09-06,19,24,-0.2,stable,False,18
5.0,2022-09-11,19,24,-0.2,stable,False,19
284.0,2023-06-22,19,25,0.0,increase,False,20
118.0,2023-10-18,19,25,0.25,stable,False,21
57.0,2023-12-14,19,25,0.25,stable,False,22
167.0,2024-05-29,19,26,0.0,stable,False,23
50.0,2024-07-18,19,26,0.2,stable,False,24
162.0,2024-12-27,19,26,0.2,stable,True,25
253.0,2025-09-06,19,27,0.0,stable,False,26
,2019-10-12,20,18,,increase,,0
292.0,2020-07-30,20,19,2.3333333333333335,stable,False,1
5.0,2020-08-04,20,19,-0.13333333333333333,increase,False,2
70.0,2020-10-13,20,19,2.3333333333333335,stable,False,3
355.0,2021-10-03,20,20,0.0,increase,True,4
81.0,2021-12-23,20,20,0.6,increase,False,5
78.0,2022-03-11,20,21,7.0,stable,False,6
18.0,2022-03-29,20,21,2.2,increase,False,7
78.0,2022-06-15,20,21,3.0,increase,True,8
92.0,2022-09-15,20,21,0.0,stable,False,9
278.0,2023-06-20,20,22,-0.125,increase,True,10
82.0,2023-09-10,20,22,0.125,increase,True,11
88.0,2023-12-07,20,22,-0.05,increase,True,12
12.0,2023-12-19,20,22,0.42857142857142855,stable,False,13
160.0,2024-05-27,20,23,0.3333333333333333,stable,False,14
203.0,2024-12-16,20,23,0.0,stable,False,15
92.0,2025-03-18,20,24,0.08333333333333333,stable,False,16
73.0,2025-05-30,20,24,0.08333333333333333,stable,False,17
105.0,2025-09-12,20,24,0.0,increase,False,18
,2016-03-14,21,19,,increase,,0
231.0,2016-10-31,21,19,3.0,increase,True,1
114.0,2017-02-22,21,20,7.0,increase,True,2
109.0,2017-06-11,21,20,3.0,increase,False,3
15.0,2017-06-26,21,20,1.0,increase,False,4
352.0,2018-06-13,21,21,2.25,increase,False,5
19.0,2018-07-02,21,21,2.0,increase,False,6
369.0,2019-07-06,21,22,0.3333333333333333,increase,True,7
83.0,2019-09-27,21,22,1.3333333333333333,stable,True,8
35.0,2019-11-01,21,22,0.08333333333333333,increase,True,9
48.0,2019-12-19,21,23,1.8333333333333333,stable,True,10
85.0,2020-03-13,21,23,1.5,stable,True,11
144.0,2020-08-04,21,23,-0.058823529411764705,increase,False,12
70.0,2020-10-13,21,23,-0.1,increase,True,13
156.0,2021-03-18,21,24,0.5625,increase,True,14
53.0,2021-05-10,21,24,0.7777777777777778,increase,False,15
88.0,2021-08-06,21,24,0.6666666666666666,increase,False,16
139.0,2021-12-23,21,25,0.25,increase,False,17
96.0,2022-03-29,21,25,0.5,increase,False,18
78.0,2022-06-15,21,25,0.5,increase,False,19
26.0,2022-07-11,21,25,0.25,stable,True,20
74.0,2022-09-23,21,25,0.25,stable,True,21
263.0,2023-06-13,21,26,0.2,stable,False,22
192.0,2023-12-22,21,27,-0.16666666666666666,stable,False,23
197.0,2024-07-06,21,27,0.0,increase,False,24
127.0,2024-11-10,21,27,0.2,increase,False,25
47.0,2024-12-27,21,28,0.6,stable,False,26
253.0,2025-09-06,21,28,0.125,loss,False,27
,2024-06-20,22,16,,increase,,0
183.0,2024-12-20,22,16,0.5,increase,False,1
125.0,2025-04-24,22,17,2.0,increase,False,2
174.0,2025-10-15,22,17,4.333333333333333,stable,False,3
,2023-08-21,23,16,,increase,,0
53.0,2023-10-13,23,16,,increase,,1
70.0,2023-12-22,23,16,,increase,,2
90.0,2024-03-21,23,16,2.0,increase,False,3
107.0,2024-07-06,23,16,0.5,increase,False,4
12.0,2024-07-18,23,17,1.0,increase,False,5
115.0,2024-11-10,23,17,1.0,increase,False,6
47.0,2024-12-27,23,17,1.4,stable,False,7
253.0,2025-09-06,23,17,0.1111111111111111,stable,False,8
97.0,2025-12-12,23,18,0.1111111111111111,stable,False,9
,2018-01-12,24,16,,stable,,0
26.0,2018-02-07,24,16,,stable,,1
333.0,2019-01-06,24,17,0.0,increase,False,2
65.0,2019-03-12,24,17,4.0,stable,False,3
498.0,2020-07-22,24,18,0.2,stable,True,4
13.0,2020-08-04,24,18,-0.10666666666666667,increase,True,5
139.0,2020-12-21,24,18,0.2,increase,True,6
47.0,2021-02-06,24,19,0.4925373134328358,increase,False,7
123.0,2021-06-09,24,19,1.9850746268656716,increase,False,8
190.0,2021-12-16,24,19,0.75,stable,False,9
162.0,2022-05-27,24,20,0.75,stable,False,10
107.0,2022-09-11,24,20,0.0,stable,True,11
284.0,2023-06-22,24,21,0.14285714285714285,loss,False,12
118.0,2023-10-18,24,21,0.0,stable,False,13
57.0,2023-12-14,24,21,-0.2,increase,False,14
167.0,2024-05-29,24,22,-0.2,increase,False,15
104.0,2024-09-10,24,22,0.25,stable,False,16
101.0,2024-12-20,24,22,0.25,increase,False,17
97.0,2025-03-27,24,23,0.14285714285714285,increase,False,18
40.0,2025-05-06,24,23,0.2857142857142857,increase,False,19
161.0,2025-10-14,24,23,0.5,loss,False,20
,2021-12-28,25,16,,increase,,0
174.0,2022-06-20,25,16,,increase,,1
185.0,2022-12-22,25,17,0.3333333333333333,stable,True,2
186.0,2023-06-26,25,17,0.0,increase,False,3
85.0,2023-09-19,25,17,1.0,increase,False,4
93.0,2023-12-21,25,18,3.5,stable,False,5
266.0,2024-09-12,25,19,0.0,stable,False,6
24.0,2024-10-06,25,18,0.0,stable,False,7
127.0,2025-02-10,25,19,0.1111111111111111,stable,True,8
126.0,2025-06-16,25,19,-0.16666666666666666,increase,False,9
,2015-05-31,26,18,,increase,,0
162.0,2015-11-09,26,18,,increase,,1
36.0,2015-12-15,26,18,4.333333333333333,increase,False,2
164.0,2016-05-27,26,19,3.0,increase,False,3
57.0,2016-07-23,26,19,3.0,increase,False,4
212.0,2017-02-20,26,19,0.5625,increase,True,5
128.0,2017-06-28,26,20,0.875,increase,True,6
117.0,2017-10-23,26,20,0.8,increase,False,7
101.0,2018-02-01,26,20,1.3333333333333333,stable,False,8
116.0,2018-05-28,26,21,0.7777777777777778,stable,False,9
205.0,2018-12-19,26,21,-0.125,stable,False,10
176.0,2019-06-13,26,22,-0.125,stable,False,11
121.0,2019-10-12,26,22,0.0,stable,False,12
297.0,2020-08-04,26,23,-0.2,stable,False,13
70.0,2020-10-13,26,23,-0.14285714285714285,stable,False,14
156.0,2021-03-18,26,23,0.07142857142857142,stable,False,15
141.0,2021-08-06,26,24,0.0,increase,False,16
139.0,2021-12-23,26,24,0.0,stable,False,17
78.0,2022-03-11,26,25,0.25,stable,True,18
18.0,2022-03-29,26,24,-0.16666666666666666,increase,False,19
78.0,2022-06-15,26,25,-0.16666666666666666,increase,False,20
92.0,2022-09-15,26,25,-0.13333333333333333,stable,False,21
278.0,2023-06-20,26,26,0.15384615384615385,stable,False,22
182.0,2023-12-19,26,26,-0.06666666666666667,loss,False,23
22.0,2024-01-10,26,27,-0.26666666666666666,stable,False,24
138.0,2024-05-27,26,27,-0.13333333333333333,loss,False,25
203.0,2024-12-16,26,27,-0.3076923076923077,loss,False,26
92.0,2025-03-18,26,27,-0.38461538461538464,loss,False,27
73.0,2025-05-30,26,28,-0.5076923076923077,loss,False,28
,2025-01-12,27,17,,increase,,0
,2015-02-03,28,16,,increase,,0
97.0,2015-05-11,28,16,,increase,,1
37.0,2015-06-17,28,16,,increase,,2
201.0,2016-01-04,28,17,15.0,increase,True,3
88.0,2016-04-01,28,16,9.0,increase,True,4
105.0,2016-07-15,28,17,0.25,increase,False,5
91.0,2016-10-14,28,17,2.0,increase,False,6
110.0,2017-02-01,28,17,1.0,increase,False,7
186.0,2017-08-06,28,18,0.25,increase,False,8
145.0,2017-12-29,28,18,1.0,stable,False,9
189.0,2018-07-06,28,19,0.0,increase,False,10
167.0,2018-12-20,28,19,0.0,increase,False,11
14.0,2019-01-03,28,20,0.25,stable,False,12
154.0,2019-06-06,28,20,0.375,stable,False,13
189.0,2019-12-12,28,20,0.0,stable,False,14
236.0,2020-08-04,28,21,-0.1,increase,False,15
21.0,2020-08-25,28,21,0.09090909090909091,stable,False,16
126.0,2020-12-29,28,21,0.09090909090909091,stable,False,17
147.0,2021-05-25,28,22,0.0,stable,False,18
51.0,2021-07-15,28,22,0.08333333333333333,loss,True,19
154.0,2021-12-16,28,22,0.08333333333333333,loss,True,20
57.0,2022-02-11,28,23,-0.23076923076923078,stable,False,21
108.0,2022-05-30,28,23,-0.23076923076923078,stable,False,22
393.0,2023-06-27,28,24,-0.1,stable,False,23
174.0,2023-12-18,28,24,-0.2,stable,False,24
79.0,2024-03-06,28,25,-0.1111111111111111,stable,False,25
220.0,2024-10-12,28,25,-0.125,increase,False,26
145.0,2025-03-06,28,26,0.0,stable,False,27
,2012-12-26,29,20,,increase,,0
186.0,2013-06-30,29,21,4.0,increase,False,1
396.0,2014-07-31,29,22,3.0,increase,True,2
63.0,2014-10-02,29,21,0.6,increase,False,3
97.0,2015-01-07,29,23,9.0,loss,True,4
16.0,2015-01-23,29,22,5.0,stable,True,5
224.0,2015-09-04,29,22,0.16666666666666666,increase,False,6
171.0,2016-02-22,29,23,1.0,increase,False,7
144.0,2016-07-15,29,24,1.2857142857142858,increase,True,8
193.0,2017-01-24,29,24,0.25,stable,True,9
102.0,2017-05-06,29,25,0.75,loss,True,10
240.0,2018-01-01,29,25,-0.2857142857142857,loss,False,11
149.0,2018-05-30,29,26,-0.2857142857142857,loss,False,12
154.0,2018-10-31,29,26,-0.4,increase,False,13
51.0,2018-12-21,29,26,-0.5,increase,False,14
69.0,2019-02-28,29,26,-0.25,increase,False,15
251.0,2019-11-06,29,27,0.3333333333333333,stable,False,16
43.0,2019-12-19,29,27,0.3333333333333333,stable,True,17
229.0,2020-08-04,29,27,-0.2,loss,False,18
6.0,2020-08-10,29,28,-0.5,stable,True,19
264.0,2021-05-01,29,28,-0.2,increase,False,20
158.0,2021-10-06,29,29,-0.2,increase,False,21
85.0,2021-12-30,29,29,0.5,increase,False,22
66.0,2022-03-06,29,30,0.5,increase,False,23
127.0,2022-07-11,29,30,0.6666666666666666,stable,False,24
347.0,2023-06-23,29,31,0.0,loss,True,25
175.0,2023-12-15,29,31,-0.2,loss,True,26
94.0,2024-03-18,29,31,-0.4,stable,False,27
74.0,2024-05-31,29,32,-0.5,increase,False,28
134.0,2024-10-12,29,32,-0.16666666666666666,increase,True,29
145.0,2025-03-06,29,33,0.6,stable,True,30
18.0,2025-03-24,29,32,0.6,stable,True,31
,2014-08-19,30,22,,increase,,0
189.0,2015-02-24,30,22,0.6666666666666666,increase,False,1
212.0,2015-09-24,30,23,5.0,stable,False,2
107.0,2016-01-09,30,24,5.0,stable,False,3
102.0,2016-04-20,30,23,0.0,stable,False,4
313.0,2017-02-27,30,24,0.0,stable,False,5
203.0,2017-09-18,30,25,0.0,increase,False,6
162.0,2018-02-27,30,25,0.3333333333333333,increase,False,7
167.0,2018-08-13,30,26,1.0,increase,False,8
65.0,2018-10-17,30,26,1.0,stable,False,9
63.0,2018-12-19,30,26,1.0,stable,False,10
176.0,2019-06-13,30,27,0.0,loss,False,11
126.0,2019-10-17,30,27,-0.125,loss,False,12
133.0,2020-02-27,30,27,-0.5,stable,False,13
159.0,2020-08-04,30,27,-0.5428571428571428,increase,False,14
72.0,2020-10-15,30,28,0.0,increase,True,15
295.0,2021-08-06,30,29,0.25,stable,True,16
58.0,2021-10-03,30,28,0.25,stable,False,17
81.0,2021-12-23,30,29,0.25,loss,True,18
78.0,2022-03-11,30,30,-0.2,loss,True,19
96.0,2022-06-15,30,30,-0.2,loss,True,20
370.0,2023-06-20,30,31,-0.25,loss,False,21
182.0,2023-12-19,30,31,-0.3333333333333333,stable,False,22
160.0,2024-05-27,30,32,-0.3333333333333333,stable,False,23
203.0,2024-12-16,30,32,-0.2,loss,False,24
165.0,2025-05-30,30,33,-0.4,loss,False,25
,2019-10-12,31,19,,increase,,0
138.0,2020-02-27,31,19,,increase,,1
159.0,2020-08-04,31,19,0.8,increase,True,2
72.0,2020-10-15,31,20,0.8333333333333334,increase,False,3
207.0,2021-05-10,31,21,2.6363636363636362,stable,True,4
88.0,2021-08-06,31,20,0.8181818181818182,increase,True,5
58.0,2021-10-03,31,20,0.09090909090909091,increase,False,6
81.0,2021-12-23,31,21,0.1,increase,False,7
78.0,2022-03-11,31,22,2.5,stable,True,8
18.0,2022-03-29,31,21,2.0,stable,True,9
78.0,2022-06-15,31,21,4.333333333333333,stable,True,10
370.0,2023-06-20,31,22,0.09375,stable,False,11
182.0,2023-12-19,31,23,0.08571428571428572,stable,False,12
22.0,2024-01-10,31,24,0.2857142857142857,stable,False,13
138.0,2024-05-27,31,23,0.08571428571428572,stable,False,14
203.0,2024-12-16,31,24,0.18421052631578946,increase,False,15
165.0,2025-05-30,31,24,0.18421052631578946,increase,False,16
105.0,2025-09-12,31,25,0.2222222222222222,stable,False,17
35.0,2025-10-17,31,25,0.1111111111111111,increase,False,18
140.0,2026-03-06,31,25,0.5555555555555556,stable,True,19
,2019-09-16,32,17,,increase,,0
102.0,2019-12-27,32,17,,increase,,1
213.0,2020-07-27,32,18,3.0,increase,False,2
8.0,2020-08-04,32,18,-0.13333333333333333,increase,False,3
146.0,2020-12-28,32,18,9.666666666666666,increase,False,4
151.0,2021-05-28,32,19,13.615384615384615,increase,False,5
208.0,2021-12-22,32,19,0.3157894736842105,increase,True,6
92.0,2022-03-24,32,20,0.5789473684210527,increase,True,7
166.0,2022-09-06,32,20,0.4,increase,False,8
5.0,2022-09-11,32,20,1.4,increase,False,9
10.0,2022-09-21,32,20,1.0,increase,False,10
93.0,2022-12-23,32,20,1.5,stable,False,11
181.0,2023-06-22,32,21,0.0,stable,False,12
80.0,2023-09-10,32,21,0.06666666666666667,stable,True,13
100.0,2023-12-19,32,21,0.06666666666666667,stable,True,14
86.0,2024-03-14,32,22,-0.0625,stable,False,15
74.0,2024-05-27,32,22,-0.0625,stable,False,16
203.0,2024-12-16,32,22,0.0,stable,False,17
165.0,2025-05-30,32,23,0.0,stable,False,18
,2015-07-31,33,18,,increase,,0
227.0,2016-03-14,33,18,13.0,increase,False,1
200.0,2016-09-30,33,19,1.2857142857142858,increase,False,2
254.0,2017-06-11,33,20,2.125,increase,True,3
19.0,2017-06-30,33,20,0.25,increase,False,4
40.0,2017-08-09,33,20,0.25,increase,True,5
155.0,2018-01-11,33,21,27.0,stable,True,6
95.0,2018-04-16,33,20,13.0,increase,False,7
58.0,2018-06-13,33,21,21.0,increase,False,8
19.0,2018-07-02,33,20,6.0,increase,False,9
369.0,2019-07-06,33,22,3.5714285714285716,stable,False,10
118.0,2019-11-01,33,21,3.0,stable,False,11
59.0,2019-12-30,33,22,4.428571428571429,stable,False,12
218.0,2020-08-04,33,22,-0.19736842105263158,increase,False,13
13.0,2020-08-17,33,23,-0.07894736842105263,increase,False,14
57.0,2020-10-13,33,23,0.3157894736842105,increase,True,15
65.0,2020-12-17,33,23,0.5789473684210527,increase,True,16
20.0,2021-01-06,33,24,0.9736842105263158,stable,True,17
71.0,2021-03-18,33,23,1.0,stable,True,18
280.0,2021-12-23,33,24,0.07142857142857142,stable,False,19
78.0,2022-03-11,33,25,0.07142857142857142,stable,False,20
96.0,2022-06-15,33,25,0.07142857142857142,stable,False,21
370.0,2023-06-20,33,26,0.06666666666666667,stable,False,22
182.0,2023-12-19,33,26,0.0,stable,False,23
160.0,2024-05-27,33,27,0.0,stable,False,24
203.0,2024-12-16,33,27,-0.0625,stable,False,25
92.0,2025-03-18,33,27,-0.125,stable,False,26
73.0,2025-05-30,33,28,-0.1875,stable,False,27
,2022-06-17,34,18,,increase,,0
166.0,2022-11-30,34,18,,increase,,1
320.0,2023-10-16,34,19,1.6666666666666667,increase,True,2
22.0,2023-11-07,34,19,0.3333333333333333,increase,False,3
41.0,2023-12-18,34,19,4.0,increase,True,4
65.0,2024-02-21,34,19,5.666666666666667,increase,True,5
14.0,2024-03-06,34,20,7.333333333333333,increase,True,6
126.0,2024-07-10,34,20,2.3333333333333335,increase,False,7
94.0,2024-10-12,34,20,3.8,increase,False,8
157.0,2025-03-18,34,21,6.0,increase,True,9
73.0,2025-05-30,34,21,1.9166666666666667,increase,True,10
,2024-09-12,35,18,,increase,,0
15.0,2024-09-27,35,18,,increase,,1
172.0,2025-03-18,35,19,1.1428571428571428,stable,True,2
73.0,2025-05-30,35,19,2.0,stable,True,3
,2025-03-18,36,19,,increase,,0
73.0,2025-05-30,36,20,,increase,,1
105.0,2025-09-12,36,20,,increase,,2
35.0,2025-10-17,36,20,3.2857142857142856,increase,False,3
140.0,2026-03-06,36,21,2.888888888888889,loss,False,4
,2018-06-09,37,17,,stable,,0
191.0,2018-12-17,37,17,0.0,increase,False,1
79.0,2019-03-06,37,17,2.3333333333333335,increase,False,2
205.0,2019-09-27,37,18,11.0,increase,False,3
83.0,2019-12-19,37,18,23.0,increase,False,4
80.0,2020-03-08,37,19,39.0,stable,False,5
149.0,2020-08-04,37,18,0.2916666666666667,increase,False,6
70.0,2020-10-13,37,19,0.0,stable,True,7
20.0,2020-11-02,37,18,-0.15,stable,False,8
136.0,2021-03-18,37,19,0.2903225806451613,loss,True,9
141.0,2021-08-06,37,20,0.058823529411764705,increase,True,10
139.0,2021-12-23,37,20,-0.25,increase,False,11
78.0,2022-03-11,37,21,0.2222222222222222,stable,False,12
96.0,2022-06-15,37,21,0.1111111111111111,stable,False,13
92.0,2022-09-15,37,21,0.0,stable,False,14
278.0,2023-06-20,37,22,0.0,increase,False,15
82.0,2023-09-10,37,22,0.13636363636363635,increase,False,16
100.0,2023-12-19,37,22,0.2727272727272727,increase,False,17
86.0,2024-03-14,37,22,0.28,stable,False,18
74.0,2024-05-27,37,22,0.4,stable,False,19
203.0,2024-12-16,37,23,0.0,stable,False,20
165.0,2025-05-30,37,23,0.0,stable,False,21
,2021-05-10,38,18,,increase,,0
305.0,2022-03-11,38,19,2.3333333333333335,increase,True,1
96.0,2022-06-15,38,19,0.3333333333333333,increase,False,2
205.0,2023-01-06,38,20,2.75,increase,True,3
346.0,2023-12-18,38,20,0.3333333333333333,increase,True,4
158.0,2024-05-24,38,21,1.6666666666666667,stable,True,5
40.0,2024-07-03,38,21,1.0,stable,True,6
166.0,2024-12-16,38,21,0.0,loss,True,7
162.0,2025-05-27,38,22,0.0,loss,True,8
77.0,2025-08-12,38,22,-0.25,stable,True,9
,2020-08-17,39,21,,increase,,0
164.0,2021-01-28,39,22,,increase,,1
113.0,2021-05-21,39,22,0.6666666666666666,increase,False,2
123.0,2021-09-21,39,23,1.0,increase,False,3
97.0,2021-12-27,39,23,3.4,increase,False,4
74.0,2022-03-11,39,24,8.0,stable,True,5
81.0,2022-05-31,39,23,2.5,increase,False,6
107.0,2022-09-15,39,24,0.0,stable,False,7
18.0,2022-10-03,39,23,-0.3333333333333333,increase,True,8
260.0,2023-06-20,39,24,0.5,increase,True,9
82.0,2023-09-10,39,25,0.8333333333333334,stable,True,10
100.0,2023-12-19,39,25,0.2222222222222222,loss,True,11
22.0,2024-01-10,39,26,-0.1111111111111111,stable,True,12
64.0,2024-03-14,39,25,-0.09090909090909091,stable,False,13
74.0,2024-05-27,39,25,-0.09090909090909091,stable,False,14
203.0,2024-12-16,39,26,-0.2,stable,False,15
92.0,2025-03-18,39,26,-0.3,increase,False,16
73.0,2025-05-30,39,26,-0.3,increase,False,17
105.0,2025-09-12,39,27,-0.05,stable,False,18
175.0,2026-03-06,39,27,0.42857142857142855,stable,False,19
,2022-03-11,40,17,,increase,,0
370.0,2023-03-16,40,18,14.0,increase,False,1
96.0,2023-06-20,40,18,19.0,increase,False,2
182.0,2023-12-19,40,19,0.9,stable,False,3
22.0,2024-01-10,40,19,1.0,stable,False,4
138.0,2024-05-27,40,19,0.9,stable,False,5
203.0,2024-12-16,40,20,0.05263157894736842,stable,False,6
165.0,2025-05-30,40,20,0.05263157894736842,loss,False,7
105.0,2025-09-12,40,21,-0.125,stable,False,8
175.0,2026-03-06,40,21,-0.3,stable,False,9
,2023-12-18,41,16,,increase,,0
79.0,2024-03-06,41,16,,increase,,1
126.0,2024-07-10,41,17,1.0,increase,False,2
94.0,2024-10-12,41,17,3.1666666666666665,stable,False,3
145.0,2025-03-06,41,17,1.8,stable,False,4
18.0,2025-03-24,41,17,2.0,stable,False,5
200.0,2025-10-10,41,18,0.0,increase,False,6
66.0,2025-12-15,41,18,0.3333333333333333,increase,False,7
22.0,2026-01-06,41,18,0.6666666666666666,increase,False,8
,2021-03-17,42,18,,increase,,0
359.0,2022-03-11,42,19,16.5,loss,True,1
188.0,2022-09-15,42,19,-0.5714285714285714,increase,False,2
278.0,2023-06-20,42,20,4.333333333333333,increase,False,3
82.0,2023-09-10,42,20,7.666666666666667,stable,False,4
100.0,2023-12-19,42,21,0.625,increase,False,5
22.0,2024-01-10,42,21,1.75,stable,True,6
138.0,2024-05-27,42,21,0.15384615384615385,increase,False,7
203.0,2024-12-16,42,22,0.6,increase,True,8
92.0,2025-03-18,42,22,1.0,increase,True,9
73.0,2025-05-30,42,22,1.1333333333333333,increase,True,10
105.0,2025-09-12,42,23,1.5,increase,False,11
35.0,2025-10-17,42,22,0.5,increase,False,12
,2021-08-02,43,20,,increase,,0
79.0,2021-10-20,43,20,,increase,,1
17.0,2021-11-06,43,20,,increase,,2
66.0,2022-01-11,43,21,,loss,,3
133.0,2022-05-24,43,21,2.0,increase,True,4
70.0,2022-08-02,43,21,-0.8142857142857143,increase,True,5
45.0,2022-09-16,43,21,-0.42857142857142855,increase,False,6
98.0,2022-12-23,43,21,2.6666666666666665,increase,True,7
83.0,2023-03-16,43,22,3.25,stable,True,8
96.0,2023-06-20,43,22,3.0,stable,True,9
182.0,2023-12-19,43,22,0.0,stable,False,10
160.0,2024-05-27,43,23,-0.0625,stable,False,11
203.0,2024-12-16,43,23,0.0,stable,False,12
165.0,2025-05-30,43,24,0.0,stable,False,13
105.0,2025-09-12,43,24,0.13333333333333333,stable,False,14
35.0,2025-10-17,43,24,0.06666666666666667,increase,False,15
140.0,2026-03-06,43,25,0.2,stable,False,16
,2011-02-13,44,16,,increase,,0
197.0,2011-08-29,44,17,2.0,increase,False,1
184.0,2012-02-29,44,17,1.0,stable,False,2
214.0,2012-09-30,44,18,0.0,increase,False,3
262.0,2013-06-19,44,19,4.0,stable,True,4
166.0,2013-12-02,44,18,3.0,increase,True,5
211.0,2014-07-01,44,19,0.25,increase,False,6
41.0,2014-08-11,44,20,0.8333333333333334,stable,False,7
88.0,2014-11-07,44,20,0.5833333333333334,stable,False,8
61.0,2015-01-07,44,21,0.4666666666666667,stable,False,9
175.0,2015-07-01,44,20,0.15789473684210525,stable,False,10
55.0,2015-08-25,44,21,0.13636363636363635,stable,True,11
89.0,2015-11-22,44,21,-0.09090909090909091,stable,True,12
45.0,2016-01-06,44,22,-0.09090909090909091,stable,True,13
47.0,2016-02-22,44,21,-0.2,increase,False,14
144.0,2016-07-15,44,22,0.0,increase,False,15
193.0,2017-01-24,44,22,0.25,stable,False,16
102.0,2017-05-06,44,23,0.25,stable,False,17
240.0,2018-01-01,44,23,0.0,increase,False,18
80.0,2018-03-22,44,23,0.2,stable,False,19
69.0,2018-05-30,44,24,0.2,stable,False,20
203.0,2018-12-19,44,24,0.16666666666666666,increase,True,21
176.0,2019-06-13,44,25,0.16666666666666666,stable,True,22
121.0,2019-10-12,44,25,0.2857142857142857,stable,False,23
292.0,2020-07-30,44,26,-0.1111111111111111,stable,False,24
5.0,2020-08-04,44,25,-0.2,increase,False,25
70.0,2020-10-13,44,26,0.0,stable,False,26
156.0,2021-03-18,44,26,0.25,stable,False,27
71.0,2021-05-28,44,27,0.0,stable,False,28
209.0,2021-12-23,44,27,0.0,stable,False,29
78.0,2022-03-11,44,28,-0.1111111111111111,stable,False,30
96.0,2022-06-15,44,28,-0.06666666666666667,stable,False,31
370.0,2023-06-20,44,29,-0.09523809523809523,stable,False,32
182.0,2023-12-19,44,29,0.0,loss,True,33
86.0,2024-03-14,44,29,-0.21052631578947367,stable,True,34
74.0,2024-05-27,44,30,-0.21052631578947367,stable,True,35
203.0,2024-12-16,44,30,-0.06666666666666667,loss,False,36
92.0,2025-03-18,44,30,-0.16666666666666666,loss,False,37
73.0,2025-05-30,44,31,-0.3333333333333333,loss,False,38
105.0,2025-09-12,44,31,-0.4642857142857143,stable,False,39
175.0,2026-03-06,44,32,-0.5,stable,False,40
,2019-12-19,45,16,,increase,,0
85.0,2020-03-13,45,16,,increase,,1
144.0,2020-08-04,45,16,1.25,increase,True,2
72.0,2020-10-15,45,17,0.25,stable,False,3
173.0,2021-04-06,45,17,0.5,loss,False,4
126.0,2021-08-10,45,18,-0.08,loss,False,5
128.0,2021-12-16,45,18,-0.25925925925925924,increase,False,6
57.0,2022-02-11,45,19,-0.21739130434782608,increase,False,7
108.0,2022-05-30,45,18,-0.21739130434782608,increase,False,8
301.0,2023-03-27,45,19,0.5,stable,False,9
92.0,2023-06-27,45,19,0.6666666666666666,stable,False,10
174.0,2023-12-18,45,20,-0.07407407407407407,stable,False,11
79.0,2024-03-06,45,20,-0.16666666666666666,stable,False,12
126.0,2024-07-10,45,21,-0.2,increase,False,13
94.0,2024-10-12,45,21,0.2,increase,False,14
145.0,2025-03-06,45,21,1.25,stable,False,15
18.0,2025-03-24,45,21,0.75,increase,False,16
172.0,2025-09-12,45,22,0.1111111111111111,increase,True,17
175.0,2026-03-06,45,22,1.5714285714285714,loss,True,18
,2018-02-01,46,17,,increase,,0
116.0,2018-05-28,46,18,,increase,,1
142.0,2018-10-17,46,18,2.0,increase,False,2
63.0,2018-12-19,46,18,1.8571428571428572,increase,False,3
135.0,2019-05-03,46,18,0.6666666666666666,stable,False,4
41.0,2019-06-13,46,19,0.6666666666666666,increase,False,5
121.0,2019-10-12,46,19,0.5,increase,False,6
58.0,2019-12-09,46,19,0.2,increase,False,7
234.0,2020-07-30,46,20,0.3333333333333333,increase,False,8
5.0,2020-08-04,46,19,-0.1,increase,False,9
70.0,2020-10-13,46,20,1.0,increase,False,10
156.0,2021-03-18,46,20,1.5925925925925926,increase,False,11
71.0,2021-05-28,46,21,0.3333333333333333,stable,False,12
209.0,2021-12-23,46,21,0.0625,increase,False,13
78.0,2022-03-11,46,22,0.375,stable,False,14
18.0,2022-03-29,46,21,0.125,increase,False,15
78.0,2022-06-15,46,22,0.125,increase,False,16
370.0,2023-06-20,46,23,0.2222222222222222,stable,False,17
182.0,2023-12-19,46,23,0.0,increase,False,18
86.0,2024-03-14,46,23,0.18181818181818182,stable,False,19
74.0,2024-05-27,46,23,0.36363636363636365,stable,False,20
203.0,2024-12-16,46,24,-0.06666666666666667,loss,False,21
92.0,2025-03-18,46,24,-0.13333333333333333,loss,False,22
73.0,2025-05-30,46,25,-0.3333333333333333,loss,False,23
,2018-12-27,47,16,,increase,,0
97.0,2019-04-03,47,16,,stable,,1
163.0,2019-09-13,47,17,4.0,increase,True,2
23.0,2019-10-06,47,17,0.0,increase,False,3
68.0,2019-12-13,47,17,2.0,increase,True,4
108.0,2020-03-30,47,17,1.0,increase,False,5
127.0,2020-08-04,47,17,0.5,increase,False,6
72.0,2020-10-15,47,18,1.0,stable,True,7
223.0,2021-05-26,47,18,0.1,stable,False,8
50.0,2021-07-15,47,19,0.3,loss,False,9
154.0,2021-12-16,47,19,0.13636363636363635,stable,False,10
57.0,2022-02-11,47,20,-0.3076923076923077,increase,False,11
40.0,2022-03-23,47,19,-0.15384615384615385,increase,False,12
68.0,2022-05-30,47,20,-0.23076923076923078,increase,False,13
393.0,2023-06-27,47,21,0.4,increase,False,14
75.0,2023-09-10,47,21,2.0,stable,True,15
100.0,2023-12-19,47,21,2.25,stable,True,16
160.0,2024-05-27,47,22,0.08333333333333333,stable,False,17
203.0,2024-12-16,47,22,-0.07692307692307693,stable,False,18
92.0,2025-03-18,47,22,-0.15384615384615385,stable,False,19
73.0,2025-05-30,47,23,-0.23076923076923078,increase,False,20
,2021-03-18,48,21,,increase,,0
251.0,2021-11-24,48,21,2.5,increase,True,1
170.0,2022-05-13,48,22,6.5,increase,True,2
124.0,2022-09-14,48,22,2.5714285714285716,increase,False,3
43.0,2022-10-27,48,22,4.0,increase,False,4
57.0,2022-12-23,48,22,3.6666666666666665,increase,False,5
14.0,2023-01-06,48,23,11.0,stable,False,6
77.0,2023-03-24,48,23,5.0,stable,False,7
269.0,2023-12-18,48,23,0.2,stable,True,8
79.0,2024-03-06,48,24,0.0,stable,True,9
285.0,2024-12-16,48,24,0.2,increase,True,10
92.0,2025-03-18,48,25,0.4666666666666667,increase,True,11
73.0,2025-05-30,48,25,0.4666666666666667,increase,True,12
105.0,2025-09-12,48,25,1.5,stable,False,13
35.0,2025-10-17,48,25,0.5909090909090909,increase,False,14
140.0,2026-03-06,48,26,1.5,stable,False,15
,2019-06-28,49,19,,stable,,0
403.0,2020-08-04,49,20,-0.1,increase,True,1
72.0,2020-10-15,49,20,0.0,increase,False,2
68.0,2020-12-22,49,20,1.6,stable,False,3
189.0,2021-06-29,49,21,0.15384615384615385,increase,False,4
96.0,2021-10-03,49,21,0.0,increase,False,5
52.0,2021-11-24,49,21,-0.07692307692307693,increase,False,6
170.0,2022-05-13,49,22,0.9230769230769231,increase,False,7
167.0,2022-10-27,49,22,1.5,increase,False,8
140.0,2023-03-16,49,23,2.6,stable,True,9
96.0,2023-06-20,49,23,2.0,stable,True,10
182.0,2023-12-19,49,23,0.1111111111111111,increase,False,11
22.0,2024-01-10,49,24,1.2222222222222223,increase,False,12
138.0,2024-05-27,49,24,0.1111111111111111,increase,False,13
203.0,2024-12-16,49,24,1.8,increase,False,14
92.0,2025-03-18,49,25,2.5,increase,False,15
73.0,2025-05-30,49,25,3.0,increase,False,16
105.0,2025-09-12,49,25,1.3214285714285714,stable,False,17
35.0,2025-10-17,49,25,0.5714285714285714,increase,False,18
140.0,2026-03-06,49,26,1.0,stable,True,19
,2025-03-28,50,20,,increase,,0
70.0,2025-06-06,50,21,,increase,,1
128.0,2025-10-12,50,21,9.0,increase,False,2
226.0,2026-05-26,50,22,1.0,loss,False,3
,2016-12-18,52,16,,increase,,0
370.0,2017-12-23,52,17,0.5,increase,True,1
290.0,2018-10-09,52,18,5.666666666666667,increase,False,2
82.0,2018-12-30,52,18,15.666666666666666,increase,False,3
66.0,2019-03-06,52,18,15.666666666666666,increase,True,4
3.0,2019-03-09,52,19,39.0,increase,True,5
124.0,2019-07-11,52,19,5.0,increase,True,6
158.0,2019-12-16,52,19,2.75,increase,False,7
232.0,2020-08-04,52,19,0.6,increase,True,8
43.0,2020-09-16,52,20,0.7777777777777778,increase,True,9
47.0,2020-11-02,52,19,0.3333333333333333,increase,True,10
1.0,2020-11-03,52,19,0.7777777777777778,increase,True,11
23.0,2020-11-26,52,20,1.2222222222222223,increase,True,12
226.0,2021-07-10,52,21,0.5,stable,False,13
58.0,2021-09-06,52,20,0.3,increase,False,14
26.0,2021-10-02,52,20,0.1,increase,False,15
81.0,2021-12-22,52,21,0.5,stable,False,16
79.0,2022-03-11,52,22,0.3076923076923077,stable,True,17
179.0,2022-09-06,52,21,0.0,stable,False,18
287.0,2023-06-20,52,22,0.2,stable,True,19
182.0,2023-12-19,52,23,0.0,stable,False,20
22.0,2024-01-10,52,24,0.1111111111111111,stable,False,21
138.0,2024-05-27,52,23,0.0,stable,False,22
203.0,2024-12-16,52,24,0.1111111111111111,stable,False,23
165.0,2025-05-30,52,24,0.0,stable,False,24
105.0,2025-09-12,52,25,0.0,stable,False,25
,2015-09-24,53,20,,stable,,0
107.0,2016-01-09,53,20,,stable,,1
102.0,2016-04-20,53,20,0.0,stable,False,2
313.0,2017-02-27,53,21,0.0,increase,False,3
574.0,2018-09-24,53,23,1.3333333333333333,increase,False,4
156.0,2019-02-27,53,23,5.666666666666667,increase,False,5
121.0,2019-06-28,53,23,3.2857142857142856,increase,False,6
111.0,2019-10-17,53,24,1.5,increase,True,7
133.0,2020-02-27,53,24,2.3333333333333335,increase,True,8
159.0,2020-08-04,53,24,0.6,increase,False,9
72.0,2020-10-15,53,25,0.4,increase,False,10
68.0,2020-12-22,53,25,0.8,increase,False,11
139.0,2021-05-10,53,26,1.5714285714285714,stable,False,12
51.0,2021-06-30,53,25,0.5555555555555556,increase,False,13
95.0,2021-10-03,53,25,0.3333333333333333,increase,False,14
81.0,2021-12-23,53,26,0.0,increase,False,15
78.0,2022-03-11,53,27,0.5714285714285714,stable,False,16
96.0,2022-06-15,53,26,0.8333333333333334,stable,False,17
274.0,2023-03-16,53,27,0.13636363636363635,increase,False,18
96.0,2023-06-20,53,27,0.36363636363636365,stable,False,19
82.0,2023-09-10,53,28,0.45454545454545453,stable,True,20
100.0,2023-12-19,53,28,0.16666666666666666,stable,True,21
160.0,2024-05-27,53,28,0.09375,stable,False,22
203.0,2024-12-16,53,29,0.14285714285714285,stable,False,23
165.0,2025-05-30,53,29,0.14285714285714285,loss,False,24
,2019-05-23,54,19,,stable,,0
70.0,2019-08-01,54,18,,increase,,1
210.0,2020-02-27,54,19,7.333333333333333,increase,True,2
159.0,2020-08-04,54,20,6.5,increase,True,3
70.0,2020-10-13,54,20,0.6,increase,False,4
65.0,2020-12-17,54,20,1.4,increase,False,5
91.0,2021-03-18,54,21,2.7777777777777777,stable,False,6
141.0,2021-08-06,54,21,0.6666666666666666,stable,False,7
139.0,2021-12-23,54,21,0.17647058823529413,stable,False,8
78.0,2022-03-11,54,22,0.1,stable,False,9
96.0,2022-06-15,54,22,0.0,stable,False,10
370.0,2023-06-20,54,23,0.0,stable,False,11
184.0,2023-12-21,54,23,-0.1,stable,False,12
155.0,2024-05-24,54,24,-0.1,stable,False,13
220.0,2024-12-30,54,24,-0.1111111111111111,loss,False,14
148.0,2025-05-27,54,25,-0.1111111111111111,loss,False,15
108.0,2025-09-12,54,25,-0.25,stable,False,16
35.0,2025-10-17,54,25,-0.125,loss,False,17
140.0,2026-03-06,54,26,-0.5,increase,False,18
,2012-08-25,55,17,,increase,,0
694.0,2014-07-20,55,19,1.0,stable,True,1
171.0,2015-01-07,55,20,1.0,stable,True,2
206.0,2015-08-01,55,20,0.0,increase,True,3
205.0,2016-02-22,55,21,0.5,increase,True,4
144.0,2016-07-15,55,21,0.5,increase,True,5
193.0,2017-01-24,55,22,1.0,increase,False,6
64.0,2017-03-29,55,22,2.3333333333333335,increase,False,7
38.0,2017-05-06,55,22,4.333333333333333,increase,False,8
240.0,2018-01-01,55,23,1.5,increase,False,9
149.0,2018-05-30,55,23,1.5,increase,False,10
75.0,2018-08-13,55,23,1.0,increase,True,11
65.0,2018-10-17,55,24,1.5,stable,True,12
63.0,2018-12-19,55,24,1.75,stable,True,13
176.0,2019-06-13,55,24,0.2,loss,False,14
121.0,2019-10-12,55,25,0.09090909090909091,loss,False,15
292.0,2020-07-30,55,25,-0.5333333333333333,loss,False,16
5.0,2020-08-04,55,25,-0.4666666666666667,loss,False,17
30.0,2020-09-03,55,25,-0.3333333333333333,loss,False,18
40.0,2020-10-13,55,26,-0.7,loss,False,19
65.0,2020-12-17,55,26,-0.75,stable,False,20
91.0,2021-03-18,55,26,-0.675,loss,False,21
141.0,2021-08-06,55,26,-0.13333333333333333,stable,False,22
139.0,2021-12-23,55,27,-0.23076923076923078,increase,False,23
78.0,2022-03-11,55,28,0.15384615384615385,stable,False,24
96.0,2022-06-15,55,27,-0.23076923076923078,increase,False,25
370.0,2023-06-20,55,28,0.8,stable,False,26
185.0,2023-12-22,55,29,0.1111111111111111,loss,True,27
90.0,2024-03-21,55,29,-0.3333333333333333,stable,True,28
107.0,2024-07-06,55,29,-0.4,stable,False,29
163.0,2024-12-16,55,30,-0.08333333333333333,loss,True,30
165.0,2025-05-30,55,30,-0.16666666666666666,loss,True,31
,2018-10-24,56,17,,increase,,0
54.0,2018-12-17,56,17,,increase,,1
79.0,2019-03-06,56,18,,increase,,2
205.0,2019-09-27,56,18,1.0833333333333333,stable,False,3
83.0,2019-12-19,56,18,1.0833333333333333,stable,False,4
229.0,2020-08-04,56,19,-0.1,stable,False,5
70.0,2020-10-13,56,19,-0.1,stable,True,6
65.0,2020-12-17,56,19,-0.32,increase,True,7
110.0,2021-04-06,56,20,-0.2,increase,True,8
254.0,2021-12-16,56,20,0.3333333333333333,increase,True,9
85.0,2022-03-11,56,21,1.7777777777777777,stable,True,10
80.0,2022-05-30,56,21,0.6666666666666666,increase,True,11
108.0,2022-09-15,56,21,-0.2,increase,False,12
182.0,2023-03-16,56,21,0.375,increase,False,13
96.0,2023-06-20,56,22,0.625,stable,False,14
82.0,2023-09-10,56,22,0.75,stable,False,15
100.0,2023-12-19,56,22,0.15384615384615385,stable,False,16
86.0,2024-03-14,56,22,0.14285714285714285,stable,False,17
74.0,2024-05-27,56,23,0.14285714285714285,stable,False,18
203.0,2024-12-16,56,23,0.0,stable,False,19
165.0,2025-05-30,56,24,0.0,increase,False,20
,2016-05-27,57,18,,increase,,0
57.0,2016-07-23,57,18,,increase,,1
167.0,2017-01-06,57,19,3.8,stable,True,2
383.0,2018-01-24,57,20,0.0,stable,True,3
327.0,2018-12-17,57,20,0.0,increase,True,4
79.0,2019-03-06,57,21,5.666666666666667,increase,True,5
119.0,2019-07-03,57,21,1.5,increase,False,6
86.0,2019-09-27,57,21,1.5,increase,False,7
83.0,2019-12-19,57,22,2.75,stable,False,8
80.0,2020-03-08,57,22,12.333333333333334,increase,False,9
5.0,2020-03-13,57,22,13.666666666666666,increase,False,10
144.0,2020-08-04,57,22,0.16666666666666666,increase,False,11
70.0,2020-10-13,57,22,0.2727272727272727,stable,True,12
156.0,2021-03-18,57,23,0.42857142857142855,stable,True,13
141.0,2021-08-06,57,23,-0.10714285714285714,increase,False,14
139.0,2021-12-23,57,24,0.0,increase,False,15
78.0,2022-03-11,57,24,0.6,increase,False,16
18.0,2022-03-29,57,24,0.2,increase,False,17
78.0,2022-06-15,57,24,0.52,increase,False,18
274.0,2023-03-16,57,25,0.3157894736842105,stable,False,19
96.0,2023-06-20,57,25,0.4473684210526316,stable,False,20
182.0,2023-12-19,57,26,0.09090909090909091,increase,False,21
22.0,2024-01-10,57,26,0.36363636363636365,stable,False,22
64.0,2024-03-14,57,26,0.18181818181818182,stable,False,23
74.0,2024-05-27,57,26,0.2727272727272727,stable,False,24
203.0,2024-12-16,57,26,0.07142857142857142,stable,False,25
165.0,2025-05-30,57,27,0.07142857142857142,stable,False,26
,2020-01-01,58,17,,increase,,0
6.0,2020-01-07,58,18,,increase,,1
225.0,2020-08-19,58,18,0.5,increase,False,2
331.0,2021-07-16,58,19,12.333333333333334,increase,True,3
17.0,2021-08-02,58,19,0.16666666666666666,increase,True,4
96.0,2021-11-06,58,19,7.333333333333333,increase,True,5
46.0,2021-12-22,58,19,20.666666666666668,increase,True,6
92.0,2022-03-24,58,20,23.285714285714285,increase,True,7
166.0,2022-09-06,58,20,0.3076923076923077,increase,False,8
5.0,2022-09-11,58,20,0.6923076923076923,increase,False,9
10.0,2022-09-21,58,20,0.29411764705882354,increase,False,10
93.0,2022-12-23,58,20,0.47058823529411764,increase,False,11
181.0,2023-06-22,58,21,0.4,stable,False,12
175.0,2023-12-14,58,21,0.4,stable,False,13
167.0,2024-05-29,58,22,0.14285714285714285,stable,False,14
205.0,2024-12-20,58,22,0.0,increase,False,15
97.0,2025-03-27,58,23,0.25,stable,False,16
40.0,2025-05-06,58,23,0.25,stable,False,17
,2016-11-10,59,18,,increase,,0
162.0,2017-04-21,59,19,,increase,,1
521.0,2018-09-24,59,20,5.0,stable,True,2
156.0,2019-02-27,59,21,6.0,increase,True,3
121.0,2019-06-28,59,21,0.16666666666666666,increase,False,4
106.0,2019-10-12,59,22,1.2857142857142858,stable,True,5
58.0,2019-12-09,59,21,1.2857142857142858,stable,True,6
234.0,2020-07-30,59,22,0.125,increase,False,7
5.0,2020-08-04,59,22,-0.1875,increase,False,8
70.0,2020-10-13,59,22,0.5,increase,False,9
156.0,2021-03-18,59,23,1.7692307692307692,increase,False,10
141.0,2021-08-06,59,23,1.0833333333333333,stable,False,11
139.0,2021-12-23,59,24,0.3888888888888889,stable,False,12
78.0,2022-03-11,59,25,-0.12,stable,False,13
96.0,2022-06-15,59,24,-0.12,stable,False,14
370.0,2023-06-20,59,25,0.13636363636363635,increase,False,15
182.0,2023-12-19,59,26,0.4,stable,False,16
160.0,2024-05-27,59,26,0.4,stable,False,17
203.0,2024-12-16,59,27,0.0,stable,False,18
165.0,2025-05-30,59,27,0.0,stable,False,19
105.0,2025-09-12,59,28,0.0,increase,False,20
175.0,2026-03-06,59,28,0.14285714285714285,stable,False,21
,2022-03-06,60,17,,stable,,0
127.0,2022-07-11,60,18,,stable,,1
171.0,2022-12-29,60,18,0.0,increase,True,2
166.0,2023-06-13,60,18,0.0,increase,True,3
122.0,2023-10-13,60,19,1.0,increase,True,4
70.0,2023-12-22,60,19,9.0,increase,False,5
90.0,2024-03-21,60,19,14.0,increase,False,6
107.0,2024-07-06,60,19,2.0,stable,False,7
174.0,2024-12-27,60,20,1.0,stable,False,8
253.0,2025-09-06,60,20,0.0,increase,False,9
,2020-10-29,61,18,,increase,,0
61.0,2020-12-29,61,18,,increase,,1
67.0,2021-03-06,61,19,,increase,,2
222.0,2021-10-14,61,19,0.6,stable,False,3
75.0,2021-12-28,61,19,0.6,stable,False,4
190.0,2022-07-06,61,20,-0.125,increase,True,5
97.0,2022-10-11,61,20,-0.125,increase,True,6
268.0,2023-07-06,61,21,0.2857142857142857,increase,False,7
127.0,2023-11-10,61,21,0.42857142857142855,increase,True,8
40.0,2023-12-20,61,21,2.7142857142857144,increase,True,9
138.0,2024-05-06,61,22,5.666666666666667,stable,True,10
73.0,2024-07-18,61,22,2.4615384615384617,stable,False,11
138.0,2024-12-03,61,21,-0.16666666666666666,increase,False,12
13.0,2024-12-16,61,22,0.5,stable,True,13
92.0,2025-03-18,61,22,-0.1111111111111111,stable,True,14
73.0,2025-05-30,61,23,-0.2222222222222222,increase,True,15
,2019-01-21,62,17,,increase,,0
45.0,2019-03-07,62,18,,increase,,1
316.0,2020-01-17,62,18,2.0,stable,False,2
164.0,2020-06-29,62,19,5.666666666666667,increase,False,3
36.0,2020-08-04,62,18,-0.1111111111111111,increase,False,4
71.0,2020-10-14,62,19,3.4444444444444446,increase,True,5
78.0,2020-12-31,62,19,1.0,increase,True,6
100.0,2021-04-10,62,20,20.25,increase,True,7
47.0,2021-05-27,62,19,1.75,increase,False,8
99.0,2021-09-03,62,19,1.25,increase,False,9
240.0,2022-05-01,62,20,2.3333333333333335,increase,False,10
97.0,2022-08-06,62,20,2.888888888888889,stable,False,11
39.0,2022-09-14,62,21,4.0,stable,False,12
58.0,2022-11-11,62,21,0.5,stable,False,13
126.0,2023-03-17,62,21,-0.06666666666666667,stable,False,14
98.0,2023-06-23,62,22,-0.06666666666666667,stable,False,15
179.0,2023-12-19,62,22,-0.047619047619047616,stable,True,16
160.0,2024-05-27,62,22,-0.09523809523809523,stable,True,17
203.0,2024-12-16,62,23,0.18421052631578946,increase,False,18
92.0,2025-03-18,62,23,0.3157894736842105,stable,False,19
73.0,2025-05-30,62,23,0.4473684210526316,increase,False,20
,2019-10-17,63,22,,increase,,0
133.0,2020-02-27,63,22,,increase,,1
159.0,2020-08-04,63,22,1.2,increase,False,2
70.0,2020-10-13,63,23,1.1428571428571428,increase,True,3
65.0,2020-12-17,63,23,2.142857142857143,increase,True,4
91.0,2021-03-18,63,23,3.5454545454545454,increase,True,5
53.0,2021-05-10,63,23,1.6666666666666667,stable,True,6
18.0,2021-05-28,63,23,0.8666666666666667,increase,False,7
209.0,2021-12-23,63,24,0.42857142857142855,increase,True,8
78.0,2022-03-11,63,25,0.6071428571428571,stable,True,9
96.0,2022-06-15,63,24,0.42857142857142855,increase,True,10
274.0,2023-03-16,63,25,0.25,stable,False,11
96.0,2023-06-20,63,25,0.375,stable,False,12
182.0,2023-12-19,63,26,0.0,stable,False,13
160.0,2024-05-27,63,26,0.0,stable,False,14
203.0,2024-12-16,63,27,0.0,loss,False,15
92.0,2025-03-18,63,27,-0.09090909090909091,loss,False,16
73.0,2025-05-30,63,27,-0.18181818181818182,loss,False,17
,2018-11-23,64,19,,stable,,0
88.0,2019-02-19,64,20,,stable,,1
130.0,2019-06-29,64,20,0.0,increase,False,2
102.0,2019-10-09,64,20,0.0,increase,False,3
306.0,2020-08-10,64,21,79.0,increase,True,4
84.0,2020-11-02,64,21,1.5,increase,False,5
180.0,2021-05-01,64,21,59.0,increase,True,6
158.0,2021-10-06,64,22,79.0,increase,True,7
85.0,2021-12-30,64,22,0.6666666666666666,increase,False,8
66.0,2022-03-06,64,23,1.0,stable,False,9
127.0,2022-07-11,64,23,0.6,stable,False,10
74.0,2022-09-23,64,23,0.16666666666666666,stable,False,11
263.0,2023-06-13,64,24,0.14285714285714285,increase,False,12
192.0,2023-12-22,64,24,0.25,stable,False,13
197.0,2024-07-06,64,25,0.0,stable,False,14
127.0,2024-11-10,64,25,0.2,stable,False,15
47.0,2024-12-27,64,25,0.2,stable,False,16
253.0,2025-09-06,64,26,0.0,increase,False,17
6.0,2025-09-12,64,26,0.25,stable,True,18
35.0,2025-10-17,64,26,0.16666666666666666,stable,True,19
140.0,2026-03-06,64,27,0.25,stable,True,20
,2023-12-19,65,17,,increase,,0
22.0,2024-01-10,65,18,,increase,,1
341.0,2024-12-16,65,18,1.0,increase,False,2
92.0,2025-03-18,65,18,4.6,increase,False,3
73.0,2025-05-30,65,18,8.0,stable,False,4
105.0,2025-09-12,65,19,3.0,stable,False,5
175.0,2026-03-06,65,19,0.0,loss,False,6
,2017-10-23,66,18,,increase,,0
101.0,2018-02-01,66,18,,increase,,1
116.0,2018-05-28,66,19,19.0,increase,False,2
142.0,2018-10-17,66,19,6.5,increase,False,3
63.0,2018-12-19,66,19,1.0,increase,False,4
135.0,2019-05-03,66,20,1.3333333333333333,increase,False,5
41.0,2019-06-13,66,20,2.0,stable,False,6
121.0,2019-10-12,66,20,1.75,stable,False,7
58.0,2019-12-09,66,20,0.42857142857142855,stable,False,8
239.0,2020-08-04,66,21,-0.01,increase,False,9
70.0,2020-10-13,66,21,0.1,stable,False,10
156.0,2021-03-18,66,22,0.21212121212121213,increase,False,11
71.0,2021-05-28,66,22,0.18181818181818182,stable,False,12
48.0,2021-07-15,66,22,0.2727272727272727,stable,False,13
161.0,2021-12-23,66,22,0.15384615384615385,stable,False,14
78.0,2022-03-11,66,23,0.14285714285714285,stable,False,15
96.0,2022-06-15,66,23,0.14285714285714285,stable,False,16
370.0,2023-06-20,66,24,0.125,increase,False,17
82.0,2023-09-10,66,24,0.25,stable,True,18
100.0,2023-12-19,66,24,0.2222222222222222,stable,True,19
160.0,2024-05-27,66,25,0.2,stable,False,20
203.0,2024-12-16,66,25,-0.08333333333333333,stable,False,21
165.0,2025-05-30,66,26,0.0,stable,False,22
,2017-07-12,67,20,,increase,,0
315.0,2018-05-23,67,20,7.0,increase,False,1
271.0,2019-02-18,67,21,4.0,increase,True,2
99.0,2019-05-28,67,21,11.5,increase,True,3
183.0,2019-11-27,67,22,3.0,increase,False,4
107.0,2020-03-13,67,22,6.0,stable,True,5
144.0,2020-08-04,67,22,0.4,stable,True,6
72.0,2020-10-15,67,22,-0.2,stable,False,7
173.0,2021-04-06,67,23,0.07142857142857142,stable,False,8
254.0,2021-12-16,67,24,0.0,increase,False,9
85.0,2022-03-11,67,24,1.0,stable,True,10
96.0,2022-06-15,67,24,0.3333333333333333,increase,True,11
92.0,2022-09-15,67,24,-0.16666666666666666,increase,False,12
278.0,2023-06-20,67,25,0.4,increase,False,13
82.0,2023-09-10,67,25,0.7,stable,False,14
100.0,2023-12-19,67,26,0.21428571428571427,stable,False,15
160.0,2024-05-27,67,26,0.0,stable,False,16
203.0,2024-12-16,67,27,-0.058823529411764705,stable,False,17
165.0,2025-05-30,67,27,-0.058823529411764705,stable,False,18
,2015-01-07,68,19,,stable,,0
206.0,2015-08-01,68,18,0.0,increase,False,1
205.0,2016-02-22,68,19,1.0,increase,False,2
151.0,2016-07-22,68,20,2.0,stable,True,3
332.0,2017-06-19,68,20,-0.16666666666666666,increase,False,4
13.0,2017-07-02,68,20,0.0,increase,False,5
113.0,2017-10-23,68,21,1.3333333333333333,increase,True,6
101.0,2018-02-01,68,21,2.3333333333333335,stable,True,7
116.0,2018-05-28,68,21,0.42857142857142855,stable,False,8
193.0,2018-12-07,68,22,0.2,increase,True,9
14.0,2018-12-21,68,22,-0.2,increase,True,10
69.0,2019-02-28,68,22,0.0,increase,True,11
251.0,2019-11-06,68,22,0.5,increase,False,12
44.0,2019-12-20,68,23,1.0,increase,False,13
135.0,2020-05-03,68,23,2.0,increase,False,14
81.0,2020-07-23,68,24,0.75,stable,False,15
12.0,2020-08-04,68,23,0.2,increase,False,16
6.0,2020-08-10,68,24,0.75,stable,False,17
264.0,2021-05-01,68,24,0.14285714285714285,increase,False,18
158.0,2021-10-06,68,24,0.14285714285714285,increase,False,19
85.0,2021-12-30,68,25,0.25,stable,False,20
66.0,2022-03-06,68,25,0.25,stable,False,21
127.0,2022-07-11,68,26,0.0,stable,False,22
337.0,2023-06-13,68,26,0.0,stable,False,23
192.0,2023-12-22,68,27,0.0,stable,False,24
197.0,2024-07-06,68,27,0.0,loss,False,25
163.0,2024-12-16,68,28,-0.1,loss,True,26
92.0,2025-03-18,68,28,-0.3,loss,True,27
73.0,2025-05-30,68,28,-0.3,loss,True,28
,2014-02-08,69,15,,increase,,0
154.0,2014-07-12,69,15,,stable,,1
195.0,2015-01-23,69,16,0.0,loss,True,2
350.0,2016-01-08,69,17,-0.375,stable,False,3
293.0,2016-10-27,69,17,-0.2,loss,False,4
83.0,2017-01-18,69,18,-0.2,increase,True,5
169.0,2017-07-06,69,18,-0.25,increase,True,6
195.0,2018-01-17,69,19,1.3333333333333333,stable,False,7
323.0,2018-12-06,69,19,0.14285714285714285,increase,False,8
22.0,2018-12-28,69,20,0.14285714285714285,increase,True,9
75.0,2019-03-13,69,20,1.2857142857142858,increase,True,10
210.0,2019-10-09,69,20,1.5,increase,True,11
58.0,2019-12-06,69,20,0.875,increase,False,12
14.0,2019-12-20,69,21,5.25,stable,True,13
228.0,2020-08-04,69,21,-0.1,stable,False,14
6.0,2020-08-10,69,21,-0.1,stable,True,15
220.0,2021-03-18,69,22,-0.1111111111111111,stable,True,16
44.0,2021-05-01,69,22,-0.1111111111111111,stable,False,17
97.0,2021-08-06,69,22,-0.1111111111111111,increase,True,18
139.0,2021-12-23,69,23,0.05,stable,True,19
78.0,2022-03-11,69,23,0.5,stable,False,20
96.0,2022-06-15,69,23,0.125,increase,False,21
92.0,2022-09-15,69,23,-0.16666666666666666,increase,False,22
182.0,2023-03-16,69,24,0.6,stable,False,23
96.0,2023-06-20,69,24,0.8,stable,False,24
182.0,2023-12-19,69,25,0.0,increase,False,25
86.0,2024-03-14,69,25,0.05555555555555555,stable,False,26
74.0,2024-05-27,69,25,0.2222222222222222,stable,False,27
203.0,2024-12-16,69,25,0.0,loss,False,28
92.0,2025-03-18,69,26,-0.09090909090909091,stable,False,29
73.0,2025-05-30,69,26,-0.22727272727272727,loss,False,30
105.0,2025-09-12,69,26,-0.3181818181818182,stable,False,31
35.0,2025-10-17,69,26,-0.2,stable,False,32
140.0,2026-03-06,69,27,-0.23529411764705882,stable,False,33
,2018-02-27,70,19,,increase,,0
209.0,2018-09-24,70,20,14.0,increase,False,1
156.0,2019-02-27,70,20,34.0,increase,False,2
121.0,2019-06-28,70,20,1.3333333333333333,increase,False,3
111.0,2019-10-17,70,21,0.42857142857142855,increase,False,4
133.0,2020-02-27,70,21,1.8571428571428572,increase,False,5
159.0,2020-08-04,70,21,0.8,increase,False,6
70.0,2020-10-13,70,22,0.8,stable,True,7
156.0,2021-03-18,70,22,1.2222222222222223,stable,True,8
141.0,2021-08-06,70,22,0.1111111111111111,increase,False,9
139.0,2021-12-23,70,23,0.0,increase,False,10
78.0,2022-03-11,70,24,0.5,stable,False,11
96.0,2022-06-15,70,23,0.1,increase,False,12
92.0,2022-09-15,70,24,-0.16666666666666666,increase,False,13
278.0,2023-06-20,70,24,0.6,stable,False,14
82.0,2023-09-10,70,25,0.92,stable,False,15
100.0,2023-12-19,70,25,0.2,stable,False,16
22.0,2024-01-10,70,26,0.5,stable,False,17
138.0,2024-05-27,70,25,0.14583333333333334,stable,False,18
203.0,2024-12-16,70,26,0.0,stable,False,19
165.0,2025-05-30,70,26,0.0,stable,False,20
105.0,2025-09-12,70,27,0.18181818181818182,stable,True,21
35.0,2025-10-17,70,27,0.18181818181818182,stable,True,22
140.0,2026-03-06,70,27,0.18181818181818182,stable,True,23
,2020-04-08,71,18,,increase,,0
246.0,2020-12-10,71,18,9.0,increase,False,1
171.0,2021-05-30,71,19,29.0,stable,False,2
186.0,2021-12-02,71,19,-0.16666666666666666,stable,False,3
21.0,2021-12-23,71,19,-0.16666666666666666,loss,True,4
96.0,2022-03-29,71,20,-0.25,loss,True,5
78.0,2022-06-15,71,20,-0.2,loss,True,6
149.0,2022-11-11,71,20,-0.2222222222222222,loss,True,7
56.0,2023-01-06,71,21,-0.375,stable,False,8
343.0,2023-12-15,71,21,0.0,increase,True,9
57.0,2024-02-10,71,22,1.4,increase,True,10
41.0,2024-03-22,71,22,0.4,increase,True,11
76.0,2024-06-06,71,22,1.0,increase,True,12
159.0,2024-11-12,71,22,1.5714285714285714,increase,True,13
59.0,2025-01-10,71,23,2.0,stable,True,14
,2019-09-23,72,18,,increase,,0
19.0,2019-10-12,72,18,,increase,,1
292.0,2020-07-30,72,18,1.6923076923076923,increase,False,2
5.0,2020-08-04,72,18,0.5384615384615384,increase,False,3
30.0,2020-09-03,72,18,0.6923076923076923,increase,False,4
40.0,2020-10-13,72,19,2.076923076923077,increase,False,5
156.0,2021-03-18,72,19,1.7272727272727273,stable,False,6
71.0,2021-05-28,72,19,0.625,stable,False,7
209.0,2021-12-23,72,20,0.0,stable,False,8
78.0,2022-03-11,72,21,0.38461538461538464,loss,False,9
96.0,2022-06-15,72,20,0.0,increase,False,10
92.0,2022-09-15,72,21,-0.2222222222222222,increase,False,11
99.0,2022-12-23,72,21,0.5384615384615384,stable,False,12
83.0,2023-03-16,72,21,0.5714285714285714,stable,False,13
96.0,2023-06-20,72,21,0.7142857142857143,stable,False,14
182.0,2023-12-19,72,22,0.0,increase,False,15
86.0,2024-03-14,72,22,0.08333333333333333,stable,False,16
74.0,2024-05-27,72,22,0.16666666666666666,stable,False,17
203.0,2024-12-16,72,23,0.07142857142857142,stable,False,18
165.0,2025-05-30,72,23,0.07142857142857142,loss,False,19
105.0,2025-09-12,72,24,-0.13333333333333333,stable,False,20
35.0,2025-10-17,72,24,-0.06666666666666667,stable,False,21
140.0,2026-03-06,72,24,-0.26666666666666666,stable,False,22
,2019-10-28,73,17,,increase,,0
81.0,2020-01-17,73,17,,increase,,1
200.0,2020-08-04,73,18,1.25,increase,False,2
71.0,2020-10-14,73,18,2.0,increase,True,3
50.0,2020-12-03,73,18,1.5,increase,False,4
128.0,2021-04-10,73,19,3.0,stable,True,5
39.0,2021-05-19,73,19,1.6666666666666667,stable,False,6
13.0,2021-06-01,73,18,0.8,increase,True,7
94.0,2021-09-03,73,18,1.8,increase,True,8
240.0,2022-05-01,73,19,0.2857142857142857,stable,False,9
97.0,2022-08-06,73,20,0.2857142857142857,increase,False,10
39.0,2022-09-14,73,20,0.07142857142857142,increase,False,11
58.0,2022-11-11,73,20,-0.16666666666666666,increase,False,12
125.0,2023-03-16,73,21,0.8666666666666667,stable,True,13
96.0,2023-06-20,73,21,1.0,stable,True,14
182.0,2023-12-19,73,21,-0.16666666666666666,increase,False,15
22.0,2024-01-10,73,22,0.16666666666666666,stable,False,16
138.0,2024-05-27,73,22,-0.06666666666666667,increase,False,17
203.0,2024-12-16,73,22,0.42857142857142855,increase,False,18
165.0,2025-05-30,73,23,0.42857142857142855,increase,False,19
,2017-07-14,75,19,,increase,,0
129.0,2017-11-20,75,19,,stable,,1
674.0,2019-09-25,75,21,0.0,increase,True,2
79.0,2019-12-13,75,21,0.5,increase,True,3
53.0,2020-02-04,75,21,0.8,stable,True,4
162.0,2020-07-15,75,22,0.3333333333333333,stable,True,5
20.0,2020-08-04,75,21,-0.1111111111111111,increase,False,6
72.0,2020-10-15,75,22,0.1111111111111111,stable,True,7
295.0,2021-08-06,75,23,0.0,increase,True,8
58.0,2021-10-03,75,22,-0.2,increase,True,9
52.0,2021-11-24,75,23,1.5,increase,True,10
170.0,2022-05-13,75,23,5.25,increase,False,11
167.0,2022-10-27,75,24,1.0,increase,False,12
71.0,2023-01-06,75,24,1.6,increase,False,13
77.0,2023-03-24,75,24,0.6,increase,False,14
189.0,2023-09-29,75,25,3.0,increase,True,15
89.0,2023-12-27,75,25,4.625,increase,True,16
162.0,2024-06-06,75,26,1.03125,stable,False,17
58.0,2024-08-03,75,25,0.2222222222222222,increase,False,18
7.0,2024-08-10,75,26,0.5555555555555556,stable,False,19
131.0,2024-12-19,75,26,0.15384615384615385,stable,False,20
162.0,2025-05-30,75,26,0.07142857142857142,stable,False,21
105.0,2025-09-12,75,27,-0.06666666666666667,stable,True,22
175.0,2026-03-06,75,27,-0.13333333333333333,stable,True,23
,2016-01-07,76,17,,increase,,0
440.0,2017-03-22,76,17,49.0,increase,False,1
89.0,2017-06-19,76,18,79.0,increase,False,2
13.0,2017-07-02,76,17,14.0,increase,False,3
179.0,2017-12-28,76,18,1.25,increase,False,4
97.0,2018-04-04,76,18,15.666666666666666,increase,False,5
32.0,2018-05-06,76,18,17.666666666666668,increase,False,6
108.0,2018-08-22,76,19,0.9444444444444444,increase,False,7
61.0,2018-10-22,76,19,1.2,increase,False,8
57.0,2018-12-18,76,19,1.3214285714285714,increase,False,9
139.0,2019-05-06,76,19,0.6363636363636364,stable,False,10
225.0,2019-12-17,76,20,0.0,stable,False,11
231.0,2020-08-04,76,20,-0.1,stable,False,12
70.0,2020-10-13,76,21,-0.1,stable,True,13
85.0,2021-01-06,76,21,-0.2222222222222222,stable,True,14
71.0,2021-03-18,76,21,-0.13580246913580246,stable,True,15
280.0,2021-12-23,76,22,0.0,stable,False,16
78.0,2022-03-11,76,23,0.0,stable,False,17
96.0,2022-06-15,76,23,0.0,stable,False,18
274.0,2023-03-16,76,23,-0.14285714285714285,stable,False,19
96.0,2023-06-20,76,24,-0.21428571428571427,stable,False,20
82.0,2023-09-10,76,24,-0.14285714285714285,stable,True,21
100.0,2023-12-19,76,24,0.0,increase,True,22
22.0,2024-01-10,76,25,0.36363636363636365,stable,True,23
64.0,2024-03-14,76,24,0.0,increase,False,24
74.0,2024-05-27,76,24,0.16666666666666666,stable,False,25
203.0,2024-12-16,76,25,0.07142857142857142,loss,False,26
92.0,2025-03-18,76,25,0.0,stable,False,27
73.0,2025-05-30,76,25,-0.07142857142857142,stable,False,28
105.0,2025-09-12,76,26,-0.26666666666666666,stable,False,29
35.0,2025-10-17,76,26,-0.14285714285714285,stable,False,30
140.0,2026-03-06,76,26,-0.15384615384615385,stable,False,31
,2022-05-10,77,17,,loss,,0
226.0,2022-12-22,77,17,-0.25,increase,False,1
50.0,2023-02-10,77,18,0.5,increase,True,2
109.0,2023-05-30,77,17,-0.25,increase,False,3
203.0,2023-12-19,77,18,4.333333333333333,increase,True,4
53.0,2024-02-10,77,19,32.333333333333336,stable,True,5
56.0,2024-04-06,77,18,5.666666666666667,increase,True,6
220.0,2024-11-12,77,19,4.0,increase,False,7
134.0,2025-03-26,77,19,9.0,stable,False,8
,2014-08-01,78,21,,increase,,0
159.0,2015-01-07,78,22,,loss,,1
329.0,2015-12-02,78,22,-0.3333333333333333,stable,False,2
37.0,2016-01-08,78,23,0.0,loss,False,3
103.0,2016-04-20,78,23,0.0,loss,True,4
306.0,2017-02-20,78,24,-0.3333333333333333,stable,True,5
128.0,2017-06-28,78,24,-0.3333333333333333,stable,True,6
187.0,2018-01-01,78,25,-0.2,increase,True,7
149.0,2018-05-30,78,25,0.0,stable,True,8
203.0,2018-12-19,78,26,0.0,increase,True,9
176.0,2019-06-13,78,26,1.0,increase,True,10
121.0,2019-10-12,78,27,2.5,increase,False,11
58.0,2019-12-09,78,27,2.5,increase,False,12
234.0,2020-07-30,78,27,1.2857142857142858,increase,False,13
5.0,2020-08-04,78,27,-0.2,increase,False,14
70.0,2020-10-13,78,28,2.4285714285714284,increase,True,15
65.0,2020-12-17,78,28,4.142857142857143,increase,True,16
91.0,2021-03-18,78,28,7.928571428571429,increase,True,17
120.0,2021-07-16,78,28,0.9444444444444444,loss,False,18
21.0,2021-08-06,78,28,0.6666666666666666,stable,False,19
139.0,2021-12-23,78,29,0.28,stable,False,20
78.0,2022-03-11,78,30,-0.16666666666666666,stable,False,21
96.0,2022-06-15,78,29,-0.06666666666666667,stable,False,22
191.0,2022-12-23,78,30,0.0,stable,False,23
179.0,2023-06-20,78,30,0.0,stable,False,24
182.0,2023-12-19,78,31,0.0,stable,False,25
160.0,2024-05-27,78,31,0.0,stable,False,26
203.0,2024-12-16,78,32,-0.10714285714285714,loss,False,27
165.0,2025-05-30,78,32,-0.2857142857142857,loss,False,28
,2020-08-26,79,16,,stable,,0
114.0,2020-12-18,79,16,,stable,,1
263.0,2021-09-07,79,17,0.0,increase,False,2
4.0,2021-09-11,79,17,5.666666666666667,increase,False,3
115.0,2022-01-04,79,17,39.0,increase,False,4
219.0,2022-08-11,79,18,1.6666666666666667,stable,False,5
7.0,2022-08-18,79,18,1.5,stable,False,6
306.0,2023-06-20,79,19,0.2,loss,True,7
125.0,2023-10-23,79,19,-0.13333333333333333,loss,True,8
57.0,2023-12-19,79,19,-0.4444444444444444,stable,True,9
109.0,2024-04-06,79,20,-0.5555555555555556,stable,True,10
265.0,2024-12-27,79,20,0.0,stable,True,11
154.0,2025-05-30,79,21,-0.125,stable,True,12
,2023-05-15,80,20,,stable,,0
410.0,2024-06-28,80,21,0.0,increase,True,1
185.0,2024-12-30,80,21,0.6666666666666666,stable,True,2
,2019-06-27,81,19,,increase,,0
35.0,2019-08-01,81,18,,increase,,1
60.0,2019-09-30,81,19,,stable,,2
245.0,2020-06-01,81,19,0.14285714285714285,increase,False,3
64.0,2020-08-04,81,20,0.03571428571428571,increase,False,4
10.0,2020-08-14,81,20,0.42857142857142855,increase,False,5
33.0,2020-09-16,81,20,4.714285714285714,increase,True,6
71.0,2020-11-26,81,20,10.428571428571429,increase,True,7
125.0,2021-03-31,81,20,5.25,loss,False,8
159.0,2021-09-06,81,21,2.5,loss,False,9
26.0,2021-10-02,81,20,-0.32,stable,False,10
81.0,2021-12-22,81,21,0.0,stable,False,11
92.0,2022-03-24,81,21,-0.2857142857142857,stable,False,12
166.0,2022-09-06,81,22,-0.2,stable,False,13
5.0,2022-09-11,81,22,-0.2,stable,False,14
284.0,2023-06-22,81,23,-0.15,stable,False,15
175.0,2023-12-14,81,23,0.0,stable,False,16
167.0,2024-05-29,81,24,0.17647058823529413,stable,False,17
201.0,2024-12-16,81,24,0.0,increase,True,18
92.0,2025-03-18,81,24,0.1,increase,True,19
73.0,2025-05-30,81,25,0.25,increase,True,20
105.0,2025-09-12,81,25,0.75,stable,False,21
35.0,2025-10-17,81,25,0.45454545454545453,increase,False,22
140.0,2026-03-06,81,26,1.0,stable,False,23
,2021-11-24,82,18,,increase,,0
107.0,2022-03-11,82,19,,stable,,1
63.0,2022-05-13,82,19,,increase,,2
125.0,2022-09-15,82,19,0.0,increase,False,3
182.0,2023-03-16,82,20,0.6,increase,False,4
96.0,2023-06-20,82,20,2.0,increase,True,5
82.0,2023-09-10,82,20,3.2,stable,True,6
88.0,2023-12-07,82,20,1.1875,increase,True,7
12.0,2023-12-19,82,20,0.8333333333333334,stable,False,8
86.0,2024-03-14,82,21,0.19047619047619047,stable,False,9
74.0,2024-05-27,82,21,0.19047619047619047,stable,False,10
203.0,2024-12-16,82,21,0.1,stable,False,11
165.0,2025-05-30,82,22,0.1,stable,False,12
,2019-12-19,83,19,,increase,,0
80.0,2020-03-08,83,19,,increase,,1
5.0,2020-03-13,83,19,,increase,,2
144.0,2020-08-04,83,19,0.35,increase,False,3
70.0,2020-10-13,83,19,2.75,increase,True,4
65.0,2020-12-17,83,20,3.5,increase,True,5
91.0,2021-03-18,83,20,4.555555555555555,increase,True,6
141.0,2021-08-06,83,20,0.48148148148148145,increase,False,7
139.0,2021-12-23,83,21,0.3333333333333333,increase,False,8
78.0,2022-03-11,83,21,0.625,stable,True,9
96.0,2022-06-15,83,21,0.0,increase,False,10
92.0,2022-09-15,83,21,0.0,stable,False,11
278.0,2023-06-20,83,22,-0.15384615384615385,loss,False,12
82.0,2023-09-10,83,22,-0.38461538461538464,loss,False,13
100.0,2023-12-19,83,23,-0.41818181818181815,stable,False,14
160.0,2024-05-27,83,23,-0.375,stable,False,15
203.0,2024-12-16,83,23,0.2,stable,False,16
92.0,2025-03-18,83,24,0.08,stable,False,17
73.0,2025-05-30,83,24,0.0,stable,False,18
,2024-03-14,84,17,,increase,,0
277.0,2024-12-16,84,18,2.3333333333333335,increase,True,1
92.0,2025-03-18,84,18,15.666666666666666,increase,True,2
73.0,2025-05-30,84,19,25.666666666666668,increase,True,3
105.0,2025-09-12,84,19,19.0,increase,True,4
35.0,2025-10-17,84,19,2.0,increase,False,5
140.0,2026-03-06,84,20,2.125,stable,False,6
,2023-04-07,85,18,,increase,,0
256.0,2023-12-19,85,18,2.0,increase,False,1
286.0,2024-09-30,85,19,25.666666666666668,stable,True,2
67.0,2024-12-06,85,19,9.0,increase,True,3
7.0,2024-12-13,85,19,25.666666666666668,increase,True,4
168.0,2025-05-30,85,20,0.0,increase,True,5
,2023-03-04,86,17,,increase,,0
111.0,2023-06-23,86,17,,increase,,1
116.0,2023-10-17,86,17,3.0,increase,True,2
59.0,2023-12-15,86,17,7.8,increase,True,3
168.0,2024-05-31,86,18,2.0,stable,False,4
200.0,2024-12-17,86,18,0.0,stable,False,5
162.0,2025-05-28,86,19,0.16666666666666666,stable,False,6
,2018-10-31,87,20,,increase,,0
111.0,2019-02-19,87,20,,increase,,1
130.0,2019-06-29,87,21,2.0,increase,False,2
102.0,2019-10-09,87,21,0.5,increase,False,3
306.0,2020-08-10,87,22,1.0,increase,True,4
84.0,2020-11-02,87,21,0.6666666666666666,increase,False,5
21.0,2020-11-23,87,22,2.3333333333333335,increase,True,6
213.0,2021-06-24,87,23,0.6,stable,False,7
38.0,2021-08-01,87,22,0.2,increase,False,8
148.0,2021-12-27,87,23,0.0,stable,False,9
184.0,2022-06-29,87,24,0.0,increase,False,10
12.0,2022-07-11,87,24,0.25,increase,True,11
337.0,2023-06-13,87,25,0.5,loss,False,12
122.0,2023-10-13,87,25,0.0,increase,False,13
70.0,2023-12-22,87,25,-0.3333333333333333,increase,False,14
197.0,2024-07-06,87,26,1.0,increase,False,15
174.0,2024-12-27,87,26,1.0,increase,False,16
45.0,2025-02-10,87,27,2.75,loss,False,17
39.0,2025-03-21,87,26,0.75,increase,False,18
169.0,2025-09-06,87,27,-0.3333333333333333,increase,False,19
,2018-09-24,88,18,,increase,,0
156.0,2019-02-27,88,19,,increase,,1
106.0,2019-06-13,88,19,27.0,increase,True,2
121.0,2019-10-12,88,20,14.0,increase,True,3
297.0,2020-08-04,88,20,0.5,increase,False,4
30.0,2020-09-03,88,20,0.6666666666666666,increase,False,5
40.0,2020-10-13,88,20,1.0,increase,False,6
65.0,2020-12-17,88,21,1.3333333333333333,increase,False,7
91.0,2021-03-18,88,21,0.6,increase,False,8
53.0,2021-05-10,88,21,0.5,increase,False,9
18.0,2021-05-28,88,21,0.3333333333333333,increase,False,10
209.0,2021-12-23,88,22,0.375,stable,False,11
78.0,2022-03-11,88,22,0.75,stable,False,12
96.0,2022-06-15,88,22,0.5,stable,False,13
370.0,2023-06-20,88,23,0.08333333333333333,loss,False,14
82.0,2023-09-10,88,23,-0.08333333333333333,loss,False,15
100.0,2023-12-19,88,24,-0.23076923076923078,loss,False,16
22.0,2024-01-10,88,24,-0.46153846153846156,stable,False,17
138.0,2024-05-27,88,24,-0.2727272727272727,loss,False,18
203.0,2024-12-16,88,25,-0.25,increase,False,19
165.0,2025-05-30,88,25,-0.25,increase,False,20
105.0,2025-09-12,88,26,0.6666666666666666,stable,False,21
35.0,2025-10-17,88,25,0.16666666666666666,increase,False,22
140.0,2026-03-06,88,26,1.0,stable,False,23
,2023-01-07,89,18,,increase,,0
348.0,2023-12-21,89,18,1.5,increase,False,1
179.0,2024-06-17,89,19,4.0,increase,False,2
123.0,2024-10-18,89,19,5.0,stable,True,3
61.0,2024-12-18,89,19,2.0,stable,True,4
181.0,2025-06-17,89,20,0.16666666666666666,increase,False,5
23.0,2025-07-10,89,20,1.8333333333333333,increase,True,6
,2021-04-06,90,18,,increase,,0
126.0,2021-08-10,90,18,,increase,,1
24.0,2021-09-03,90,17,,increase,,2
104.0,2021-12-16,90,18,13.0,increase,True,3
57.0,2022-02-11,90,19,4.0,stable,False,4
40.0,2022-03-23,90,18,17.0,increase,True,5
68.0,2022-05-30,90,19,23.0,increase,True,6
112.0,2022-09-19,90,19,0.6666666666666666,increase,False,7
189.0,2023-03-27,90,19,0.6666666666666666,stable,False,8
92.0,2023-06-27,90,20,0.6666666666666666,increase,False,9
175.0,2023-12-19,90,20,0.0,increase,True,10
86.0,2024-03-14,90,20,0.28,stable,True,11
74.0,2024-05-27,90,21,0.4,stable,True,12
203.0,2024-12-16,90,21,0.0,stable,False,13
165.0,2025-05-30,90,22,0.0,stable,False,14
,2020-01-01,91,18,,increase,,0
287.0,2020-10-14,91,18,23.0,increase,False,1
77.0,2020-12-30,91,19,99.0,stable,False,2
78.0,2021-03-18,91,19,99.0,increase,True,3
141.0,2021-08-06,91,19,0.0,increase,True,4
217.0,2022-03-11,91,21,6.6,loss,False,5
82.0,2022-06-01,91,20,-0.1,increase,True,6
14.0,2022-06-15,91,20,0.2,increase,False,7
92.0,2022-09-15,91,20,-0.34210526315789475,increase,False,8
182.0,2023-03-16,91,21,1.2,increase,False,9
96.0,2023-06-20,91,21,2.0,stable,False,10
82.0,2023-09-10,91,21,2.6,stable,True,11
100.0,2023-12-19,91,22,0.2,stable,True,12
86.0,2024-03-14,91,22,-0.1111111111111111,stable,False,13
74.0,2024-05-27,91,22,-0.16666666666666666,stable,False,14
203.0,2024-12-16,91,23,0.06666666666666667,increase,False,15
165.0,2025-05-30,91,23,0.2,stable,False,16
,2021-05-10,92,17,,increase,,0
305.0,2022-03-11,92,18,24.0,stable,True,1
96.0,2022-06-15,92,18,1.0,increase,False,2
92.0,2022-09-15,92,18,0.0,increase,False,3
278.0,2023-06-20,92,19,0.28,increase,False,4
82.0,2023-09-10,92,19,1.0,stable,True,5
100.0,2023-12-19,92,19,0.5625,stable,True,6
86.0,2024-03-14,92,20,-0.2,stable,False,7
74.0,2024-05-27,92,20,-0.3,stable,False,8
203.0,2024-12-16,92,20,0.14285714285714285,loss,False,9
165.0,2025-05-30,92,21,0.14285714285714285,loss,False,10
105.0,2025-09-12,92,21,-0.25,stable,False,11
35.0,2025-10-17,92,21,-0.125,loss,False,12
140.0,2026-03-06,92,22,-0.45,stable,False,13
,2021-10-20,93,17,,increase,,0
17.0,2021-11-06,93,16,,increase,,1
354.0,2022-10-26,93,18,29.0,increase,False,2
163.0,2023-04-07,93,18,69.0,increase,True,3
3.0,2023-04-10,93,19,199.0,increase,True,4
253.0,2023-12-19,93,19,0.3,loss,False,5
160.0,2024-05-27,93,19,0.3,loss,True,6
167.0,2024-11-10,93,20,-0.23076923076923078,increase,True,7
47.0,2024-12-27,93,20,-0.5384615384615384,increase,True,8
69.0,2025-03-06,93,20,-0.07692307692307693,increase,True,9
18.0,2025-03-24,93,20,-0.38461538461538464,increase,True,10
,2008-08-24,94,18,,increase,,0
518.0,2010-01-24,94,19,59.0,increase,False,1
201.0,2010-08-13,94,20,0.3333333333333333,increase,False,2
142.0,2011-01-02,94,20,1.8333333333333333,increase,False,3
218.0,2011-08-08,94,21,0.5294117647058824,stable,True,4
299.0,2012-06-02,94,21,0.15384615384615385,loss,False,5
22.0,2012-06-24,94,22,0.15384615384615385,loss,False,6
218.0,2013-01-28,94,22,-0.3,increase,False,7
10.0,2013-02-07,94,23,-0.13333333333333333,stable,False,8
342.0,2014-01-15,94,23,0.15384615384615385,stable,False,9
327.0,2014-12-08,94,24,0.2,increase,False,10
30.0,2015-01-07,94,25,0.8666666666666667,stable,False,11
329.0,2015-12-02,94,24,-0.17857142857142858,increase,False,12
35.0,2016-01-06,94,25,0.0,stable,False,13
2.0,2016-01-08,94,26,0.0,stable,False,14
238.0,2016-09-02,94,25,0.0,stable,False,15
171.0,2017-02-20,94,26,0.0,stable,False,16
128.0,2017-06-28,94,27,0.0,stable,False,17
218.0,2018-02-01,94,27,-0.10714285714285714,stable,False,18
116.0,2018-05-28,94,27,-0.10714285714285714,stable,False,19
49.0,2018-07-16,94,28,0.0,increase,False,20
156.0,2018-12-19,94,28,0.12,increase,False,21
176.0,2019-06-13,94,28,0.25,stable,False,22
121.0,2019-10-12,94,29,0.25,stable,False,23
297.0,2020-08-04,94,29,-0.2,loss,False,24
70.0,2020-10-13,94,30,-0.2,loss,False,25
156.0,2021-03-18,94,30,-0.21428571428571427,stable,False,26
71.0,2021-05-28,94,30,-0.2857142857142857,stable,False,27
209.0,2021-12-23,94,31,-0.1,loss,False,28
78.0,2022-03-11,94,32,-0.25,loss,False,29
96.0,2022-06-15,94,31,-0.25,loss,False,30
274.0,2023-03-16,94,32,-0.3333333333333333,stable,False,31
96.0,2023-06-20,94,33,-0.3333333333333333,loss,False,32
126.0,2023-10-24,94,33,-0.2,loss,True,33
52.0,2023-12-15,94,33,-0.25,loss,True,34
94.0,2024-03-18,94,33,-0.4,loss,True,35
74.0,2024-05-31,94,33,-0.5,stable,True,36
200.0,2024-12-17,94,34,-0.125,loss,False,37
162.0,2025-05-28,94,34,-0.375,loss,False,38
,2019-10-12,95,17,,stable,,0
297.0,2020-08-04,95,17,-0.13333333333333333,increase,False,1
477.0,2021-11-24,95,19,0.38461538461538464,stable,True,2
170.0,2022-05-13,95,19,0.38461538461538464,stable,True,3
238.0,2023-01-06,95,20,0.0,increase,True,4
77.0,2023-03-24,95,20,0.0,increase,True,5
217.0,2023-10-27,95,21,0.2222222222222222,increase,True,6
55.0,2023-12-21,95,21,0.5555555555555556,increase,True,7
20.0,2024-01-10,95,22,11.222222222222221,increase,True,8
64.0,2024-03-14,95,21,3.4444444444444446,increase,True,9
74.0,2024-05-27,95,21,5.818181818181818,increase,True,10
203.0,2024-12-16,95,22,1.6666666666666667,increase,False,11
92.0,2025-03-18,95,22,2.3333333333333335,increase,False,12
73.0,2025-05-30,95,22,2.6666666666666665,increase,False,13
105.0,2025-09-12,95,23,0.75,increase,False,14
35.0,2025-10-17,95,23,0.3,increase,False,15
140.0,2026-03-06,95,23,0.6363636363636364,stable,False,16
,2021-03-18,96,18,,increase,,0
280.0,2021-12-23,96,19,5.0,increase,True,1
78.0,2022-03-11,96,20,29.0,loss,True,2
96.0,2022-06-15,96,20,11.0,increase,True,3
92.0,2022-09-15,96,20,-0.3333333333333333,increase,False,4
278.0,2023-06-20,96,21,0.5,increase,False,5
82.0,2023-09-10,96,21,2.2,increase,True,6
88.0,2023-12-07,96,21,0.8,increase,False,7
12.0,2023-12-19,96,21,2.0,increase,True,8
22.0,2024-01-10,96,22,5.0,increase,True,9
64.0,2024-03-14,96,21,0.71875,increase,False,10
74.0,2024-05-27,96,22,1.5,increase,False,11
203.0,2024-12-16,96,22,0.625,stable,False,12
165.0,2025-05-30,96,23,0.5,stable,False,13
105.0,2025-09-12,96,23,-0.07692307692307693,stable,False,14
175.0,2026-03-06,96,24,-0.16666666666666666,stable,False,15
,2022-09-06,97,17,,increase,,0
5.0,2022-09-11,97,18,,increase,,1
10.0,2022-09-21,97,18,,increase,,2
189.0,2023-03-29,97,18,0.75,increase,False,3
85.0,2023-06-22,97,18,0.75,increase,False,4
118.0,2023-10-18,97,19,0.2857142857142857,increase,False,5
57.0,2023-12-14,97,19,1.0,increase,False,6
167.0,2024-05-29,97,19,0.5555555555555556,increase,False,7
104.0,2024-09-10,97,20,0.25,increase,False,8
101.0,2024-12-20,97,20,0.7857142857142857,stable,False,9
137.0,2025-05-06,97,20,0.42857142857142855,loss,False,10
129.0,2025-09-12,97,21,-0.2,stable,True,11
35.0,2025-10-17,97,21,-0.1,loss,True,12
140.0,2026-03-06,97,21,-0.4,stable,True,13
,2023-11-12,98,16,,increase,,0
137.0,2024-03-28,98,16,,increase,,1
81.0,2024-06-17,98,17,2.0,increase,True,2
87.0,2024-09-12,98,17,4.0,stable,True,3
15.0,2024-09-27,98,17,3.0,increase,False,4
182.0,2025-03-28,98,17,0.375,increase,False,5
70.0,2025-06-06,98,18,0.5,increase,False,6
,2017-08-21,99,17,,increase,,0
53.0,2017-10-13,99,17,,stable,,1
77.0,2017-12-29,99,17,,stable,,2
189.0,2018-07-06,99,18,0.0,stable,False,3
167.0,2018-12-20,99,18,-0.16666666666666666,increase,False,4
168.0,2019-06-06,99,19,-0.16666666666666666,increase,False,5
128.0,2019-10-12,99,19,1.8,increase,True,6
58.0,2019-12-09,99,19,1.8,increase,True,7
234.0,2020-07-30,99,20,1.1428571428571428,increase,False,8
5.0,2020-08-04,99,20,0.6428571428571429,increase,False,9
30.0,2020-09-03,99,20,0.8571428571428571,increase,False,10
40.0,2020-10-13,99,20,2.142857142857143,increase,False,11
65.0,2020-12-17,99,20,2.857142857142857,increase,False,12
91.0,2021-03-18,99,21,1.6923076923076923,stable,False,13
141.0,2021-08-06,99,21,0.2962962962962963,stable,False,14
139.0,2021-12-23,99,21,0.0,stable,False,15
78.0,2022-03-11,99,22,-0.08571428571428572,stable,False,16
96.0,2022-06-15,99,22,-0.08571428571428572,stable,False,17
92.0,2022-09-15,99,22,0.1875,loss,False,18
278.0,2023-06-20,99,23,-0.2631578947368421,increase,False,19
82.0,2023-09-10,99,23,-0.15789473684210525,increase,False,20
100.0,2023-12-19,99,23,0.5,increase,False,21
86.0,2024-03-14,99,24,0.71875,stable,False,22
74.0,2024-05-27,99,24,0.71875,stable,False,23
203.0,2024-12-16,99,24,0.0,stable,True,24
92.0,2025-03-18,99,25,-0.09090909090909091,stable,True,25
73.0,2025-05-30,99,25,-0.09090909090909091,stable,True,26
,2024-08-10,100,17,,increase,,0
131.0,2024-12-19,100,17,,increase,,1
102.0,2025-03-31,100,17,2.0,stable,False,2
60.0,2025-05-30,100,18,2.0,stable,False,3
,2019-05-28,101,17,,stable,,0
183.0,2019-11-27,101,18,0.0,loss,False,1
246.0,2020-07-30,101,18,-0.25,loss,True,2
5.0,2020-08-04,101,18,-0.1,loss,True,3
72.0,2020-10-15,101,19,-0.4,stable,True,4
68.0,2020-12-22,101,19,-0.5,stable,True,5
190.0,2021-06-30,101,19,0.0,increase,False,6
95.0,2021-10-03,101,19,0.0,increase,False,7
81.0,2021-12-23,101,20,0.0,increase,False,8
174.0,2022-06-15,101,20,0.4,increase,False,9
91.0,2022-09-14,101,20,1.0,stable,False,10
43.0,2022-10-27,101,21,1.0,increase,False,11
71.0,2023-01-06,101,21,1.2857142857142858,stable,False,12
77.0,2023-03-24,101,21,0.2,increase,False,13
270.0,2023-12-19,101,22,0.4583333333333333,increase,True,14
22.0,2024-01-10,101,23,1.0833333333333333,stable,True,15
64.0,2024-03-14,101,22,0.875,stable,True,16
74.0,2024-05-27,101,22,0.875,stable,True,17
203.0,2024-12-16,101,23,0.1111111111111111,increase,False,18
165.0,2025-05-30,101,23,0.1111111111111111,increase,False,19
105.0,2025-09-12,101,24,0.3,stable,True,20
35.0,2025-10-17,101,24,0.3,stable,True,21
140.0,2026-03-06,101,24,0.6,stable,True,22
,2020-10-14,102,17,,increase,,0
178.0,2021-04-10,102,18,,stable,,1
39.0,2021-05-19,102,18,1.25,stable,False,2
13.0,2021-06-01,102,17,1.25,stable,False,3
334.0,2022-05-01,102,18,0.1111111111111111,increase,False,4
142.0,2022-09-20,102,19,2.3333333333333335,increase,True,5
21.0,2022-10-11,102,19,2.3333333333333335,increase,True,6
54.0,2022-12-04,102,19,0.8,increase,True,7
316.0,2023-10-16,102,20,11.222222222222221,increase,True,8
51.0,2023-12-06,102,20,7.888888888888889,increase,True,9
12.0,2023-12-18,102,20,12.333333333333334,increase,True,10
79.0,2024-03-06,102,21,12.333333333333334,increase,True,11
126.0,2024-07-10,102,21,0.25,increase,False,12
94.0,2024-10-12,102,21,0.25,increase,False,13
145.0,2025-03-06,102,22,0.6666666666666666,stable,False,14
18.0,2025-03-24,102,22,0.3333333333333333,increase,False,15
,2008-08-18,103,17,,increase,,0
189.0,2009-02-23,103,18,3.6666666666666665,increase,False,1
126.0,2009-06-29,103,18,11.0,increase,False,2
210.0,2010-01-25,103,19,0.3888888888888889,increase,True,3
342.0,2011-01-02,103,20,1.4,stable,True,4
218.0,2011-08-08,103,20,0.0,increase,True,5
299.0,2012-06-02,103,21,1.1666666666666667,increase,False,6
22.0,2012-06-24,103,21,1.8333333333333333,stable,False,7
218.0,2013-01-28,103,22,0.0,stable,False,8
10.0,2013-02-07,103,22,-0.17647058823529413,increase,False,9
342.0,2014-01-15,103,23,0.21428571428571427,stable,False,10
115.0,2014-05-10,103,23,0.2857142857142857,stable,True,11
212.0,2014-12-08,103,23,-0.05555555555555555,stable,True,12
30.0,2015-01-07,103,24,-0.05555555555555555,stable,False,13
329.0,2015-12-02,103,24,0.058823529411764705,stable,False,14
37.0,2016-01-08,103,25,0.0,stable,False,15
238.0,2016-09-02,103,25,0.0,stable,False,16
171.0,2017-02-20,103,26,0.0,stable,False,17
128.0,2017-06-28,103,26,-0.11764705882352941,stable,False,18
218.0,2018-02-01,103,27,0.0,stable,False,19
116.0,2018-05-28,103,27,0.0,stable,False,20
205.0,2018-12-19,103,28,0.0,loss,False,21
176.0,2019-06-13,103,28,-0.2,loss,False,22
121.0,2019-10-12,103,29,-0.4,loss,True,23
297.0,2020-08-04,103,29,-0.3888888888888889,stable,False,24
30.0,2020-09-03,103,29,-0.2222222222222222,loss,False,25
196.0,2021-03-18,103,30,-0.2857142857142857,loss,True,26
141.0,2021-08-06,103,30,-0.42857142857142855,increase,True,27
139.0,2021-12-23,103,31,-0.4,increase,False,28
78.0,2022-03-11,103,31,1.0,loss,False,29
96.0,2022-06-15,103,31,0.0,increase,False,30
92.0,2022-09-15,103,31,-0.25,stable,False,31
278.0,2023-06-20,103,32,0.16666666666666666,stable,False,32
182.0,2023-12-19,103,33,-0.14285714285714285,stable,False,33
160.0,2024-05-27,103,33,-0.2857142857142857,stable,False,34
203.0,2024-12-16,103,34,0.0,stable,False,35
165.0,2025-05-30,103,34,0.0,loss,False,36
,2018-08-29,104,17,,stable,,0
245.0,2019-05-01,104,18,0.0,increase,True,1
4.0,2019-05-05,104,18,3.0,increase,True,2
4.0,2019-05-09,104,18,9.0,stable,True,3
328.0,2020-04-01,104,19,0.0,increase,True,4
68.0,2020-06-08,104,19,0.0,increase,True,5
157.0,2020-11-12,104,20,1.0,increase,False,6
54.0,2021-01-05,104,20,2.2,increase,False,7
281.0,2021-10-13,104,21,2.75,increase,True,8
78.0,2021-12-30,104,21,2.75,increase,True,9
66.0,2022-03-06,104,21,11.5,increase,True,10
15.0,2022-03-21,104,21,5.25,increase,True,11
112.0,2022-07-11,104,22,7.333333333333333,stable,False,12
74.0,2022-09-23,104,21,3.0,increase,False,13
263.0,2023-06-13,104,22,0.25,stable,False,14
122.0,2023-10-13,104,23,0.5,stable,False,15
70.0,2023-12-22,104,23,0.2,stable,False,16
90.0,2024-03-21,104,23,0.4,stable,False,17
107.0,2024-07-06,104,23,0.16666666666666666,stable,False,18
12.0,2024-07-18,104,23,0.5,loss,False,19
162.0,2024-12-27,104,24,0.14285714285714285,loss,False,20
84.0,2025-03-21,104,24,-0.3333333333333333,stable,False,21
169.0,2025-09-06,104,24,-0.25,stable,False,22
,2012-05-12,105,20,,increase,,0
12.0,2012-05-24,105,19,,increase,,1
70.0,2012-08-02,105,19,,increase,,2
705.0,2014-07-08,105,21,1.0,increase,True,3
178.0,2015-01-02,105,22,5.666666666666667,increase,True,4
149.0,2015-05-31,105,22,7.333333333333333,increase,False,5
162.0,2015-11-09,105,22,2.5,increase,False,6
36.0,2015-12-15,105,23,1.0,increase,False,7
164.0,2016-05-27,105,23,1.0,stable,False,8
250.0,2017-02-01,105,24,0.0,stable,True,9
186.0,2017-08-06,105,24,0.0,increase,False,10
68.0,2017-10-13,105,25,0.42857142857142855,increase,False,11
77.0,2017-12-29,105,25,1.2857142857142858,increase,False,12
85.0,2018-03-24,105,25,5.428571428571429,increase,False,13
104.0,2018-07-06,105,25,2.75,increase,False,14
166.0,2018-12-19,105,26,0.4444444444444444,increase,True,15
176.0,2019-06-13,105,26,0.3333333333333333,stable,True,16
121.0,2019-10-12,105,27,0.38461538461538464,stable,False,17
297.0,2020-08-04,105,27,-0.2,stable,False,18
70.0,2020-10-13,105,28,-0.1111111111111111,loss,False,19
156.0,2021-03-18,105,28,-0.09722222222222222,stable,False,20
141.0,2021-08-06,105,28,-0.25,stable,False,21
139.0,2021-12-23,105,29,-0.07692307692307693,loss,False,22
78.0,2022-03-11,105,30,-0.16666666666666666,stable,False,23
96.0,2022-06-15,105,29,-0.16666666666666666,stable,False,24
274.0,2023-03-16,105,30,-0.1,loss,False,25
96.0,2023-06-20,105,30,-0.3,stable,False,26
182.0,2023-12-19,105,31,-0.08571428571428572,loss,False,27
160.0,2024-05-27,105,31,-0.2,stable,False,28
203.0,2024-12-16,105,32,-0.10714285714285714,loss,False,29
165.0,2025-05-30,105,32,-0.2857142857142857,loss,False,30
,2021-01-08,106,20,,increase,,0
354.0,2021-12-28,106,20,0.3333333333333333,increase,True,1
523.0,2023-06-04,106,21,0.5,increase,True,2
98.0,2023-09-10,106,22,1.5,increase,True,3
100.0,2023-12-19,106,22,0.6666666666666666,increase,True,4
154.0,2024-05-21,106,22,19.0,stable,True,5
166.0,2024-11-03,106,22,3.0,increase,True,6
43.0,2024-12-16,106,23,0.0,stable,True,7
56.0,2025-02-10,106,24,0.2,stable,True,8
2.0,2025-02-12,106,24,0.0,stable,True,9
107.0,2025-05-30,106,23,3.0,increase,True,10
,2015-01-07,107,18,,stable,,0
329.0,2015-12-02,107,17,0.0,stable,False,1
275.0,2016-09-02,107,18,0.0,increase,False,2
165.0,2017-02-14,107,19,0.0,increase,True,3
134.0,2017-06-28,107,20,1.0,stable,False,4
218.0,2018-02-01,107,20,0.0,stable,False,5
321.0,2018-12-19,107,21,0.0,increase,False,6
176.0,2019-06-13,107,22,0.0,increase,False,7
126.0,2019-10-17,107,22,3.0,increase,True,8
133.0,2020-02-27,107,22,7.0,increase,True,9
159.0,2020-08-04,107,23,0.6,increase,False,10
72.0,2020-10-15,107,23,0.5,increase,False,11
68.0,2020-12-22,107,23,0.75,increase,False,12
227.0,2021-08-06,107,24,0.42857142857142855,stable,True,13
58.0,2021-10-03,107,24,0.2857142857142857,stable,False,14
81.0,2021-12-23,107,24,0.42857142857142855,loss,True,15
141.0,2022-05-13,107,25,0.0,loss,True,16
124.0,2022-09-14,107,25,-0.4,stable,True,17
43.0,2022-10-27,107,25,-0.4,stable,True,18
71.0,2023-01-06,107,26,-0.3333333333333333,stable,True,19
294.0,2023-10-27,107,26,-0.16666666666666666,loss,False,20
55.0,2023-12-21,107,26,-0.4166666666666667,stable,False,21
155.0,2024-05-24,107,27,-0.3,stable,False,22
220.0,2024-12-30,107,27,0.0,stable,False,23
148.0,2025-05-27,107,28,0.0,stable,False,24
,2022-03-11,108,19,,increase,,0
658.0,2023-12-29,108,20,0.6666666666666666,stable,True,1
353.0,2024-12-16,108,21,0.0,stable,True,2
165.0,2025-05-30,108,21,0.0,stable,True,3
,2023-06-27,109,17,,increase,,0
174.0,2023-12-18,109,18,,increase,,1
79.0,2024-03-06,109,18,9.0,increase,True,2
4.0,2024-03-10,109,19,11.0,increase,True,3
9.0,2024-03-19,109,18,5.0,increase,True,4
24.0,2024-04-12,109,19,19.0,increase,True,5
328.0,2025-03-06,109,19,9.0,stable,True,6
18.0,2025-03-24,109,19,4.0,increase,True,7
,2023-01-07,110,16,,stable,,0
348.0,2023-12-21,110,17,0.0,increase,False,1
76.0,2024-03-06,110,17,44.0,stable,True,2
19.0,2024-03-25,110,17,2.0,increase,True,3
268.0,2024-12-18,110,17,14.0,increase,True,4
97.0,2025-03-25,110,18,19.0,increase,True,5
84.0,2025-06-17,110,18,3.0,increase,False,6
,2017-05-22,111,18,,increase,,0
291.0,2018-03-09,111,19,14.0,stable,True,1
54.0,2018-05-02,111,18,0.75,increase,True,2
293.0,2019-02-19,111,19,7.571428571428571,increase,True,3
130.0,2019-06-29,111,20,7.571428571428571,increase,True,4
102.0,2019-10-09,111,20,0.3333333333333333,increase,False,5
288.0,2020-07-23,111,21,4.0,increase,False,6
12.0,2020-08-04,111,21,1.25,increase,False,7
6.0,2020-08-10,111,21,6.5,increase,True,8
84.0,2020-11-02,111,20,1.5,increase,False,9
137.0,2021-03-19,111,22,0.6666666666666666,stable,False,10
43.0,2021-05-01,111,21,3.0,increase,True,11
158.0,2021-10-06,111,22,0.0,increase,False,12
85.0,2021-12-30,111,22,0.75,increase,False,13
66.0,2022-03-06,111,23,1.5,stable,False,14
15.0,2022-03-21,111,23,1.0,increase,False,15
112.0,2022-07-11,111,23,0.7142857142857143,stable,False,16
74.0,2022-09-23,111,23,0.5,stable,False,17
181.0,2023-03-23,111,24,0.16666666666666666,stable,False,18
82.0,2023-06-13,111,24,0.16666666666666666,stable,False,19
192.0,2023-12-22,111,24,0.0,stable,False,20
197.0,2024-07-06,111,25,0.0,loss,False,21
174.0,2024-12-27,111,25,-0.21428571428571427,loss,False,22
84.0,2025-03-21,111,26,-0.2857142857142857,loss,False,23
169.0,2025-09-06,111,26,-0.36363636363636365,loss,False,24
,2011-03-05,112,19,,increase,,0
104.0,2011-06-17,112,19,,increase,,1
126.0,2011-10-21,112,20,11.0,increase,True,2
274.0,2012-07-21,112,21,1.5,increase,False,3
72.0,2012-10-01,112,20,1.0833333333333333,increase,False,4
104.0,2013-01-13,112,21,2.3333333333333335,increase,False,5
327.0,2013-12-06,112,21,0.5,increase,False,6
69.0,2014-02-13,112,22,1.0,increase,True,7
147.0,2014-07-10,112,23,0.6666666666666666,increase,True,8
461.0,2015-10-14,112,24,1.0,stable,True,9
86.0,2016-01-08,112,25,1.4,stable,True,10
238.0,2016-09-02,112,24,0.0,increase,False,11
52.0,2016-10-24,112,25,0.3333333333333333,increase,False,12
119.0,2017-02-20,112,25,1.0833333333333333,increase,False,13
128.0,2017-06-28,112,25,0.875,increase,False,14
218.0,2018-02-01,112,26,0.6666666666666666,stable,True,15
116.0,2018-05-28,112,26,0.6666666666666666,increase,True,16
142.0,2018-10-17,112,27,0.2,increase,False,17
63.0,2018-12-19,112,27,0.5,increase,False,18
176.0,2019-06-13,112,27,0.5,stable,False,19
121.0,2019-10-12,112,28,0.3333333333333333,stable,False,20
58.0,2019-12-09,112,28,0.3333333333333333,stable,False,21
239.0,2020-08-04,112,28,-0.2,stable,False,22
70.0,2020-10-13,112,29,-0.2,loss,False,23
156.0,2021-03-18,112,29,-0.125,loss,False,24
141.0,2021-08-06,112,29,-0.3125,stable,False,25
139.0,2021-12-23,112,30,-0.21428571428571427,stable,False,26
78.0,2022-03-11,112,31,-0.09090909090909091,stable,False,27
96.0,2022-06-15,112,30,0.0,stable,False,28
274.0,2023-03-16,112,31,-0.18181818181818182,loss,False,29
96.0,2023-06-20,112,31,-0.36363636363636365,stable,False,30
182.0,2023-12-19,112,32,-0.08571428571428572,stable,False,31
160.0,2024-05-27,112,32,-0.14285714285714285,stable,False,32
203.0,2024-12-16,112,33,-0.06666666666666667,loss,False,33
165.0,2025-05-30,112,33,-0.23333333333333334,loss,False,34
,2014-08-19,113,17,,increase,,0
141.0,2015-01-07,113,18,,increase,,1
48.0,2015-02-24,113,17,9.0,increase,False,2
318.0,2016-01-08,113,19,6.0,stable,True,3
238.0,2016-09-02,113,18,0.0,stable,False,4
171.0,2017-02-20,113,19,0.0,increase,False,5
128.0,2017-06-28,113,20,0.14285714285714285,increase,False,6
117.0,2017-10-23,113,20,1.2857142857142858,increase,False,7
101.0,2018-02-01,113,20,3.5,increase,False,8
116.0,2018-05-28,113,21,1.75,increase,False,9
142.0,2018-10-17,113,21,0.5555555555555556,increase,False,10
63.0,2018-12-19,113,21,0.5909090909090909,stable,False,11
176.0,2019-06-13,113,22,0.25,stable,False,12
121.0,2019-10-12,113,22,0.0,stable,False,13
292.0,2020-07-30,113,23,0.14285714285714285,stable,False,14
5.0,2020-08-04,113,22,-0.04285714285714286,stable,False,15
30.0,2020-09-03,113,22,0.2,stable,False,16
40.0,2020-10-13,113,23,0.14285714285714285,loss,False,17
156.0,2021-03-18,113,23,-0.16666666666666666,loss,False,18
141.0,2021-08-06,113,24,-0.25,stable,False,19
139.0,2021-12-23,113,24,-0.2857142857142857,stable,False,20
78.0,2022-03-11,113,25,0.0,stable,False,21
18.0,2022-03-29,113,24,-0.26666666666666666,stable,False,22
78.0,2022-06-15,113,25,-0.4,increase,False,23
92.0,2022-09-15,113,25,-0.16666666666666666,stable,False,24
278.0,2023-06-20,113,26,-0.12,stable,False,25
182.0,2023-12-19,113,26,0.0,increase,False,26
86.0,2024-03-14,113,26,0.13636363636363635,stable,False,27
74.0,2024-05-27,113,27,0.2727272727272727,stable,False,28
203.0,2024-12-16,113,27,0.0,loss,False,29
92.0,2025-03-18,113,27,-0.10714285714285714,loss,False,30
73.0,2025-05-30,113,28,-0.2857142857142857,loss,False,31
,2020-10-23,114,16,,increase,,0
93.0,2021-01-24,114,17,,increase,,1
157.0,2021-06-30,114,17,5.0,increase,True,2
402.0,2022-08-06,114,18,1.3333333333333333,increase,True,3
39.0,2022-09-14,114,18,9.0,increase,True,4
58.0,2022-11-11,114,19,22.333333333333332,increase,True,5
126.0,2023-03-17,114,19,2.3333333333333335,increase,False,6
98.0,2023-06-23,114,19,1.1428571428571428,increase,False,7
79.0,2023-09-10,114,19,1.5714285714285714,stable,True,8
100.0,2023-12-19,114,20,1.0,increase,True,9
160.0,2024-05-27,114,20,0.1111111111111111,increase,False,10
203.0,2024-12-16,114,21,0.4,increase,False,11
92.0,2025-03-18,114,21,0.75,stable,False,12
73.0,2025-05-30,114,21,1.25,loss,False,13
,2014-11-11,115,18,,increase,,0
320.0,2015-09-27,115,19,1.0,increase,True,1
268.0,2016-06-21,115,20,0.25,stable,False,2
183.0,2016-12-21,115,20,0.0,stable,False,3
96.0,2017-03-27,115,20,0.2,increase,True,4
86.0,2017-06-21,115,21,0.2,increase,True,5
127.0,2017-10-26,115,21,0.6666666666666666,increase,True,6
83.0,2018-01-17,115,21,1.5,stable,True,7
176.0,2018-07-12,115,22,2.5,stable,True,8
147.0,2018-12-06,115,22,0.13333333333333333,increase,False,9
166.0,2019-05-21,115,23,0.14285714285714285,increase,False,10
125.0,2019-09-23,115,23,3.1176470588235294,increase,True,11
86.0,2019-12-18,115,23,1.25,loss,False,12
112.0,2020-04-08,115,24,1.5714285714285714,stable,False,13
118.0,2020-08-04,115,23,-0.2222222222222222,increase,False,14
70.0,2020-10-13,115,24,0.0,stable,True,15
156.0,2021-03-18,115,24,1.2857142857142858,increase,True,16
53.0,2021-05-10,115,25,0.1111111111111111,stable,False,17
88.0,2021-08-06,115,25,-0.1111111111111111,increase,False,18
139.0,2021-12-23,115,25,0.0,increase,False,19
78.0,2022-03-11,115,26,1.25,stable,False,20
96.0,2022-06-15,115,26,0.875,stable,False,21
370.0,2023-06-20,115,27,0.2,increase,False,22
182.0,2023-12-19,115,27,0.2222222222222222,stable,False,23
160.0,2024-05-27,115,28,0.2222222222222222,stable,False,24
203.0,2024-12-16,115,28,-0.09090909090909091,loss,False,25
165.0,2025-05-30,115,29,-0.18181818181818182,loss,False,26
,2019-09-14,116,18,,increase,,0
231.0,2020-05-02,116,19,14.0,increase,False,1
80.0,2020-07-21,116,19,29.0,increase,False,2
14.0,2020-08-04,116,19,12.0,increase,False,3
167.0,2021-01-18,116,20,0.3333333333333333,increase,False,4
173.0,2021-07-10,116,20,10.538461538461538,increase,True,5
58.0,2021-09-06,116,20,1.5,increase,True,6
26.0,2021-10-02,116,20,1.5,increase,True,7
81.0,2021-12-22,116,21,4.0,stable,True,8
258.0,2022-09-06,116,21,0.0,increase,False,9
5.0,2022-09-11,116,21,0.25,increase,False,10
10.0,2022-09-21,116,21,0.25,increase,False,11
189.0,2023-03-29,116,22,0.4,increase,False,12
85.0,2023-06-22,116,22,0.6,increase,False,13
118.0,2023-10-18,116,22,0.2857142857142857,stable,False,14
57.0,2023-12-14,116,23,0.42857142857142855,stable,False,15
167.0,2024-05-29,116,23,0.1111111111111111,stable,False,16
205.0,2024-12-20,116,24,0.0,loss,False,17
137.0,2025-05-06,116,24,0.0,loss,False,18
129.0,2025-09-12,116,24,-0.24,stable,True,19
35.0,2025-10-17,116,24,-0.1,loss,True,20
140.0,2026-03-06,116,25,-0.3,stable,True,21
,2021-05-10,117,18,,increase,,0
401.0,2022-06-15,117,18,1.5,increase,False,1
323.0,2023-05-04,117,19,0.5,increase,True,2
229.0,2023-12-19,117,20,0.3333333333333333,increase,True,3
86.0,2024-03-14,117,20,9.0,increase,True,4
74.0,2024-05-27,117,20,9.0,increase,True,5
203.0,2024-12-16,117,21,0.3333333333333333,increase,False,6
92.0,2025-03-18,117,21,0.6666666666666666,stable,False,7
73.0,2025-05-30,117,21,1.0,stable,False,8
,2018-04-10,118,16,,stable,,0
262.0,2018-12-28,118,16,0.0,stable,False,1
24.0,2019-01-21,118,16,0.0,stable,False,2
319.0,2019-12-06,118,17,0.0,increase,False,3
12.0,2019-12-18,118,17,0.0,increase,True,4
230.0,2020-08-04,118,17,1.2,increase,False,5
71.0,2020-10-14,118,18,1.2,increase,False,6
19.0,2020-11-02,118,17,1.4,increase,False,7
206.0,2021-05-27,118,19,1.75,stable,False,8
5.0,2021-06-01,118,18,0.8333333333333334,increase,False,9
94.0,2021-09-03,118,18,1.3333333333333333,increase,False,10
240.0,2022-05-01,118,19,0.25,stable,False,11
97.0,2022-08-06,118,20,0.25,stable,False,12
36.0,2022-09-11,118,20,0.07142857142857142,stable,True,13
284.0,2023-06-22,118,21,0.0,stable,False,14
80.0,2023-09-10,118,21,0.16666666666666666,stable,True,15
100.0,2023-12-19,118,21,0.16666666666666666,increase,True,16
22.0,2024-01-10,118,22,0.3333333333333333,increase,True,17
138.0,2024-05-27,118,22,0.0,increase,False,18
203.0,2024-12-16,118,22,0.5714285714285714,increase,False,19
92.0,2025-03-18,118,22,1.0,increase,False,20
73.0,2025-05-30,118,23,1.1428571428571428,stable,False,21
,2012-04-19,119,19,,increase,,0
227.0,2012-12-02,119,19,1.0,increase,False,1
156.0,2013-05-07,119,20,0.7142857142857143,increase,False,2
610.0,2015-01-07,119,22,0.4166666666666667,increase,False,3
414.0,2016-02-25,119,23,0.4117647058823529,increase,True,4
394.0,2017-03-25,119,24,0.25,stable,False,5
402.0,2018-05-01,119,24,-0.03333333333333333,stable,False,6
192.0,2018-11-09,119,25,0.034482758620689655,increase,True,7
48.0,2018-12-27,119,25,0.034482758620689655,increase,True,8
283.0,2019-10-06,119,26,0.3333333333333333,increase,False,9
68.0,2019-12-13,119,26,0.3333333333333333,increase,True,10
215.0,2020-07-15,119,27,0.25,increase,False,11
20.0,2020-08-04,119,27,-0.2,increase,False,12
114.0,2020-11-26,119,27,2.0,increase,False,13
284.0,2021-09-06,119,28,0.6666666666666666,stable,False,14
26.0,2021-10-02,119,28,0.3333333333333333,stable,False,15
81.0,2021-12-22,119,28,0.6666666666666666,stable,False,16
258.0,2022-09-06,119,29,-0.2,stable,False,17
5.0,2022-09-11,119,29,-0.35,stable,False,18
284.0,2023-06-22,119,30,0.0,increase,False,19
80.0,2023-09-10,119,30,1.0,stable,True,20
100.0,2023-12-19,119,30,1.0,stable,True,21
160.0,2024-05-27,119,31,0.0,stable,False,22
203.0,2024-12-16,119,31,-0.07692307692307693,loss,False,23
92.0,2025-03-18,119,32,-0.23076923076923078,loss,False,24
73.0,2025-05-30,119,32,-0.38461538461538464,loss,False,25
,2017-09-10,120,18,,increase,,0
329.0,2018-08-05,120,19,12.333333333333334,increase,False,1
135.0,2018-12-18,120,19,15.666666666666666,increase,False,2
145.0,2019-05-12,120,20,2.125,stable,True,3
27.0,2019-06-08,120,20,1.5,stable,True,4
423.0,2020-08-04,120,21,0.1,stable,True,5
70.0,2020-10-13,120,21,0.1,stable,True,6
156.0,2021-03-18,120,22,-0.09090909090909091,stable,False,7
141.0,2021-08-06,120,22,-0.09090909090909091,increase,False,8
139.0,2021-12-23,120,22,0.0,increase,False,9
78.0,2022-03-11,120,23,2.2,loss,False,10
96.0,2022-06-15,120,23,0.6,increase,False,11
92.0,2022-09-15,120,23,-0.21875,increase,False,12
99.0,2022-12-23,120,23,1.625,increase,False,13
179.0,2023-06-20,120,24,1.6,stable,False,14
182.0,2023-12-19,120,24,0.0,increase,True,15
86.0,2024-03-14,120,25,0.07692307692307693,stable,True,16
74.0,2024-05-27,120,25,0.15384615384615385,stable,True,17
203.0,2024-12-16,120,25,0.06666666666666667,stable,False,18
92.0,2025-03-18,120,26,0.2,loss,False,19
73.0,2025-05-30,120,26,0.3333333333333333,loss,False,20
105.0,2025-09-12,120,26,0.0625,stable,False,21
175.0,2026-03-06,120,27,-0.3,stable,False,22
,2023-12-19,121,16,,increase,,0
86.0,2024-03-14,121,16,,stable,,1
288.0,2024-12-27,121,17,0.0,increase,True,2
81.0,2025-03-18,121,17,5.0,increase,True,3
73.0,2025-05-30,121,17,8.0,increase,True,4
,2020-08-07,122,17,,increase,,0
111.0,2020-11-26,122,17,,increase,,1
226.0,2021-07-10,122,18,1.7083333333333333,stable,False,2
58.0,2021-09-06,122,18,0.875,increase,False,3
26.0,2021-10-02,122,17,0.875,increase,False,4
81.0,2021-12-22,122,18,1.9166666666666667,stable,False,5
258.0,2022-09-06,122,19,0.0,increase,False,6
5.0,2022-09-11,122,19,0.0,increase,False,7
199.0,2023-03-29,122,19,0.21428571428571427,stable,False,8
85.0,2023-06-22,122,20,0.21428571428571427,increase,False,9
175.0,2023-12-14,122,20,0.17647058823529413,increase,False,10
104.0,2024-03-27,122,20,0.29411764705882354,increase,False,11
63.0,2024-05-29,122,21,0.5294117647058824,stable,False,12
205.0,2024-12-20,122,21,0.07692307692307693,loss,False,13
137.0,2025-05-06,122,22,0.07692307692307693,loss,False,14
,2017-02-07,123,16,,increase,,0
304.0,2017-12-08,123,16,1.0,increase,False,1
5.0,2017-12-13,123,17,1.5,increase,False,2
183.0,2018-06-14,123,17,1.0,increase,True,3
188.0,2018-12-19,123,18,1.0,increase,False,4
77.0,2019-03-06,123,18,11.0,increase,False,5
40.0,2019-04-15,123,18,4.0,increase,False,6
245.0,2019-12-16,123,19,2.0,increase,False,7
219.0,2020-07-22,123,19,0.6666666666666666,stable,False,8
13.0,2020-08-04,123,19,-0.1,increase,False,9
139.0,2020-12-21,123,20,0.6666666666666666,stable,False,10
16.0,2021-01-06,123,20,0.6666666666666666,stable,True,11
350.0,2021-12-22,123,21,0.12,stable,False,12
258.0,2022-09-06,123,21,0.0,increase,False,13
5.0,2022-09-11,123,22,0.25,stable,False,14
199.0,2023-03-29,123,22,0.14285714285714285,increase,False,15
85.0,2023-06-22,123,22,0.42857142857142855,increase,False,16
80.0,2023-09-10,123,22,1.0,stable,True,17
100.0,2023-12-19,123,23,0.5,stable,True,18
160.0,2024-05-27,123,23,0.07142857142857142,stable,False,19
203.0,2024-12-16,123,24,0.0,stable,False,20
92.0,2025-03-18,123,24,0.06666666666666667,stable,False,21
73.0,2025-05-30,123,24,0.06666666666666667,increase,False,22
105.0,2025-09-12,123,25,0.13333333333333333,stable,False,23
35.0,2025-10-17,123,24,0.0625,stable,False,24
140.0,2026-03-06,123,25,0.25,stable,False,25
,2022-02-11,124,20,,stable,,0
40.0,2022-03-23,124,19,,increase,,1
68.0,2022-05-30,124,19,,increase,,2
112.0,2022-09-19,124,20,3.0,increase,False,3
189.0,2023-03-27,124,20,2.5,increase,False,4
92.0,2023-06-27,124,20,8.0,increase,False,5
111.0,2023-10-16,124,21,4.0,increase,True,6
63.0,2023-12-18,124,21,3.2857142857142856,increase,True,7
79.0,2024-03-06,124,21,1.7777777777777777,increase,True,8
13.0,2024-03-19,124,21,1.2222222222222223,increase,True,9
113.0,2024-07-10,124,22,1.1666666666666667,stable,False,10
94.0,2024-10-12,124,22,0.625,stable,False,11
145.0,2025-03-06,124,22,0.07692307692307693,stable,False,12
18.0,2025-03-24,124,22,0.07692307692307693,stable,False,13
266.0,2025-12-15,124,23,0.0,increase,False,14
22.0,2026-01-06,124,23,0.0,increase,False,15
,2016-04-11,125,17,,increase,,0
436.0,2017-06-21,125,18,1.0,increase,False,1
196.0,2018-01-03,125,18,2.0,increase,False,2
83.0,2018-03-27,125,18,4.0,increase,False,3
254.0,2018-12-06,125,19,0.6,increase,False,4
22.0,2018-12-28,125,19,1.0,increase,True,5
24.0,2019-01-21,125,19,1.4,increase,True,6
51.0,2019-03-13,125,19,9.0,increase,True,7
190.0,2019-09-19,125,20,1.4,stable,False,8
78.0,2019-12-06,125,20,0.6,increase,False,9
12.0,2019-12-18,125,20,1.4,stable,False,10
230.0,2020-08-04,125,20,0.2,increase,False,11
71.0,2020-10-14,125,21,0.6666666666666666,increase,False,12
50.0,2020-12-03,125,20,0.3333333333333333,increase,False,13
128.0,2021-04-10,125,22,2.0555555555555554,stable,False,14
47.0,2021-05-27,125,22,0.8,increase,False,15
5.0,2021-06-01,125,21,0.75,increase,False,16
289.0,2022-03-17,125,22,0.7857142857142857,increase,False,17
45.0,2022-05-01,125,22,0.5714285714285714,increase,False,18
97.0,2022-08-06,125,23,1.1428571428571428,increase,False,19
39.0,2022-09-14,125,23,0.4,increase,False,20
58.0,2022-11-11,125,23,1.0454545454545454,increase,False,21
42.0,2022-12-23,125,23,1.7272727272727273,stable,False,22
179.0,2023-06-20,125,24,0.2222222222222222,stable,True,23
182.0,2023-12-19,125,24,-0.09090909090909091,stable,False,24
160.0,2024-05-27,125,25,-0.09090909090909091,stable,False,25
52.0,2024-07-18,125,25,0.1,increase,False,26
151.0,2024-12-16,125,25,0.2,stable,False,27
92.0,2025-03-18,125,25,0.2727272727272727,stable,False,28
73.0,2025-05-30,125,26,0.2727272727272727,stable,False,29
105.0,2025-09-12,125,26,0.16666666666666666,stable,False,30
175.0,2026-03-06,125,27,-0.14285714285714285,stable,False,31
,2023-11-09,126,20,,stable,,0
41.0,2023-12-20,126,20,,stable,,1
187.0,2024-06-24,126,20,0.0,increase,False,2
112.0,2024-10-14,126,21,2.0,increase,False,3
65.0,2024-12-18,126,21,3.0,increase,False,4
54.0,2025-02-10,126,22,99.0,increase,True,5
45.0,2025-03-27,126,21,7.0,increase,False,6
90.0,2025-06-25,126,21,4.0,increase,False,7
,2025-08-26,127,16,,increase,,0
17.0,2025-09-12,127,17,,increase,,1
35.0,2025-10-17,127,17,,increase,,2
140.0,2026-03-06,127,17,2.0,loss,False,3
,2014-09-23,128,16,,stable,,0
267.0,2015-06-17,128,17,0.0,increase,False,1
161.0,2015-11-25,128,18,0.5,increase,False,2
224.0,2016-07-06,128,18,0.3333333333333333,increase,False,3
100.0,2016-10-14,128,18,5.666666666666667,increase,True,4
110.0,2017-02-01,128,19,19.0,increase,True,5
55.0,2017-03-28,128,19,79.0,increase,True,6
131.0,2017-08-06,128,19,4.0,increase,False,7
68.0,2017-10-13,128,19,1.125,increase,False,8
77.0,2017-12-29,128,20,3.375,increase,False,9
189.0,2018-07-06,128,20,0.2857142857142857,increase,False,10
157.0,2018-12-10,128,20,0.42857142857142855,stable,False,11
10.0,2018-12-20,128,21,0.42857142857142855,stable,False,12
168.0,2019-06-06,128,21,0.3333333333333333,stable,False,13
189.0,2019-12-12,128,22,0.0,stable,False,14
236.0,2020-08-04,128,22,-0.2,increase,False,15
21.0,2020-08-25,128,22,-0.2,increase,False,16
126.0,2020-12-29,128,23,-0.2,increase,True,17
84.0,2021-03-23,128,23,0.25,stable,True,18
63.0,2021-05-25,128,23,0.25,stable,True,19
51.0,2021-07-15,128,23,0.4583333333333333,stable,False,20
166.0,2021-12-28,128,24,0.16666666666666666,stable,False,21
190.0,2022-07-06,128,24,-0.07142857142857142,loss,False,22
128.0,2022-11-11,128,25,-0.14285714285714285,loss,False,23
130.0,2023-03-21,128,25,-0.23076923076923078,stable,False,24
86.0,2023-06-15,128,25,-0.3333333333333333,increase,False,25
148.0,2023-11-10,128,25,-0.1,stable,False,26
40.0,2023-12-20,128,26,0.25,stable,False,27
21.0,2024-01-10,128,26,-0.25,increase,True,28
117.0,2024-05-06,128,26,-0.125,stable,False,29
211.0,2024-12-03,128,26,0.14285714285714285,loss,False,30
13.0,2024-12-16,128,27,-0.37142857142857144,stable,True,31
92.0,2025-03-18,128,27,-0.4857142857142857,stable,True,32
73.0,2025-05-30,128,27,-0.6,stable,True,33
105.0,2025-09-12,128,28,-0.18181818181818182,stable,False,34
35.0,2025-10-17,128,27,0.0,stable,False,35
140.0,2026-03-06,128,28,-0.07142857142857142,stable,False,36
,2016-06-17,129,16,,increase,,0
148.0,2016-11-12,129,17,,increase,,1
219.0,2017-06-19,129,17,2.4285714285714284,stable,True,2
13.0,2017-07-02,129,17,2.4285714285714284,stable,True,3
179.0,2017-12-28,129,18,0.0,loss,False,4
129.0,2018-05-06,129,18,0.0,loss,False,5
169.0,2018-10-22,129,19,-0.25,increase,False,6
57.0,2018-12-18,129,19,-0.5,increase,False,7
353.0,2019-12-06,129,19,1.6666666666666667,increase,True,8
14.0,2019-12-20,129,20,2.3333333333333335,increase,True,9
228.0,2020-08-04,129,20,1.25,increase,False,10
6.0,2020-08-10,129,21,1.2,increase,False,11
84.0,2020-11-02,129,20,1.5,stable,False,12
137.0,2021-03-19,129,21,0.36363636363636365,increase,False,13
43.0,2021-05-01,129,21,-0.12,increase,False,14
30.0,2021-05-31,129,21,0.6,stable,False,15
213.0,2021-12-30,129,22,0.0,increase,False,16
66.0,2022-03-06,129,22,-0.25,increase,False,17
5.0,2022-03-11,129,23,0.25,stable,True,18
188.0,2022-09-15,129,22,0.0,increase,False,19
278.0,2023-06-20,129,23,0.4,stable,False,20
182.0,2023-12-19,129,24,0.0,stable,False,21
160.0,2024-05-27,129,24,0.07142857142857142,stable,False,22
203.0,2024-12-16,129,25,0.0,increase,False,23
92.0,2025-03-18,129,25,0.3333333333333333,increase,False,24
73.0,2025-05-30,129,25,0.6,loss,False,25
105.0,2025-09-12,129,26,0.6,stable,True,26
35.0,2025-10-17,129,26,0.4,loss,True,27
140.0,2026-03-06,129,26,-0.2916666666666667,stable,True,28
,2021-04-06,130,18,,increase,,0
86.0,2021-07-01,130,18,,increase,,1
40.0,2021-08-10,130,19,,increase,,2
128.0,2021-12-16,130,19,9.0,increase,True,3
57.0,2022-02-11,130,20,9.0,stable,True,4
40.0,2022-03-23,130,19,7.0,stable,False,5
68.0,2022-05-30,130,19,10.2,loss,False,6
393.0,2023-06-27,130,21,-0.2857142857142857,stable,True,7
111.0,2023-10-16,130,21,-0.4642857142857143,increase,True,8
63.0,2023-12-18,130,21,-0.4642857142857143,increase,True,9
163.0,2024-05-29,130,21,0.3333333333333333,increase,True,10
104.0,2024-09-10,130,22,1.0,increase,True,11
101.0,2024-12-20,130,22,1.0,increase,False,12
97.0,2025-03-27,130,22,0.8333333333333334,increase,False,13
40.0,2025-05-06,130,22,1.5,stable,False,14
129.0,2025-09-12,130,23,1.125,stable,True,15
35.0,2025-10-17,130,23,0.5454545454545454,stable,True,16
140.0,2026-03-06,130,23,0.06666666666666667,stable,True,17
,2020-06-08,131,18,,increase,,0
130.0,2020-10-16,131,18,,stable,,1
263.0,2021-07-06,131,18,0.0,increase,False,2
279.0,2022-04-11,131,20,0.5,increase,False,3
51.0,2022-06-01,131,19,1.0,stable,False,4
186.0,2022-12-04,131,19,0.0,loss,False,5
276.0,2023-09-06,131,20,-0.375,increase,False,6
104.0,2023-12-19,131,21,-0.125,increase,True,7
53.0,2024-02-10,131,22,2.75,increase,True,8
56.0,2024-04-06,131,21,2.0,increase,True,9
220.0,2024-11-12,131,22,2.0,increase,False,10
134.0,2025-03-26,131,22,4.0,increase,False,11
170.0,2025-09-12,131,23,4.555555555555555,stable,True,12
35.0,2025-10-17,131,23,1.6666666666666667,increase,True,13
50.0,2025-12-06,131,22,0.2,increase,False,14
90.0,2026-03-06,131,23,3.6666666666666665,stable,True,15
,2009-02-07,132,18,,increase,,0
1457.0,2013-02-03,132,22,4.0,increase,True,1
307.0,2013-12-07,132,22,1.0,increase,False,2
237.0,2014-08-01,132,23,1.0,increase,False,3
18.0,2014-08-19,132,23,5.0,stable,False,4
141.0,2015-01-07,132,24,6.0,loss,True,5
48.0,2015-02-24,132,24,0.0,stable,False,6
319.0,2016-01-09,132,25,-0.16666666666666666,stable,True,7
237.0,2016-09-02,132,25,0.0,increase,False,8
178.0,2017-02-27,132,26,0.2,increase,False,9
121.0,2017-06-28,132,26,0.8,stable,False,10
218.0,2018-02-01,132,27,0.0,loss,False,11
116.0,2018-05-28,132,27,0.0,loss,False,12
205.0,2018-12-19,132,28,-0.2222222222222222,stable,False,13
176.0,2019-06-13,132,28,-0.2222222222222222,loss,False,14
121.0,2019-10-12,132,29,-0.14285714285714285,stable,False,15
297.0,2020-08-04,132,29,-0.2,increase,False,16
70.0,2020-10-13,132,30,-0.2,increase,False,17
65.0,2020-12-17,132,30,0.0,stable,False,18
91.0,2021-03-18,132,30,0.25,stable,False,19
141.0,2021-08-06,132,30,0.0,loss,False,20
139.0,2021-12-23,132,31,0.0,loss,False,21
78.0,2022-03-11,132,32,-0.4,loss,False,22
96.0,2022-06-15,132,31,-0.16666666666666666,loss,False,23
205.0,2023-01-06,132,32,-0.6,loss,False,24
77.0,2023-03-24,132,32,-0.52,loss,True,25
272.0,2023-12-21,132,33,-0.6666666666666666,loss,True,26
155.0,2024-05-24,132,33,-0.75,stable,True,27
40.0,2024-07-03,132,33,-0.25,stable,False,28
180.0,2024-12-30,132,34,-0.16666666666666666,stable,False,29
148.0,2025-05-27,132,34,-0.3333333333333333,stable,False,30
,2006-05-02,133,19,,stable,,0
358.0,2007-04-25,133,21,0.0,increase,True,1
343.0,2008-04-02,133,21,1.0,increase,False,2
194.0,2008-10-13,133,22,0.25,increase,True,3
292.0,2009-08-01,133,22,5.0,stable,False,4
449.0,2010-10-24,133,24,-0.16666666666666666,loss,False,5
607.0,2012-06-22,133,26,-0.6,stable,False,6
10.0,2012-07-02,133,25,-0.4,loss,False,7
216.0,2013-02-03,133,26,-0.3333333333333333,stable,True,8
307.0,2013-12-07,133,27,0.2,increase,True,9
237.0,2014-08-01,133,27,1.0,increase,False,10
68.0,2014-10-08,133,28,2.3333333333333335,increase,False,11
351.0,2015-09-24,133,29,0.5,stable,False,12
69.0,2015-12-02,133,28,0.25,increase,False,13
35.0,2016-01-06,133,30,0.5,stable,False,14
2.0,2016-01-08,133,30,0.5,stable,False,15
103.0,2016-04-20,133,30,0.0,stable,False,16
306.0,2017-02-20,133,30,0.16666666666666666,stable,False,17
128.0,2017-06-28,133,31,0.3333333333333333,stable,False,18
218.0,2018-02-01,133,31,0.0,loss,False,19
116.0,2018-05-28,133,32,0.0,loss,False,20
205.0,2018-12-19,133,32,-0.25,increase,False,21
176.0,2019-06-13,133,33,-0.25,increase,False,22
121.0,2019-10-12,133,33,1.0,stable,True,23
58.0,2019-12-09,133,33,1.0,stable,True,24
239.0,2020-08-04,133,33,-0.2,loss,False,25
70.0,2020-10-13,133,34,-0.4166666666666667,loss,False,26
156.0,2021-03-18,133,34,-0.625,loss,False,27
141.0,2021-08-06,133,35,-0.7142857142857143,loss,False,28
139.0,2021-12-23,133,35,-0.4444444444444444,loss,True,29
78.0,2022-03-11,133,36,-0.4,stable,True,30
96.0,2022-06-15,133,36,-0.2,loss,True,31
370.0,2023-06-20,133,37,-0.375,loss,False,32
182.0,2023-12-19,133,37,-0.5,stable,False,33
160.0,2024-05-27,133,38,-0.5,stable,False,34
203.0,2024-12-16,133,38,0.0,loss,False,35
165.0,2025-05-30,133,39,-0.2,loss,False,36
,2022-02-11,135,16,,loss,,0
108.0,2022-05-30,135,16,,increase,,1
112.0,2022-09-19,135,16,-0.8,increase,False,2
189.0,2023-03-27,135,17,15.0,increase,False,3
92.0,2023-06-27,135,17,19.0,increase,False,4
111.0,2023-10-16,135,17,1.25,increase,False,5
63.0,2023-12-18,135,18,2.125,increase,False,6
23.0,2024-01-10,135,18,4.5,stable,True,7
56.0,2024-03-06,135,18,4.0,stable,False,8
13.0,2024-03-19,135,18,3.0,increase,False,9
272.0,2024-12-16,135,19,0.375,stable,True,10
165.0,2025-05-30,135,19,0.375,stable,True,11
105.0,2025-09-12,135,20,0.0,stable,False,12
175.0,2026-03-06,135,20,-0.09090909090909091,stable,False,13
,2017-09-10,136,19,,increase,,0
329.0,2018-08-05,136,20,9.0,increase,False,1
135.0,2018-12-18,136,20,29.0,increase,False,2
275.0,2019-09-19,136,21,0.8333333333333334,increase,True,3
90.0,2019-12-18,136,21,2.3333333333333335,stable,True,4
230.0,2020-08-04,136,22,0.0,increase,False,5
71.0,2020-10-14,136,22,0.0,stable,False,6
50.0,2020-12-03,136,22,0.1,stable,False,7
128.0,2021-04-10,136,23,0.25,increase,False,8
39.0,2021-05-19,136,23,0.15,increase,False,9
107.0,2021-09-03,136,23,0.0,increase,False,10
189.0,2022-03-11,136,24,1.2727272727272727,stable,True,11
51.0,2022-05-01,136,23,0.45454545454545453,increase,False,12
97.0,2022-08-06,136,24,0.45454545454545453,increase,False,13
40.0,2022-09-15,136,24,0.0,stable,False,14
278.0,2023-06-20,136,25,0.0,stable,False,15
182.0,2023-12-19,136,25,0.0,stable,False,16
86.0,2024-03-14,136,26,-0.1,stable,False,17
74.0,2024-05-27,136,26,-0.1,stable,False,18
53.0,2024-07-19,136,26,0.0,stable,False,19
150.0,2024-12-16,136,26,0.1111111111111111,loss,False,20
92.0,2025-03-18,136,27,-0.1,loss,False,21
73.0,2025-05-30,136,27,-0.2,stable,False,22
105.0,2025-09-12,136,27,-0.3,increase,False,23
35.0,2025-10-17,136,27,-0.2222222222222222,increase,False,24
140.0,2026-03-06,136,28,0.0,stable,False,25
,2016-01-07,137,16,,increase,,0
377.0,2017-01-18,137,17,9.0,increase,True,1
169.0,2017-07-06,137,17,49.0,increase,True,2
195.0,2018-01-17,137,18,2.2,increase,False,3
69.0,2018-03-27,137,18,4.0,increase,False,4
14.0,2018-04-10,137,19,9.0,stable,False,5
240.0,2018-12-06,137,18,-0.2,increase,False,6
22.0,2018-12-28,137,19,0.3,stable,False,7
75.0,2019-03-13,137,19,0.4,stable,False,8
268.0,2019-12-06,137,19,0.07142857142857142,stable,False,9
6.0,2019-12-12,137,20,0.07142857142857142,stable,True,10
236.0,2020-08-04,137,20,-0.1,stable,False,11
21.0,2020-08-25,137,21,-0.06666666666666667,stable,False,12
126.0,2020-12-29,137,21,0.0,stable,False,13
149.0,2021-05-27,137,21,0.07142857142857142,stable,False,14
140.0,2021-10-14,137,22,-0.06666666666666667,stable,False,15
75.0,2021-12-28,137,22,-0.13333333333333333,stable,False,16
77.0,2022-03-15,137,22,-0.06666666666666667,stable,False,17
113.0,2022-07-06,137,22,0.07692307692307693,stable,False,18
67.0,2022-09-11,137,23,0.0,stable,True,19
199.0,2023-03-29,137,23,0.07142857142857142,stable,False,20
85.0,2023-06-22,137,23,0.07142857142857142,loss,False,21
118.0,2023-10-18,137,24,-0.06666666666666667,stable,False,22
57.0,2023-12-14,137,24,-0.13333333333333333,loss,False,23
27.0,2024-01-10,137,25,-0.26666666666666666,stable,True,24
140.0,2024-05-29,137,24,-0.07142857142857142,loss,False,25
201.0,2024-12-16,137,25,-0.3076923076923077,stable,True,26
92.0,2025-03-18,137,25,-0.38461538461538464,loss,True,27
73.0,2025-05-30,137,25,-0.4153846153846154,loss,True,28
,2024-03-14,138,17,,stable,,0
277.0,2024-12-16,138,18,0.0,increase,True,1
92.0,2025-03-18,138,18,4.0,increase,True,2
73.0,2025-05-30,138,18,15.666666666666666,increase,True,3
105.0,2025-09-12,138,19,32.333333333333336,increase,True,4
35.0,2025-10-17,138,19,5.666666666666667,increase,False,5
140.0,2026-03-06,138,19,5.0,loss,False,6
,2011-05-09,139,18,,increase,,0
310.0,2012-03-14,139,19,2.0,increase,False,1
248.0,2012-11-17,139,19,0.6666666666666666,increase,False,2
303.0,2013-09-16,139,20,2.0,increase,False,3
448.0,2014-12-08,139,21,3.0,loss,True,4
78.0,2015-02-24,139,21,1.6666666666666667,stable,True,5
212.0,2015-09-24,139,22,0.0,increase,True,6
106.0,2016-01-08,139,23,0.25,stable,True,7
103.0,2016-04-20,139,23,0.25,stable,False,8
306.0,2017-02-20,139,23,0.0,increase,False,9
128.0,2017-06-28,139,24,2.2,increase,False,10
218.0,2018-02-01,139,24,0.875,increase,True,11
116.0,2018-05-28,139,25,2.125,increase,True,12
49.0,2018-07-16,139,25,3.375,increase,True,13
28.0,2018-08-13,139,25,2.0,stable,False,14
128.0,2018-12-19,139,25,0.8,increase,False,15
176.0,2019-06-13,139,26,0.1111111111111111,stable,False,16
121.0,2019-10-12,139,26,0.5555555555555556,stable,True,17
58.0,2019-12-09,139,26,0.5555555555555556,stable,True,18
239.0,2020-08-04,139,27,-0.2,loss,False,19
70.0,2020-10-13,139,27,-0.2857142857142857,stable,False,20
65.0,2020-12-17,139,27,-0.42857142857142855,increase,False,21
91.0,2021-03-18,139,28,-0.2857142857142857,stable,False,22
71.0,2021-05-28,139,28,-0.1,stable,False,23
48.0,2021-07-15,139,28,0.25,loss,False,24
161.0,2021-12-23,139,28,0.06666666666666667,loss,False,25
78.0,2022-03-11,139,29,-0.4,stable,False,26
18.0,2022-03-29,139,29,-0.2,loss,False,27
78.0,2022-06-15,139,29,-0.24,loss,False,28
92.0,2022-09-15,139,29,0.0,stable,False,29
182.0,2023-03-16,139,30,-0.16666666666666666,stable,False,30
96.0,2023-06-20,139,30,-0.3333333333333333,stable,False,31
182.0,2023-12-19,139,30,0.0,loss,False,32
160.0,2024-05-27,139,31,-0.1,stable,False,33
203.0,2024-12-16,139,31,-0.16666666666666666,loss,False,34
165.0,2025-05-30,139,32,-0.2777777777777778,loss,False,35
,2012-10-12,140,17,,increase,,0
108.0,2013-01-28,140,17,,increase,,1
10.0,2013-02-07,140,17,,increase,,2
342.0,2014-01-15,140,18,0.5714285714285714,increase,False,3
107.0,2014-05-02,140,18,0.8571428571428571,increase,False,4
220.0,2014-12-08,140,19,0.6923076923076923,stable,True,5
30.0,2015-01-07,140,19,0.6153846153846154,stable,True,6
329.0,2015-12-02,140,19,0.0,stable,False,7
37.0,2016-01-08,140,21,0.0,stable,False,8
238.0,2016-09-02,140,20,0.0,stable,False,9
171.0,2017-02-20,140,21,-0.047619047619047616,stable,False,10
128.0,2017-06-28,140,21,-0.047619047619047616,loss,False,11
117.0,2017-10-23,140,22,-0.1,stable,False,12
101.0,2018-02-01,140,22,-0.25,stable,False,13
116.0,2018-05-28,140,22,-0.16666666666666666,stable,False,14
142.0,2018-10-17,140,23,0.2,increase,False,15
63.0,2018-12-19,140,23,0.2,increase,False,16
135.0,2019-05-03,140,23,0.3888888888888889,stable,False,17
41.0,2019-06-13,140,23,0.6666666666666666,loss,False,18
121.0,2019-10-12,140,24,0.2222222222222222,stable,False,19
292.0,2020-07-30,140,25,0.0,stable,False,20
5.0,2020-08-04,140,24,-0.20454545454545456,increase,False,21
70.0,2020-10-13,140,25,0.0,increase,False,22
156.0,2021-03-18,140,25,0.42857142857142855,increase,False,23
71.0,2021-05-28,140,25,0.5909090909090909,stable,False,24
48.0,2021-07-15,140,26,0.9090909090909091,loss,False,25
161.0,2021-12-23,140,26,0.2,loss,False,26
78.0,2022-03-11,140,27,-0.3333333333333333,stable,False,27
96.0,2022-06-15,140,26,-0.09523809523809523,stable,False,28
92.0,2022-09-15,140,27,0.07142857142857142,stable,False,29
182.0,2023-03-16,140,27,0.16666666666666666,stable,False,30
96.0,2023-06-20,140,27,0.4,stable,False,31
182.0,2023-12-19,140,28,-0.09523809523809523,loss,False,32
22.0,2024-01-10,140,29,-0.3333333333333333,loss,False,33
64.0,2024-03-14,140,28,-0.16666666666666666,loss,False,34
74.0,2024-05-27,140,28,-0.23809523809523808,loss,False,35
203.0,2024-12-16,140,29,-0.375,loss,False,36
92.0,2025-03-18,140,29,-0.5,loss,False,37
73.0,2025-05-30,140,29,-0.625,loss,False,38
,2025-03-12,141,18,,increase,,0
79.0,2025-05-30,141,18,,increase,,1
,2016-09-30,142,17,,increase,,0
273.0,2017-06-30,142,18,6.0,increase,True,1
40.0,2017-08-09,142,18,11.0,increase,True,2
198.0,2018-02-23,142,18,1.9166666666666667,increase,True,3
52.0,2018-04-16,142,19,10.666666666666666,increase,True,4
58.0,2018-06-13,142,19,24.0,stable,True,5
189.0,2018-12-19,142,19,0.0,increase,True,6
176.0,2019-06-13,142,20,0.3333333333333333,loss,True,7
121.0,2019-10-12,142,20,0.3333333333333333,loss,False,8
292.0,2020-07-30,142,21,-0.4,stable,False,9
5.0,2020-08-04,142,21,-0.1,loss,False,10
147.0,2020-12-29,142,21,-0.4,stable,True,11
67.0,2021-03-06,142,22,-0.4444444444444444,stable,True,12
17.0,2021-03-23,142,22,-0.4444444444444444,stable,True,13
275.0,2021-12-23,142,22,0.2,increase,True,14
78.0,2022-03-11,142,23,2.2,stable,True,15
18.0,2022-03-29,142,23,0.8,increase,True,16
78.0,2022-06-15,142,23,1.0,increase,True,17
92.0,2022-09-15,142,23,-0.125,increase,False,18
182.0,2023-03-16,142,23,0.25,stable,False,19
96.0,2023-06-20,142,24,0.42857142857142855,stable,False,20
182.0,2023-12-19,142,24,-0.125,stable,False,21
22.0,2024-01-10,142,25,0.0,stable,False,22
138.0,2024-05-27,142,25,-0.125,stable,False,23
203.0,2024-12-16,142,25,0.14285714285714285,loss,False,24
92.0,2025-03-18,142,26,0.0,stable,False,25
73.0,2025-05-30,142,26,-0.14285714285714285,stable,False,26
105.0,2025-09-12,142,26,-0.3,stable,False,27
35.0,2025-10-17,142,26,-0.2,stable,False,28
140.0,2026-03-06,142,27,0.0,stable,False,29
,2016-01-07,143,18,,increase,,0
392.0,2017-02-02,143,19,2.0,increase,False,1
139.0,2017-06-21,143,19,7.0,increase,False,2
196.0,2018-01-03,143,20,2.0,increase,False,3
97.0,2018-04-10,143,20,29.0,loss,True,4
240.0,2018-12-06,143,20,-0.75,increase,False,5
22.0,2018-12-28,143,21,1.0,increase,False,6
265.0,2019-09-19,143,21,0.25,loss,False,7
78.0,2019-12-06,143,21,0.5,loss,False,8
12.0,2019-12-18,143,22,0.25,loss,False,9
230.0,2020-08-04,143,22,-0.36666666666666664,increase,False,10
71.0,2020-10-14,143,22,-0.06666666666666667,increase,False,11
50.0,2020-12-03,143,22,-0.2,increase,False,12
128.0,2021-04-10,143,23,0.8947368421052632,stable,False,13
39.0,2021-05-19,143,23,0.21428571428571427,stable,False,14
13.0,2021-06-01,143,23,0.25,increase,False,15
94.0,2021-09-03,143,23,0.4166666666666667,stable,False,16
240.0,2022-05-01,143,24,0.17647058823529413,increase,False,17
97.0,2022-08-06,143,24,0.17647058823529413,increase,False,18
36.0,2022-09-11,143,24,0.47058823529411764,stable,True,19
103.0,2022-12-23,143,25,0.4,stable,True,20
181.0,2023-06-22,143,25,0.0,stable,False,21
175.0,2023-12-14,143,26,0.07142857142857142,stable,False,22
167.0,2024-05-29,143,26,0.07142857142857142,stable,False,23
201.0,2024-12-16,143,27,0.06666666666666667,loss,True,24
165.0,2025-05-30,143,27,-0.16666666666666666,loss,True,25
105.0,2025-09-12,143,28,-0.3125,stable,False,26
175.0,2026-03-06,143,28,-0.28,stable,False,27
,2022-02-11,144,18,,loss,,0
108.0,2022-05-30,144,18,,increase,,1
112.0,2022-09-19,144,18,-0.375,increase,False,2
189.0,2023-03-27,144,19,5.0,increase,False,3
92.0,2023-06-27,144,19,9.0,increase,False,4
75.0,2023-09-10,144,19,39.0,stable,True,5
100.0,2023-12-19,144,19,5.666666666666667,increase,True,6
160.0,2024-05-27,144,20,0.1,increase,False,7
203.0,2024-12-16,144,20,0.5909090909090909,increase,False,8
165.0,2025-05-30,144,21,0.8181818181818182,increase,False,9
105.0,2025-09-12,144,21,0.7142857142857143,stable,False,10
35.0,2025-10-17,144,21,0.7142857142857143,stable,False,11
140.0,2026-03-06,144,22,0.375,stable,False,12
,2022-05-08,145,18,,increase,,0
234.0,2022-12-28,145,18,1.0,increase,False,1
51.0,2023-02-17,145,18,1.4,stable,True,2
137.0,2023-07-04,145,18,0.5,stable,False,3
21.0,2023-07-25,145,19,0.5,stable,True,4
147.0,2023-12-19,145,19,0.16666666666666666,increase,True,5
78.0,2024-03-06,145,20,0.0,increase,True,6
126.0,2024-07-10,145,20,0.2857142857142857,increase,True,7
94.0,2024-10-12,145,20,0.6666666666666666,increase,False,8
145.0,2025-03-06,145,21,0.9444444444444444,stable,True,9
190.0,2025-09-12,145,21,0.14285714285714285,stable,False,10
175.0,2026-03-06,145,22,0.14285714285714285,stable,False,11
,2018-05-02,146,16,,increase,,0
305.0,2019-03-03,146,17,0.5,increase,False,1
456.0,2020-06-01,146,18,12.333333333333334,increase,False,2
64.0,2020-08-04,146,18,11.0,increase,False,3
77.0,2020-10-20,146,19,19.0,increase,False,4
104.0,2021-02-01,146,19,2.3333333333333335,increase,False,5
109.0,2021-05-21,146,20,2.3333333333333335,increase,True,6
123.0,2021-09-21,146,20,1.0,increase,True,7
97.0,2021-12-27,146,20,0.7,increase,True,8
15.0,2022-01-11,146,21,2.6,loss,True,9
140.0,2022-05-31,146,21,1.5,increase,False,10
125.0,2022-10-03,146,20,-0.3333333333333333,increase,False,11
123.0,2023-02-03,146,21,0.6666666666666666,increase,False,12
133.0,2023-06-16,146,22,3.1666666666666665,stable,False,13
122.0,2023-10-16,146,22,1.2,stable,True,14
63.0,2023-12-18,146,22,0.2,stable,True,15
23.0,2024-01-10,146,23,0.0,stable,True,16
56.0,2024-03-06,146,23,-0.1,stable,True,17
285.0,2024-12-16,146,23,0.1111111111111111,loss,True,18
165.0,2025-05-30,146,24,0.0,loss,True,19
,2022-03-11,147,17,,increase,,0
370.0,2023-03-16,147,17,1.6666666666666667,increase,False,1
96.0,2023-06-20,147,18,1.6666666666666667,increase,False,2
182.0,2023-12-19,147,18,6.5,increase,True,3
86.0,2024-03-14,147,18,42.75,increase,True,4
74.0,2024-05-27,147,19,61.5,stable,True,5
52.0,2024-07-18,147,19,8.166666666666666,stable,False,6
151.0,2024-12-16,147,19,0.1,loss,False,7
165.0,2025-05-30,147,20,-0.09090909090909091,increase,False,8
105.0,2025-09-12,147,20,-0.2727272727272727,increase,False,9
35.0,2025-10-17,147,20,-0.18181818181818182,stable,False,10
140.0,2026-03-06,147,21,0.4,loss,False,11
,2013-08-10,148,16,,increase,,0
120.0,2013-12-08,148,16,,increase,,1
202.0,2014-06-28,148,17,11.0,stable,False,2
96.0,2014-10-02,148,16,6.0,increase,False,3
272.0,2015-07-01,148,17,0.7142857142857143,stable,False,4
367.0,2016-07-02,148,18,0.0,increase,False,5
13.0,2016-07-15,148,19,0.16666666666666666,increase,False,6
190.0,2017-01-21,148,19,0.21428571428571427,increase,False,7
68.0,2017-03-30,148,19,0.42857142857142855,increase,False,8
68.0,2017-06-06,148,20,0.5714285714285714,stable,False,9
232.0,2018-01-24,148,20,0.13636363636363635,loss,True,10
72.0,2018-04-06,148,21,-0.09090909090909091,stable,True,11
255.0,2018-12-17,148,21,-0.1,increase,False,12
137.0,2019-05-03,148,21,0.1,increase,True,13
41.0,2019-06-13,148,22,0.9,stable,True,14
121.0,2019-10-12,148,22,2.0555555555555554,stable,True,15
58.0,2019-12-09,148,22,1.0454545454545454,stable,False,16
239.0,2020-08-04,148,22,-0.022222222222222223,increase,False,17
70.0,2020-10-13,148,23,0.0,increase,False,18
65.0,2020-12-17,148,23,0.1111111111111111,stable,False,19
91.0,2021-03-18,148,23,0.25,stable,False,20
69.0,2021-05-26,148,24,0.2222222222222222,stable,False,21
211.0,2021-12-23,148,24,0.0,stable,False,22
78.0,2022-03-11,148,25,-0.2727272727272727,stable,False,23
96.0,2022-06-15,148,25,0.0,loss,False,24
92.0,2022-09-15,148,25,0.125,loss,False,25
182.0,2023-03-16,148,25,-0.3333333333333333,loss,False,26
96.0,2023-06-20,148,26,-0.4444444444444444,stable,False,27
82.0,2023-09-10,148,26,-0.5555555555555556,increase,True,28
100.0,2023-12-19,148,26,-0.2,increase,True,29
22.0,2024-01-10,148,27,0.2,stable,True,30
64.0,2024-03-14,148,26,0.25,stable,False,31
74.0,2024-05-27,148,27,0.25,stable,False,32
203.0,2024-12-16,148,27,0.2,stable,False,33
92.0,2025-03-18,148,27,0.4,stable,False,34
73.0,2025-05-30,148,28,0.52,loss,False,35
105.0,2025-09-12,148,28,0.16666666666666666,stable,False,36
,2012-10-25,150,18,,increase,,0
61.0,2012-12-25,150,18,,increase,,1
62.0,2013-02-25,150,18,,increase,,2
120.0,2013-06-25,150,18,45.666666666666664,increase,False,3
196.0,2014-01-07,150,19,1.0,stable,True,4
175.0,2014-07-01,150,19,0.2857142857142857,increase,True,5
190.0,2015-01-07,150,20,0.4444444444444444,stable,False,6
175.0,2015-07-01,150,20,0.5555555555555556,stable,False,7
275.0,2016-04-01,150,21,-0.07142857142857142,stable,False,8
105.0,2016-07-15,150,21,-0.07142857142857142,stable,False,9
201.0,2017-02-01,150,22,0.07692307692307693,stable,True,10
130.0,2017-06-11,150,23,0.8461538461538461,increase,True,11
56.0,2017-08-06,150,22,0.07142857142857142,increase,False,12
158.0,2018-01-11,150,24,1.1666666666666667,increase,False,13
95.0,2018-04-16,150,23,1.6666666666666667,increase,True,14
58.0,2018-06-13,150,23,3.0,stable,True,15
19.0,2018-07-02,150,23,1.2666666666666666,increase,True,16
259.0,2019-03-18,150,24,1.0588235294117647,stable,False,17
110.0,2019-07-06,150,24,2.235294117647059,increase,False,18
118.0,2019-11-01,150,24,-0.14285714285714285,increase,False,19
9.0,2019-11-10,150,25,0.7142857142857143,stable,False,20
50.0,2019-12-30,150,25,0.7142857142857143,stable,False,21
213.0,2020-07-30,150,25,0.16666666666666666,increase,True,22
5.0,2020-08-04,150,25,-0.2,increase,True,23
70.0,2020-10-13,150,26,0.3333333333333333,stable,True,24
65.0,2020-12-17,150,26,0.5,stable,True,25
20.0,2021-01-06,150,26,0.5,stable,True,26
71.0,2021-03-18,150,26,0.875,stable,False,27
280.0,2021-12-23,150,27,0.0,stable,False,28
78.0,2022-03-11,150,28,-0.16666666666666666,stable,False,29
96.0,2022-06-15,150,27,-0.05555555555555555,stable,False,30
370.0,2023-06-20,150,28,-0.11764705882352941,stable,False,31
182.0,2023-12-19,150,29,-0.06666666666666667,loss,False,32
22.0,2024-01-10,150,30,-0.13333333333333333,stable,False,33
138.0,2024-05-27,150,29,-0.06666666666666667,loss,False,34
203.0,2024-12-16,150,30,-0.21428571428571427,loss,False,35
165.0,2025-05-30,150,30,-0.2857142857142857,loss,False,36
,2017-07-24,151,18,,increase,,0
94.0,2017-10-26,151,18,,increase,,1
83.0,2018-01-17,151,19,,increase,,2
69.0,2018-03-27,151,19,4.0,increase,False,3
254.0,2018-12-06,151,19,1.0,increase,False,4
83.0,2019-02-27,151,20,4.0,increase,True,5
106.0,2019-06-13,151,20,2.0,increase,True,6
121.0,2019-10-12,151,20,3.5,stable,True,7
58.0,2019-12-09,151,20,2.5,stable,True,8
239.0,2020-08-04,151,21,0.15714285714285714,increase,False,9
70.0,2020-10-13,151,21,0.2857142857142857,increase,False,10
156.0,2021-03-18,151,22,0.48148148148148145,increase,False,11
71.0,2021-05-28,151,22,0.6666666666666666,stable,False,12
209.0,2021-12-23,151,22,0.0,stable,False,13
78.0,2022-03-11,151,23,0.0,stable,False,14
96.0,2022-06-15,151,23,0.0,stable,False,15
274.0,2023-03-16,151,24,-0.13333333333333333,loss,False,16
96.0,2023-06-20,151,24,-0.2,loss,False,17
182.0,2023-12-19,151,24,-0.25,loss,True,18
86.0,2024-03-14,151,25,-0.3333333333333333,stable,True,19
74.0,2024-05-27,151,25,-0.4166666666666667,stable,True,20
203.0,2024-12-16,151,25,-0.08571428571428572,stable,False,21
92.0,2025-03-18,151,26,-0.2,stable,False,22
73.0,2025-05-30,151,26,-0.2,stable,False,23
105.0,2025-09-12,151,26,0.0,stable,False,24
175.0,2026-03-06,151,27,-0.10714285714285714,stable,False,25
,2016-01-06,153,18,,increase,,0
2.0,2016-01-08,153,18,,increase,,1
75.0,2016-03-23,153,18,,increase,,2
215.0,2016-10-24,153,18,2.3333333333333335,increase,False,3
119.0,2017-02-20,153,19,2.3333333333333335,increase,False,4
128.0,2017-06-28,153,19,0.8,increase,False,5
117.0,2017-10-23,153,19,2.0,increase,False,6
101.0,2018-02-01,153,20,1.7777777777777777,increase,False,7
116.0,2018-05-28,153,20,1.1666666666666667,stable,False,8
205.0,2018-12-19,153,21,0.0,increase,False,9
135.0,2019-05-03,153,21,0.23076923076923078,stable,False,10
41.0,2019-06-13,153,21,0.23076923076923078,stable,False,11
121.0,2019-10-12,153,22,0.23076923076923078,stable,False,12
292.0,2020-07-30,153,22,0.0,stable,False,13
5.0,2020-08-04,153,22,-0.2,increase,False,14
70.0,2020-10-13,153,22,0.0,stable,False,15
156.0,2021-03-18,153,23,0.328125,stable,False,16
71.0,2021-05-28,153,23,0.0625,stable,False,17
209.0,2021-12-23,153,24,0.0,stable,False,18
78.0,2022-03-11,153,25,-0.35294117647058826,increase,False,19
18.0,2022-03-29,153,24,-0.17647058823529413,stable,False,20
78.0,2022-06-15,153,24,-0.29411764705882354,increase,False,21
274.0,2023-03-16,153,25,0.3333333333333333,stable,False,22
96.0,2023-06-20,153,25,0.3333333333333333,stable,False,23
82.0,2023-09-10,153,25,0.25,stable,False,24
100.0,2023-12-19,153,26,-0.125,loss,False,25
86.0,2024-03-14,153,26,-0.2,stable,False,26
74.0,2024-05-27,153,26,-0.2,stable,False,27
203.0,2024-12-16,153,27,-0.08333333333333333,loss,False,28
56.0,2025-02-10,153,27,-0.3333333333333333,stable,True,29
36.0,2025-03-18,153,27,-0.16666666666666666,stable,True,30
73.0,2025-05-30,153,27,-0.16666666666666666,stable,True,31
,2023-06-13,154,18,,increase,,0
150.0,2023-11-10,154,18,,increase,,1
40.0,2023-12-20,154,19,16.5,increase,True,2
138.0,2024-05-06,154,19,29.0,increase,True,3
226.0,2024-12-18,154,20,0.6666666666666666,increase,False,4
90.0,2025-03-18,154,20,1.0833333333333333,increase,True,5
73.0,2025-05-30,154,20,1.0833333333333333,increase,True,6
105.0,2025-09-12,154,21,0.5,stable,True,7
175.0,2026-03-06,154,21,0.4,stable,False,8
,2018-03-20,155,18,,increase,,0
17.0,2018-04-06,155,18,,increase,,1
334.0,2019-03-06,155,19,10.666666666666666,increase,True,2
148.0,2019-08-01,155,19,2.0,increase,True,3
77.0,2019-10-17,155,20,0.42857142857142855,increase,True,4
133.0,2020-02-27,155,20,9.0,increase,True,5
159.0,2020-08-04,155,20,0.6,increase,False,6
72.0,2020-10-15,155,21,0.3333333333333333,increase,False,7
258.0,2021-06-30,155,21,0.3333333333333333,increase,False,8
95.0,2021-10-03,155,21,0.0,increase,False,9
81.0,2021-12-23,155,22,0.3333333333333333,increase,False,10
78.0,2022-03-11,155,23,0.75,stable,False,11
96.0,2022-06-15,155,22,0.8333333333333334,increase,False,12
92.0,2022-09-15,155,23,-0.10714285714285714,increase,False,13
278.0,2023-06-20,155,23,0.4,stable,False,14
182.0,2023-12-19,155,24,0.08571428571428572,increase,False,15
160.0,2024-05-27,155,24,0.14285714285714285,increase,False,16
203.0,2024-12-16,155,25,0.25,increase,False,17
165.0,2025-05-30,155,25,0.375,increase,False,18
105.0,2025-09-12,155,26,0.5,stable,True,19
35.0,2025-10-17,155,26,0.4,stable,True,20
140.0,2026-03-06,155,26,0.36363636363636365,stable,True,21
,2020-10-29,156,18,,stable,,0
61.0,2020-12-29,156,18,,stable,,1
79.0,2021-03-18,156,18,,stable,,2
141.0,2021-08-06,156,18,0.2,stable,True,3
139.0,2021-12-23,156,19,0.2,loss,False,4
174.0,2022-06-15,156,19,-0.16666666666666666,stable,False,5
91.0,2022-09-14,156,20,-0.4444444444444444,increase,True,6
43.0,2022-10-27,156,20,-0.6111111111111112,increase,True,7
71.0,2023-01-06,156,20,0.2,stable,False,8
77.0,2023-03-24,156,20,0.3,increase,False,9
270.0,2023-12-19,156,21,0.38461538461538464,increase,True,10
22.0,2024-01-10,156,22,0.6923076923076923,stable,True,11
138.0,2024-05-27,156,21,0.38461538461538464,increase,True,12
203.0,2024-12-16,156,22,0.3888888888888889,increase,False,13
92.0,2025-03-18,156,22,1.2222222222222223,stable,False,14
73.0,2025-05-30,156,22,1.5,stable,False,15
,2025-12-29,157,18,,increase,,0
67.0,2026-03-06,157,19,,loss,,1
,2017-12-07,158,18,,stable,,0
138.0,2018-04-24,158,18,,increase,,1
99.0,2018-08-01,158,18,0.0,increase,False,2
21.0,2018-08-22,158,19,124.0,stable,True,3
118.0,2018-12-18,158,19,7.333333333333333,stable,True,4
139.0,2019-05-06,158,20,0.2,stable,False,5
225.0,2019-12-17,158,20,-0.13333333333333333,stable,False,6
231.0,2020-08-04,158,20,0.038461538461538464,increase,True,7
3.0,2020-08-07,158,21,0.6923076923076923,increase,True,8
87.0,2020-11-02,158,20,0.15384615384615385,increase,True,9
24.0,2020-11-26,158,21,1.4615384615384615,stable,True,10
284.0,2021-09-06,158,22,-0.0625,stable,False,11
26.0,2021-10-02,158,21,-0.0625,loss,False,12
89.0,2021-12-30,158,22,-0.0625,loss,True,13
66.0,2022-03-06,158,23,0.0,stable,True,14
127.0,2022-07-11,158,23,-0.3333333333333333,increase,False,15
248.0,2023-03-16,158,23,0.5,stable,True,16
96.0,2023-06-20,158,24,0.25,increase,True,17
82.0,2023-09-10,158,24,0.4,increase,True,18
100.0,2023-12-19,158,24,0.28,increase,False,19
86.0,2024-03-14,158,24,0.5,stable,False,20
74.0,2024-05-27,158,25,0.6071428571428571,stable,False,21
203.0,2024-12-16,158,25,0.1111111111111111,increase,False,22
92.0,2025-03-18,158,25,0.2222222222222222,increase,False,23
73.0,2025-05-30,158,26,0.3333333333333333,increase,False,24
,2019-03-07,159,16,,stable,,0
5.0,2019-03-12,159,16,,stable,,1
507.0,2020-07-31,159,17,-0.12,increase,False,2
4.0,2020-08-04,159,16,-0.12,increase,False,3
137.0,2020-12-19,159,17,0.2,increase,False,4
49.0,2021-02-06,159,18,3.5454545454545454,increase,False,5
123.0,2021-06-09,159,18,6.2727272727272725,stable,True,6
190.0,2021-12-16,159,18,0.0,increase,False,7
162.0,2022-05-27,159,18,0.25,increase,False,8
116.0,2022-09-20,159,19,1.5,increase,False,9
21.0,2022-10-11,159,19,1.5,increase,False,10
372.0,2023-10-18,159,20,0.5,increase,True,11
49.0,2023-12-06,159,20,0.2,increase,False,12
8.0,2023-12-14,159,20,0.5,increase,True,13
104.0,2024-03-27,159,20,1.0,increase,True,14
63.0,2024-05-29,159,20,0.6666666666666666,stable,False,15
205.0,2024-12-20,159,21,0.0,stable,False,16
97.0,2025-03-27,159,21,0.3,stable,False,17
40.0,2025-05-06,159,22,0.4,stable,False,18
129.0,2025-09-12,159,22,0.2,stable,True,19
175.0,2026-03-06,159,23,0.07142857142857142,stable,True,20
,2019-02-05,160,17,,increase,,0
280.0,2019-11-12,160,18,9.0,increase,False,1
25.0,2019-12-07,160,18,9.0,increase,False,2
241.0,2020-08-04,160,18,5.3,increase,False,3
3.0,2020-08-07,160,19,8.0,stable,True,4
87.0,2020-11-02,160,18,3.0,increase,False,5
1.0,2020-11-03,160,18,6.0,increase,False,6
123.0,2021-03-06,160,20,-0.1111111111111111,stable,True,7
210.0,2021-10-02,160,19,0.125,stable,False,8
242.0,2022-06-01,160,20,-0.1111111111111111,increase,True,9
163.0,2022-11-11,160,21,0.2222222222222222,stable,True,10
23.0,2022-12-04,160,20,0.375,stable,False,11
107.0,2023-03-21,160,21,0.125,increase,True,12
86.0,2023-06-15,160,22,-0.18181818181818182,increase,True,13
148.0,2023-11-10,160,22,0.4444444444444444,increase,False,14
40.0,2023-12-20,160,22,2.3333333333333335,increase,False,15
138.0,2024-05-06,160,23,4.555555555555555,stable,False,16
211.0,2024-12-03,160,22,-0.2,loss,False,17
13.0,2024-12-16,160,23,-0.16,loss,True,18
92.0,2025-03-18,160,23,-0.3,stable,True,19
73.0,2025-05-30,160,24,-0.4,loss,True,20
105.0,2025-09-12,160,24,-0.40476190476190477,stable,False,21
35.0,2025-10-17,160,24,-0.2,loss,False,22
140.0,2026-03-06,160,25,-0.3333333333333333,stable,False,23
,2020-12-27,161,17,,increase,,0
180.0,2021-06-25,161,18,1.0,stable,True,1
184.0,2021-12-26,161,18,0.0,increase,True,2
178.0,2022-06-22,161,19,1.25,increase,True,3
175.0,2022-12-14,161,19,1.5,stable,True,4
188.0,2023-06-20,161,20,0.2,increase,False,5
183.0,2023-12-20,161,20,0.6666666666666666,increase,True,6
98.0,2024-03-27,161,21,2.3333333333333335,increase,True,7
40.0,2024-05-06,161,21,5.0,increase,True,8
144.0,2024-09-27,161,21,4.0,increase,True,9
84.0,2024-12-20,161,21,5.666666666666667,stable,True,10
88.0,2025-03-18,161,22,7.333333333333333,stable,True,11
73.0,2025-05-30,161,22,2.0,stable,True,12
,2010-03-28,162,21,,increase,,0
339.0,2011-03-02,162,22,1.0,stable,False,1
105.0,2011-06-15,162,22,1.5,stable,False,2
222.0,2012-01-23,162,23,-0.15,stable,False,3
146.0,2012-06-17,162,23,-0.35,increase,False,4
25.0,2012-07-12,162,23,-0.2,stable,False,5
482.0,2013-11-06,162,24,0.0,stable,False,6
87.0,2014-02-01,162,24,-0.25,increase,False,7
211.0,2014-08-31,162,25,0.3333333333333333,stable,True,8
162.0,2015-02-09,162,26,0.16666666666666666,stable,True,9
113.0,2015-06-02,162,26,0.0,loss,False,10
233.0,2016-01-21,162,27,-0.25,increase,False,11
47.0,2016-03-08,162,27,-0.25,increase,True,12
222.0,2016-10-16,162,27,0.5,increase,False,13
64.0,2016-12-19,162,27,0.5,increase,False,14
203.0,2017-07-10,162,28,0.7777777777777778,increase,True,15
88.0,2017-10-06,162,28,0.3333333333333333,increase,False,16
76.0,2017-12-21,162,28,1.0,increase,True,17
92.0,2018-03-23,162,29,2.75,increase,True,18
66.0,2018-05-28,162,29,5.666666666666667,increase,True,19
205.0,2018-12-19,162,29,0.25,increase,False,20
176.0,2019-06-13,162,30,0.75,stable,False,21
121.0,2019-10-12,162,30,0.4,stable,False,22
292.0,2020-07-30,162,31,0.07142857142857142,stable,False,23
5.0,2020-08-04,162,31,-0.21428571428571427,stable,False,24
70.0,2020-10-13,162,31,0.07142857142857142,loss,False,25
156.0,2021-03-18,162,32,0.09090909090909091,stable,False,26
74.0,2021-05-31,162,32,-0.3333333333333333,stable,False,27
206.0,2021-12-23,162,32,0.0,loss,False,28
78.0,2022-03-11,162,33,-0.2,loss,True,29
96.0,2022-06-15,162,33,-0.2,loss,False,30
274.0,2023-03-16,162,34,-0.375,loss,False,31
96.0,2023-06-20,162,34,-0.625,loss,False,32
182.0,2023-12-19,162,34,-0.3333333333333333,stable,False,33
160.0,2024-05-27,162,35,-0.3333333333333333,stable,False,34
203.0,2024-12-16,162,35,0.0,loss,False,35
165.0,2025-05-30,162,36,0.0,loss,False,36
,2020-07-30,163,21,,stable,,0
35.0,2020-09-03,163,21,,increase,,1
225.0,2021-04-16,163,22,0.25,stable,True,2
144.0,2021-09-07,163,22,0.25,stable,True,3
107.0,2021-12-23,163,22,0.0,stable,True,4
78.0,2022-03-11,163,23,0.2,stable,True,5
96.0,2022-06-15,163,23,0.2,stable,True,6
370.0,2023-06-20,163,24,0.0,increase,False,7
82.0,2023-09-10,163,24,1.0,stable,False,8
100.0,2023-12-19,163,24,1.0,stable,False,9
160.0,2024-05-27,163,25,0.0,stable,False,10
203.0,2024-12-16,163,25,0.0,stable,False,11
165.0,2025-05-30,163,26,0.0,stable,False,12
,2019-03-07,164,19,,increase,,0
480.0,2020-06-29,164,20,71.0,increase,False,1
107.0,2020-10-14,164,20,79.0,stable,True,2
217.0,2021-05-19,164,20,0.1,stable,False,3
13.0,2021-06-01,164,20,0.25,increase,False,4
94.0,2021-09-03,164,20,0.1,increase,False,5
82.0,2021-11-24,164,21,-0.09090909090909091,increase,True,6
107.0,2022-03-11,164,22,1.2727272727272727,stable,True,7
63.0,2022-05-13,164,21,1.2727272727272727,stable,True,8
307.0,2023-03-16,164,22,-0.2,increase,True,9
96.0,2023-06-20,164,23,0.0,increase,True,10
182.0,2023-12-19,164,23,2.0,increase,False,11
22.0,2024-01-10,164,24,3.4,increase,False,12
138.0,2024-05-27,164,23,2.6,increase,False,13
203.0,2024-12-16,164,24,0.7777777777777778,stable,False,14
165.0,2025-05-30,164,24,0.7777777777777778,increase,False,15
105.0,2025-09-12,164,25,0.09375,increase,False,16
35.0,2025-10-17,164,25,0.09375,increase,False,17
,2020-01-17,165,18,,stable,,0
164.0,2020-06-29,165,19,,stable,,1
36.0,2020-08-04,165,18,-0.12,increase,False,2
81.0,2020-10-24,165,19,-0.04,increase,False,3
68.0,2020-12-31,165,19,0.0,increase,False,4
191.0,2021-07-10,165,20,1.3076923076923077,increase,True,5
165.0,2021-12-22,165,20,1.3076923076923077,increase,True,6
258.0,2022-09-06,165,21,0.3333333333333333,increase,False,7
5.0,2022-09-11,165,21,1.6666666666666667,increase,False,8
10.0,2022-09-21,165,21,1.6666666666666667,increase,False,9
189.0,2023-03-29,165,21,1.25,increase,False,10
85.0,2023-06-22,165,22,2.75,increase,False,11
80.0,2023-09-10,165,22,4.0,increase,True,12
100.0,2023-12-19,165,22,0.5,increase,True,13
86.0,2024-03-14,165,22,0.25,stable,False,14
74.0,2024-05-27,165,23,0.375,stable,False,15
203.0,2024-12-16,165,23,0.0,stable,False,16
165.0,2025-05-30,165,24,-0.09090909090909091,stable,False,17
,2017-02-13,166,19,,increase,,0
209.0,2017-09-10,166,20,1.8571428571428572,increase,False,1
329.0,2018-08-05,166,20,0.8,increase,False,2
135.0,2018-12-18,166,21,1.25,increase,False,3
172.0,2019-06-08,166,22,2.888888888888889,stable,False,4
193.0,2019-12-18,166,22,0.0,stable,True,5
230.0,2020-08-04,166,22,0.0,increase,False,6
71.0,2020-10-14,166,23,1.1428571428571428,increase,False,7
50.0,2020-12-03,166,22,0.2857142857142857,increase,False,8
5.0,2020-12-08,166,23,0.9285714285714286,increase,False,9
123.0,2021-04-10,166,24,1.5714285714285714,stable,False,10
39.0,2021-05-19,166,24,0.26666666666666666,stable,False,11
13.0,2021-06-01,166,23,1.0,stable,False,12
94.0,2021-09-03,166,23,0.48148148148148145,stable,False,13
189.0,2022-03-11,166,25,-0.15,increase,True,14
51.0,2022-05-01,166,24,-0.4,increase,False,15
97.0,2022-08-06,166,25,-0.15,increase,False,16
318.0,2023-06-20,166,26,0.29411764705882354,stable,True,17
182.0,2023-12-19,166,26,-0.09090909090909091,stable,False,18
160.0,2024-05-27,166,27,0.0,stable,False,19
203.0,2024-12-16,166,27,0.09090909090909091,stable,False,20
165.0,2025-05-30,166,28,0.0,stable,False,21
,2016-06-12,167,19,,increase,,0
599.0,2018-02-01,167,20,3.0,increase,False,1
235.0,2018-09-24,167,21,1.0,increase,True,2
156.0,2019-02-27,167,21,2.5,stable,True,3
232.0,2019-10-17,167,22,0.0,stable,True,4
133.0,2020-02-27,167,22,0.0,stable,True,5
159.0,2020-08-04,167,22,-0.2,increase,False,6
70.0,2020-10-13,167,23,-0.2,increase,True,7
65.0,2020-12-17,167,23,0.42857142857142855,increase,True,8
91.0,2021-03-18,167,23,2.5714285714285716,increase,True,9
141.0,2021-08-06,167,23,1.4,increase,False,10
110.0,2021-11-24,167,24,0.5,stable,False,11
107.0,2022-03-11,167,25,0.5,stable,False,12
63.0,2022-05-13,167,24,0.25,stable,False,13
125.0,2022-09-15,167,24,0.0,stable,False,14
182.0,2023-03-16,167,25,-0.16666666666666666,stable,False,15
96.0,2023-06-20,167,25,-0.1111111111111111,loss,False,16
82.0,2023-09-10,167,26,-0.3333333333333333,increase,False,17
100.0,2023-12-19,167,26,-0.25,increase,False,18
86.0,2024-03-14,167,26,0.25,increase,False,19
74.0,2024-05-27,167,26,0.6666666666666666,stable,False,20
203.0,2024-12-16,167,27,0.0,stable,True,21
165.0,2025-05-30,167,27,0.0,stable,True,22
105.0,2025-09-12,167,28,0.0,stable,False,23
175.0,2026-03-06,167,28,-0.2,stable,False,24
,2012-10-17,168,19,,increase,,0
29.0,2012-11-15,168,19,,increase,,1
74.0,2013-01-28,168,19,,increase,,2
10.0,2013-02-07,168,20,,increase,,3
342.0,2014-01-15,168,20,0.8333333333333334,increase,False,4
327.0,2014-12-08,168,21,0.8181818181818182,stable,True,5
30.0,2015-01-07,168,22,0.45454545454545453,stable,True,6
329.0,2015-12-02,168,21,0.125,stable,False,7
35.0,2016-01-06,168,23,0.0,stable,False,8
2.0,2016-01-08,168,23,0.125,stable,False,9
238.0,2016-09-02,168,22,-0.1111111111111111,increase,False,10
171.0,2017-02-20,168,23,0.0,increase,False,11
128.0,2017-06-28,168,24,0.5,increase,False,12
117.0,2017-10-23,168,24,0.6666666666666666,increase,False,13
101.0,2018-02-01,168,24,0.5,increase,False,14
116.0,2018-05-28,168,25,0.6666666666666666,stable,False,15
205.0,2018-12-19,168,25,0.0,stable,False,16
176.0,2019-06-13,168,26,0.0,loss,False,17
121.0,2019-10-12,168,26,-0.12,loss,False,18
297.0,2020-08-04,168,26,-0.20454545454545456,stable,False,19
70.0,2020-10-13,168,27,-0.20454545454545456,stable,False,20
156.0,2021-03-18,168,27,-0.08571428571428572,stable,False,21
68.0,2021-05-25,168,28,-0.08571428571428572,stable,False,22
212.0,2021-12-23,168,28,0.125,stable,False,23
78.0,2022-03-11,168,29,0.25,loss,False,24
18.0,2022-03-29,168,28,0.25,loss,False,25
78.0,2022-06-15,168,29,0.25,loss,False,26
370.0,2023-06-20,168,30,-0.25,stable,False,27
182.0,2023-12-19,168,30,0.0,loss,False,28
86.0,2024-03-14,168,30,-0.2,loss,False,29
74.0,2024-05-27,168,31,-0.3333333333333333,stable,False,30
203.0,2024-12-16,168,31,-0.2,loss,False,31
165.0,2025-05-30,168,32,-0.4,loss,False,32
,2020-10-29,169,17,,increase,,0
61.0,2020-12-29,169,18,,increase,,1
67.0,2021-03-06,169,18,,increase,,2
222.0,2021-10-14,169,18,3.0,increase,True,3
75.0,2021-12-28,169,19,6.0,increase,True,4
77.0,2022-03-15,169,19,8.0,increase,True,5
113.0,2022-07-06,169,19,1.4285714285714286,increase,False,6
83.0,2022-09-27,169,19,1.2222222222222223,increase,True,7
45.0,2022-11-11,169,19,1.4444444444444444,stable,True,8
216.0,2023-06-15,169,20,0.13636363636363635,increase,False,9
87.0,2023-09-10,169,20,0.7272727272727273,stable,False,10
100.0,2023-12-19,169,21,0.6,stable,False,11
86.0,2024-03-14,169,21,0.18421052631578946,stable,False,12
74.0,2024-05-27,169,21,0.18421052631578946,stable,False,13
203.0,2024-12-16,169,22,0.0,stable,False,14
165.0,2025-05-30,169,22,-0.1111111111111111,loss,False,15
105.0,2025-09-12,169,23,-0.1111111111111111,stable,False,16
175.0,2026-03-06,169,23,-0.25,stable,False,17
,2013-08-10,170,19,,increase,,0
187.0,2014-02-13,170,19,7.0,increase,False,1
298.0,2014-12-08,170,20,4.833333333333333,increase,True,2
290.0,2015-09-24,170,21,0.42857142857142855,stable,False,3
69.0,2015-12-02,170,20,0.42857142857142855,increase,False,4
37.0,2016-01-08,170,22,1.0,stable,False,5
103.0,2016-04-20,170,22,0.2,stable,False,6
306.0,2017-02-20,170,22,0.16666666666666666,increase,False,7
128.0,2017-06-28,170,23,0.16666666666666666,increase,False,8
218.0,2018-02-01,170,23,0.42857142857142855,increase,True,9
116.0,2018-05-28,170,24,2.5714285714285716,increase,True,10
142.0,2018-10-17,170,24,2.5,increase,False,11
63.0,2018-12-19,170,24,0.8,increase,False,12
135.0,2019-05-03,170,24,0.42857142857142855,increase,False,13
41.0,2019-06-13,170,25,0.7142857142857143,stable,False,14
121.0,2019-10-12,170,25,0.7777777777777778,stable,False,15
297.0,2020-08-04,170,26,-0.2,stable,False,16
70.0,2020-10-13,170,26,-0.0625,stable,False,17
156.0,2021-03-18,170,27,0.09375,stable,False,18
71.0,2021-05-28,170,27,-0.13333333333333333,stable,False,19
209.0,2021-12-23,170,27,0.0,loss,False,20
78.0,2022-03-11,170,28,-0.15384615384615385,stable,False,21
96.0,2022-06-15,170,28,0.0,loss,False,22
274.0,2023-03-16,170,29,-0.26153846153846155,loss,False,23
96.0,2023-06-20,170,29,-0.38461538461538464,stable,False,24
182.0,2023-12-19,170,29,-0.125,loss,False,25
160.0,2024-05-27,170,30,-0.25,stable,False,26
203.0,2024-12-16,170,30,-0.16666666666666666,loss,False,27
92.0,2025-03-18,170,31,-0.3333333333333333,loss,False,28
73.0,2025-05-30,170,31,-0.4,loss,False,29
105.0,2025-09-12,170,31,-0.52,stable,False,30
35.0,2025-10-17,170,31,-0.25,loss,False,31
140.0,2026-03-06,170,32,-0.6111111111111112,increase,False,32
,2018-05-07,171,18,,increase,,0
177.0,2018-10-31,171,19,,increase,,1
51.0,2018-12-21,171,19,9.0,stable,True,2
320.0,2019-11-06,171,19,0.0,stable,False,3
44.0,2019-12-20,171,20,0.0,stable,True,4
228.0,2020-08-04,171,20,-0.1,increase,False,5
79.0,2020-10-22,171,21,-0.1,increase,True,6
98.0,2021-01-28,171,21,0.1,increase,True,7
56.0,2021-03-25,171,21,0.8888888888888888,increase,True,8
67.0,2021-05-31,171,21,1.2222222222222223,increase,False,9
210.0,2021-12-27,171,22,0.25,increase,False,10
15.0,2022-01-11,171,23,0.25,increase,False,11
140.0,2022-05-31,171,22,0.25,increase,False,12
289.0,2023-03-16,171,23,0.4,increase,True,13
96.0,2023-06-20,171,23,0.6,stable,True,14
182.0,2023-12-19,171,24,0.125,stable,False,15
160.0,2024-05-27,171,24,0.125,stable,False,16
203.0,2024-12-16,171,25,0.0,stable,False,17
165.0,2025-05-30,171,25,-0.15555555555555556,stable,False,18
105.0,2025-09-12,171,26,-0.1111111111111111,stable,False,19
35.0,2025-10-17,171,26,-0.1111111111111111,stable,False,20
,2022-03-11,172,16,,increase,,0
595.0,2023-10-27,172,17,29.0,increase,True,1
55.0,2023-12-21,172,17,69.0,stable,True,2
20.0,2024-01-10,172,18,124.0,stable,True,3
135.0,2024-05-24,172,18,2.0,increase,False,4
40.0,2024-07-03,172,17,0.14285714285714285,increase,False,5
166.0,2024-12-16,172,18,0.3888888888888889,increase,True,6
92.0,2025-03-18,172,19,1.1875,stable,True,7
73.0,2025-05-30,172,19,1.375,stable,True,8
,2018-01-02,173,17,,increase,,0
167.0,2018-06-18,173,18,,increase,,1
213.0,2019-01-17,173,18,1.1428571428571428,increase,False,2
109.0,2019-05-06,173,19,2.5714285714285716,stable,False,3
96.0,2019-08-10,173,19,1.0,stable,False,4
124.0,2019-12-12,173,19,0.2,stable,False,5
82.0,2020-03-03,173,19,0.16666666666666666,stable,False,6
154.0,2020-08-04,173,19,0.05,stable,False,7
21.0,2020-08-25,173,20,0.06666666666666667,stable,False,8
126.0,2020-12-29,173,20,-0.08571428571428572,stable,True,9
67.0,2021-03-06,173,21,-0.15625,increase,True,10
297.0,2021-12-28,173,21,0.2962962962962963,increase,False,11
77.0,2022-03-15,173,21,0.48148148148148145,increase,False,12
113.0,2022-07-06,173,22,0.42857142857142855,stable,False,13
128.0,2022-11-11,173,22,0.25,stable,False,14
216.0,2023-06-15,173,23,0.0,stable,False,15
87.0,2023-09-10,173,23,0.2,loss,True,16
100.0,2023-12-19,173,23,-0.2,stable,True,17
160.0,2024-05-27,173,24,-0.36666666666666664,stable,False,18
203.0,2024-12-16,173,24,0.0,increase,False,19
92.0,2025-03-18,173,24,0.18421052631578946,increase,False,20
73.0,2025-05-30,173,25,0.5789473684210527,increase,False,21
105.0,2025-09-12,173,25,0.9736842105263158,stable,False,22
35.0,2025-10-17,173,25,0.6666666666666666,stable,False,23
140.0,2026-03-06,173,26,0.3333333333333333,stable,False,24
,2015-07-14,174,18,,increase,,0
324.0,2016-06-02,174,18,1.9,stable,False,1
67.0,2016-08-08,174,19,1.5,stable,False,2
189.0,2017-02-13,174,19,0.2,increase,False,3
242.0,2017-10-13,174,20,0.5,increase,True,4
77.0,2017-12-29,174,20,1.0833333333333333,stable,True,5
189.0,2018-07-06,174,20,0.2,increase,False,6
10.0,2018-07-16,174,21,0.6,increase,False,7
157.0,2018-12-20,174,21,1.8,stable,False,8
168.0,2019-06-06,174,21,0.75,stable,False,9
189.0,2019-12-12,174,22,0.14285714285714285,stable,False,10
82.0,2020-03-03,174,22,0.42857142857142855,stable,False,11
154.0,2020-08-04,174,22,0.0,stable,False,12
21.0,2020-08-25,174,23,0.25,loss,False,13
126.0,2020-12-29,174,23,-0.08,loss,False,14
67.0,2021-03-06,174,23,-0.3,stable,False,15
17.0,2021-03-23,174,23,-0.2,loss,False,16
205.0,2021-10-14,174,24,-0.25,stable,False,17
75.0,2021-12-28,174,24,-0.375,increase,False,18
73.0,2022-03-11,174,25,0.0,stable,True,19
96.0,2022-06-15,174,24,-0.06666666666666667,increase,True,20
92.0,2022-09-15,174,25,-0.125,stable,False,21
278.0,2023-06-20,174,25,0.14285714285714285,stable,False,22
182.0,2023-12-19,174,26,-0.125,stable,False,23
160.0,2024-05-27,174,26,-0.125,stable,False,24
203.0,2024-12-16,174,27,0.0,loss,False,25
92.0,2025-03-18,174,27,-0.14285714285714285,loss,False,26
73.0,2025-05-30,174,27,-0.14285714285714285,loss,False,27
105.0,2025-09-12,174,28,-0.22857142857142856,stable,False,28
175.0,2026-03-06,174,28,-0.3333333333333333,stable,False,29
,2022-01-11,175,18,,loss,,0
248.0,2022-09-16,175,18,-0.6666666666666666,increase,False,1
273.0,2023-06-16,175,18,2.0,increase,False,2
194.0,2023-12-27,175,19,1.0,increase,True,3
14.0,2024-01-10,175,20,7.0,loss,True,4
148.0,2024-06-06,175,19,4.333333333333333,increase,True,5
58.0,2024-08-03,175,19,-0.6666666666666666,increase,True,6
135.0,2024-12-16,175,20,0.875,increase,True,7
165.0,2025-05-30,175,20,2.75,increase,True,8
105.0,2025-09-12,175,21,1.1333333333333333,stable,True,9
35.0,2025-10-17,175,21,1.1333333333333333,stable,True,10
140.0,2026-03-06,175,21,2.3333333333333335,loss,True,11
,2022-12-28,176,16,,increase,,0
181.0,2023-06-27,176,17,1.5,increase,True,1
46.0,2023-08-12,176,17,5.25,increase,True,2
32.0,2023-09-13,176,17,3.375,increase,True,3
119.0,2024-01-10,176,18,5.0,stable,True,4
155.0,2024-06-13,176,18,1.8571428571428572,stable,False,5
186.0,2024-12-16,176,18,0.2,increase,True,6
92.0,2025-03-18,176,19,1.5,increase,True,7
73.0,2025-05-30,176,19,2.8,stable,True,8
,2019-10-17,177,19,,increase,,0
133.0,2020-02-27,177,20,,stable,,1
159.0,2020-08-04,177,20,1.7,increase,True,2
70.0,2020-10-13,177,20,-0.1,increase,True,3
65.0,2020-12-17,177,20,0.6666666666666666,increase,True,4
91.0,2021-03-18,177,21,1.2222222222222223,increase,True,5
141.0,2021-08-06,177,21,0.5,increase,True,6
139.0,2021-12-23,177,21,0.8333333333333334,increase,True,7
78.0,2022-03-11,177,22,1.1333333333333333,stable,True,8
18.0,2022-03-29,177,22,0.6666666666666666,increase,True,9
78.0,2022-06-15,177,22,0.6666666666666666,increase,False,10
92.0,2022-09-15,177,22,-0.0625,stable,False,11
278.0,2023-06-20,177,23,0.06666666666666667,increase,False,12
82.0,2023-09-10,177,23,0.3333333333333333,stable,False,13
100.0,2023-12-19,177,23,0.3125,stable,False,14
86.0,2024-03-14,177,24,0.2,stable,False,15
74.0,2024-05-27,177,24,0.25,stable,False,16
214.0,2024-12-27,177,24,-0.2,stable,True,17
253.0,2025-09-06,177,25,0.0,stable,False,18
,2021-04-06,178,18,,increase,,0
150.0,2021-09-03,178,17,,increase,,1
104.0,2021-12-16,178,18,2.0,increase,False,2
97.0,2022-03-23,178,18,5.0,increase,True,3
68.0,2022-05-30,178,19,7.0,increase,True,4
107.0,2022-09-14,178,19,4.333333333333333,increase,True,5
58.0,2022-11-11,178,19,5.0,increase,True,6
126.0,2023-03-17,178,19,2.75,increase,False,7
98.0,2023-06-23,178,20,1.2222222222222223,increase,False,8
117.0,2023-10-18,178,20,1.3333333333333333,stable,True,9
57.0,2023-12-14,178,20,1.3333333333333333,stable,True,10
104.0,2024-03-27,178,20,1.0,stable,True,11
63.0,2024-05-29,178,21,0.14285714285714285,stable,False,12
205.0,2024-12-20,178,21,0.0,loss,False,13
97.0,2025-03-27,178,21,-0.125,loss,False,14
40.0,2025-05-06,178,22,-0.125,loss,False,15
129.0,2025-09-12,178,22,-0.25,stable,True,16
175.0,2026-03-06,178,23,-0.42857142857142855,increase,True,17
,2014-10-26,179,17,,increase,,0
124.0,2015-02-27,179,18,,increase,,1
231.0,2015-10-16,179,18,2.0,increase,False,2
75.0,2015-12-30,179,19,9.0,increase,False,3
10.0,2016-01-09,179,19,29.0,stable,True,4
142.0,2016-05-30,179,19,9.0,stable,False,5
273.0,2017-02-27,179,20,0.0,increase,True,6
203.0,2017-09-18,179,20,0.3333333333333333,increase,False,7
162.0,2018-02-27,179,21,5.666666666666667,increase,False,8
167.0,2018-08-13,179,21,10.0,increase,True,9
65.0,2018-10-17,179,21,1.8,increase,True,10
63.0,2018-12-19,179,22,2.0,increase,True,11
176.0,2019-06-13,179,22,0.42857142857142855,increase,False,12
121.0,2019-10-12,179,23,1.0,stable,False,13
58.0,2019-12-09,179,22,0.5,increase,False,14
234.0,2020-07-30,179,23,0.2222222222222222,stable,False,15
5.0,2020-08-04,179,23,0.06666666666666667,increase,False,16
70.0,2020-10-13,179,23,0.2222222222222222,stable,False,17
156.0,2021-03-18,179,24,0.25,stable,False,18
53.0,2021-05-10,179,24,-0.09090909090909091,stable,False,19
88.0,2021-08-06,179,24,0.0,stable,False,20
139.0,2021-12-23,179,25,0.0,stable,False,21
78.0,2022-03-11,179,25,0.0,stable,False,22
96.0,2022-06-15,179,25,-0.09090909090909091,stable,False,23
370.0,2023-06-20,179,26,0.2,stable,False,24
82.0,2023-09-10,179,26,0.4,stable,True,25
100.0,2023-12-19,179,27,0.16666666666666666,stable,True,26
160.0,2024-05-27,179,27,0.0,stable,False,27
203.0,2024-12-16,179,28,-0.14285714285714285,loss,False,28
92.0,2025-03-18,179,28,-0.2857142857142857,loss,False,29
73.0,2025-05-30,179,28,-0.4,loss,False,30
105.0,2025-09-12,179,29,-0.5,stable,False,31
35.0,2025-10-17,179,28,-0.3,loss,False,32
140.0,2026-03-06,179,29,-0.5238095238095238,increase,False,33
,2019-06-17,180,19,,increase,,0
54.0,2019-08-10,180,19,,increase,,1
124.0,2019-12-12,180,19,,increase,,2
236.0,2020-08-04,180,19,0.26,increase,False,3
21.0,2020-08-25,180,20,0.6,stable,False,4
65.0,2020-10-29,180,20,0.8,stable,True,5
4.0,2020-11-02,180,19,0.4,stable,False,6
57.0,2020-12-29,180,20,0.8,loss,True,7
153.0,2021-05-31,180,21,0.14285714285714285,loss,True,8
136.0,2021-10-14,180,21,-0.2222222222222222,stable,False,9
75.0,2021-12-28,180,21,-0.25,increase,False,10
73.0,2022-03-11,180,22,0.25,stable,True,11
18.0,2022-03-29,180,21,-0.125,increase,True,12
78.0,2022-06-15,180,22,0.14285714285714285,increase,True,13
92.0,2022-09-15,180,22,0.0,stable,False,14
182.0,2023-03-16,180,22,0.1,stable,False,15
96.0,2023-06-20,180,23,0.0,stable,False,16
182.0,2023-12-19,180,23,0.1,stable,False,17
160.0,2024-05-27,180,24,0.1,stable,False,18
203.0,2024-12-16,180,24,0.09090909090909091,loss,False,19
165.0,2025-05-30,180,25,-0.09090909090909091,loss,False,20
105.0,2025-09-12,180,25,-0.25,loss,False,21
175.0,2026-03-06,180,26,-0.66,increase,False,22
,2021-05-28,181,17,,stable,,0
97.0,2021-09-02,181,16,,increase,,1
106.0,2021-12-17,181,17,0.0,stable,False,2
169.0,2022-06-04,181,17,1.0,stable,False,3
160.0,2022-11-11,181,18,0.2,stable,True,4
224.0,2023-06-23,181,19,-0.16666666666666666,increase,False,5
112.0,2023-10-13,181,19,2.3333333333333335,increase,True,6
70.0,2023-12-22,181,19,5.0,increase,True,7
90.0,2024-03-21,181,19,7.0,increase,True,8
107.0,2024-07-06,181,20,0.6666666666666666,stable,False,9
163.0,2024-12-16,181,20,0.375,stable,True,10
165.0,2025-05-30,181,21,0.0,loss,True,11
105.0,2025-09-12,181,21,-0.18181818181818182,stable,False,12
175.0,2026-03-06,181,22,-0.3,stable,False,13
,2021-08-10,182,16,,increase,,0
128.0,2021-12-16,182,16,,increase,,1
165.0,2022-05-30,182,17,1.0,increase,False,2
104.0,2022-09-11,182,17,9.0,stable,True,3
10.0,2022-09-21,182,17,9.0,stable,True,4
274.0,2023-06-22,182,18,0.0,increase,False,5
118.0,2023-10-18,182,18,1.5,stable,False,6
57.0,2023-12-14,182,18,1.5,loss,False,7
104.0,2024-03-27,182,18,1.0,loss,False,8
63.0,2024-05-29,182,19,-0.2,loss,False,9
205.0,2024-12-20,182,19,-0.25,stable,False,10
88.0,2025-03-18,182,19,0.0,loss,True,11
73.0,2025-05-30,182,20,-0.125,loss,True,12
105.0,2025-09-12,182,20,0.0,stable,True,13
175.0,2026-03-06,182,21,-0.37142857142857144,stable,False,14
,2022-02-11,183,17,,loss,,0
220.0,2022-09-19,183,17,-0.3,increase,False,1
281.0,2023-06-27,183,18,0.7142857142857143,increase,False,2
75.0,2023-09-10,183,18,1.5714285714285714,stable,True,3
100.0,2023-12-19,183,19,1.8571428571428572,increase,True,4
22.0,2024-01-10,183,19,2.0,stable,True,5
138.0,2024-05-27,183,19,0.1111111111111111,increase,False,6
203.0,2024-12-16,183,20,0.8,increase,True,7
165.0,2025-05-30,183,20,1.0,stable,True,8
105.0,2025-09-12,183,21,0.2222222222222222,stable,False,9
175.0,2026-03-06,183,21,-0.1,stable,False,10
,2019-03-22,184,18,,increase,,0
90.0,2019-06-20,184,18,,stable,,1
294.0,2020-04-09,184,19,0.0,increase,True,2
280.0,2021-01-14,184,20,2.0,increase,True,3
54.0,2021-03-09,184,20,3.5,increase,True,4
119.0,2021-07-06,184,20,2.0,increase,True,5
167.0,2021-12-20,184,20,3.4444444444444446,increase,False,6
149.0,2022-05-18,184,21,14.0,increase,False,7
22.0,2022-06-09,184,21,24.0,increase,False,8
3.0,2022-06-12,184,21,65.66666666666667,increase,False,9
277.0,2023-03-16,184,22,0.5,loss,True,10
96.0,2023-06-20,184,22,0.25,stable,True,11
82.0,2023-09-10,184,22,0.125,loss,True,12
100.0,2023-12-19,184,22,-0.2,loss,False,13
22.0,2024-01-10,184,23,-0.4,stable,False,14
64.0,2024-03-14,184,23,-0.2222222222222222,stable,False,15
74.0,2024-05-27,184,23,-0.2222222222222222,stable,False,16
203.0,2024-12-16,184,23,-0.14285714285714285,loss,False,17
165.0,2025-05-30,184,24,-0.4857142857142857,stable,False,18
,2018-12-21,185,18,,increase,,0
228.0,2019-08-06,185,18,1.0,increase,False,1
34.0,2019-09-09,185,19,1.5,increase,False,2
104.0,2019-12-22,185,19,6.5,increase,False,3
221.0,2020-07-30,185,19,2.0,increase,False,4
5.0,2020-08-04,185,19,-0.1,increase,False,5
71.0,2020-10-14,185,20,3.0,increase,True,6
217.0,2021-05-19,185,20,0.25,loss,False,7
13.0,2021-06-01,185,20,0.25,loss,False,8
289.0,2022-03-17,185,21,-0.26666666666666666,increase,False,9
45.0,2022-05-01,185,21,0.0,stable,False,10
97.0,2022-08-06,185,21,-0.3333333333333333,increase,False,11
97.0,2022-11-11,185,22,0.0,increase,False,12
42.0,2022-12-23,185,22,0.3333333333333333,increase,False,13
84.0,2023-03-17,185,22,2.0,increase,False,14
98.0,2023-06-23,185,22,1.0,increase,False,15
179.0,2023-12-19,185,23,0.5,stable,True,16
86.0,2024-03-14,185,23,0.25,stable,True,17
74.0,2024-05-27,185,23,0.25,stable,True,18
203.0,2024-12-16,185,24,0.0,stable,False,19
165.0,2025-05-30,185,24,-0.1,stable,False,20
,2016-01-07,186,17,,increase,,0
560.0,2017-07-20,186,18,3.0,loss,False,1
104.0,2017-11-01,186,17,1.0,increase,False,2
280.0,2018-08-08,186,19,0.5,loss,True,3
25.0,2018-09-02,186,19,1.0,loss,True,4
175.0,2019-02-24,186,20,-0.3333333333333333,increase,False,5
154.0,2019-07-28,186,20,-0.75,increase,False,6
91.0,2019-10-27,186,20,0.5,increase,False,7
116.0,2020-02-20,186,21,4.0,increase,False,8
169.0,2020-08-07,186,21,4.333333333333333,increase,True,9
234.0,2021-03-29,186,22,2.75,increase,True,10
79.0,2021-06-16,186,22,4.0,increase,True,11
24.0,2021-07-10,186,22,9.0,increase,True,12
23.0,2021-08-02,186,22,0.875,increase,True,13
142.0,2021-12-22,186,22,1.25,increase,True,14
258.0,2022-09-06,186,23,0.3333333333333333,stable,False,15
5.0,2022-09-11,186,23,0.3333333333333333,stable,True,16
284.0,2023-06-22,186,24,0.0,increase,False,17
118.0,2023-10-18,186,24,0.3333333333333333,increase,True,18
57.0,2023-12-14,186,24,1.5,increase,True,19
104.0,2024-03-27,186,25,2.6666666666666665,increase,True,20
63.0,2024-05-29,186,25,1.75,increase,False,21
104.0,2024-09-10,186,25,1.6666666666666667,increase,False,22
101.0,2024-12-20,186,25,1.7272727272727273,stable,False,23
88.0,2025-03-18,186,26,0.875,loss,True,24
73.0,2025-05-30,186,26,0.875,loss,True,25
105.0,2025-09-12,186,26,0.08333333333333333,stable,True,26
175.0,2026-03-06,186,27,-0.3333333333333333,stable,False,27
,2014-10-21,187,17,,increase,,0
386.0,2015-11-11,187,18,2.6,increase,True,1
173.0,2016-05-02,187,18,4.6,increase,True,2
94.0,2016-08-04,187,18,1.2222222222222223,increase,False,3
377.0,2017-08-16,187,19,0.5,increase,True,4
68.0,2017-10-23,187,20,1.5,increase,True,5
101.0,2018-02-01,187,20,3.0,increase,True,6
116.0,2018-05-28,187,20,1.0,stable,False,7
205.0,2018-12-19,187,21,0.0,increase,False,8
135.0,2019-05-03,187,21,0.8,loss,True,9
41.0,2019-06-13,187,21,0.8,loss,True,10
121.0,2019-10-12,187,22,0.5,stable,True,11
297.0,2020-08-04,187,22,-0.2,stable,False,12
72.0,2020-10-15,187,23,-0.3333333333333333,stable,False,13
258.0,2021-06-30,187,23,0.2,increase,False,14
95.0,2021-10-03,187,23,0.0,increase,False,15
52.0,2021-11-24,187,24,0.4,increase,False,16
107.0,2022-03-11,187,25,0.5,stable,False,17
63.0,2022-05-13,187,24,0.6,increase,False,18
403.0,2023-06-20,187,25,0.25,increase,False,19
182.0,2023-12-19,187,26,0.25,increase,False,20
22.0,2024-01-10,187,27,1.25,stable,True,21
64.0,2024-03-14,187,26,0.75,increase,False,22
74.0,2024-05-27,187,26,1.0,stable,False,23
203.0,2024-12-16,187,27,0.125,loss,True,24
165.0,2025-05-30,187,27,0.0,loss,True,25
,2015-11-09,188,18,,increase,,0
36.0,2015-12-15,188,18,,increase,,1
164.0,2016-05-27,188,19,3.4444444444444446,stable,True,2
185.0,2016-11-28,188,19,0.0,increase,False,3
261.0,2017-08-16,188,20,2.5,increase,True,4
169.0,2018-02-01,188,20,9.0,increase,True,5
116.0,2018-05-28,188,21,2.5714285714285716,increase,False,6
77.0,2018-08-13,188,21,0.75,increase,True,7
65.0,2018-10-17,188,21,1.25,stable,True,8
63.0,2018-12-19,188,21,0.8,increase,True,9
176.0,2019-06-13,188,22,0.1111111111111111,increase,False,10
121.0,2019-10-12,188,22,0.3333333333333333,stable,False,11
235.0,2020-06-03,188,22,0.08333333333333333,stable,False,12
62.0,2020-08-04,188,22,-0.13333333333333333,stable,False,13
70.0,2020-10-13,188,23,0.0,stable,False,14
156.0,2021-03-18,188,23,0.15384615384615385,stable,False,15
141.0,2021-08-06,188,24,-0.08333333333333333,stable,False,16
139.0,2021-12-23,188,24,-0.08333333333333333,stable,False,17
78.0,2022-03-11,188,25,-0.09090909090909091,stable,True,18
18.0,2022-03-29,188,24,-0.09090909090909091,stable,False,19
78.0,2022-06-15,188,25,-0.12727272727272726,stable,False,20
92.0,2022-09-15,188,25,0.0,stable,False,21
99.0,2022-12-23,188,25,0.14583333333333334,loss,True,22
179.0,2023-06-20,188,26,-0.04,loss,False,23
82.0,2023-09-10,188,26,-0.2727272727272727,stable,False,24
100.0,2023-12-19,188,26,-0.2708333333333333,stable,False,25
22.0,2024-01-10,188,27,-0.2708333333333333,stable,False,26
64.0,2024-03-14,188,26,0.0,loss,False,27
74.0,2024-05-27,188,27,-0.05,loss,False,28
203.0,2024-12-16,188,27,-0.21052631578947367,stable,False,29
92.0,2025-03-18,188,27,-0.34210526315789475,stable,False,30
73.0,2025-05-30,188,28,-0.47368421052631576,increase,False,31
,2020-08-17,189,18,,increase,,0
164.0,2021-01-28,189,18,,increase,,1
113.0,2021-05-21,189,18,1.5,stable,False,2
220.0,2021-12-27,189,19,0.0,stable,True,3
155.0,2022-05-31,189,19,0.0,stable,True,4
248.0,2023-02-03,189,20,0.0,stable,False,5
133.0,2023-06-16,189,20,0.0,stable,False,6
194.0,2023-12-27,189,21,0.0,stable,True,7
162.0,2024-06-06,189,21,0.0,stable,True,8
196.0,2024-12-19,189,22,0.0,increase,False,9
102.0,2025-03-31,189,22,0.5,increase,False,10
60.0,2025-05-30,189,22,2.0,increase,False,11
123.0,2025-09-30,189,23,1.6666666666666667,increase,False,12
,2023-06-04,190,17,,increase,,0
12.0,2023-06-16,190,17,,increase,,1
301.0,2024-04-12,190,18,7.0,stable,True,2
208.0,2024-11-06,190,18,0.0,increase,True,3
92.0,2025-02-06,190,19,1.0,increase,False,4
249.0,2025-10-13,190,19,0.875,increase,True,5
30.0,2025-11-12,190,19,1.5,increase,True,6
,2014-07-19,191,22,,increase,,0
31.0,2014-08-19,191,22,,increase,,1
401.0,2015-09-24,191,23,0.5,increase,False,2
106.0,2016-01-08,191,24,6.5,stable,True,3
103.0,2016-04-20,191,24,0.3333333333333333,increase,False,4
306.0,2017-02-20,191,24,2.75,increase,True,5
128.0,2017-06-28,191,25,2.75,increase,True,6
117.0,2017-10-23,191,25,0.3333333333333333,increase,False,7
101.0,2018-02-01,191,25,5.666666666666667,increase,False,8
116.0,2018-05-28,191,26,9.0,stable,False,9
205.0,2018-12-19,191,26,0.0,stable,False,10
176.0,2019-06-13,191,27,0.0,stable,False,11
121.0,2019-10-12,191,27,0.2,stable,False,12
292.0,2020-07-30,191,28,0.0,increase,False,13
5.0,2020-08-04,191,27,-0.20833333333333334,increase,False,14
70.0,2020-10-13,191,28,0.0,increase,False,15
156.0,2021-03-18,191,28,0.5789473684210527,stable,False,16
141.0,2021-08-06,191,29,0.25,stable,False,17
139.0,2021-12-23,191,29,0.0,stable,False,18
78.0,2022-03-11,191,30,0.2,stable,True,19
96.0,2022-06-15,191,30,0.0,increase,False,20
92.0,2022-09-15,191,30,0.0,stable,False,21
278.0,2023-06-20,191,31,0.1111111111111111,stable,False,22
182.0,2023-12-19,191,31,0.0,loss,False,23
160.0,2024-05-27,191,32,-0.2,stable,False,24
203.0,2024-12-16,191,32,-0.125,loss,False,25
92.0,2025-03-18,191,32,-0.375,loss,False,26
73.0,2025-05-30,191,33,-0.5,loss,False,27
,2010-07-30,192,18,,increase,,0
1270.0,2014-01-20,192,21,0.5,stable,False,1
839.0,2016-05-08,192,24,0.0,increase,False,2
822.0,2018-08-08,192,26,2.0,stable,True,3
205.0,2019-03-01,192,26,0.0,increase,False,4
172.0,2019-08-20,192,27,0.3333333333333333,increase,False,5
256.0,2020-05-02,192,27,0.6666666666666666,stable,False,6
94.0,2020-08-04,192,28,0.3333333333333333,stable,False,7
70.0,2020-10-13,192,28,0.3333333333333333,stable,True,8
156.0,2021-03-18,192,28,0.0,stable,True,9
141.0,2021-08-06,192,29,0.0,loss,False,10
139.0,2021-12-23,192,29,0.0,loss,False,11
78.0,2022-03-11,192,30,-0.25,stable,False,12
96.0,2022-06-15,192,30,-0.25,stable,False,13
370.0,2023-06-20,192,31,0.0,stable,False,14
182.0,2023-12-19,192,31,0.0,stable,False,15
160.0,2024-05-27,192,32,0.0,stable,False,16
203.0,2024-12-16,192,32,0.0,loss,False,17
165.0,2025-05-30,192,33,-0.3333333333333333,loss,False,18
,2020-08-07,193,18,,increase,,0
40.0,2020-09-16,193,19,,increase,,1
71.0,2020-11-26,193,19,,increase,,2
284.0,2021-09-06,193,19,0.75,increase,False,3
26.0,2021-10-02,193,19,0.0,increase,False,4
11.0,2021-10-13,193,20,1.25,increase,False,5
63.0,2021-12-15,193,20,1.5,stable,False,6
183.0,2022-06-16,193,20,0.2,increase,False,7
148.0,2022-11-11,193,21,0.2,increase,True,8
130.0,2023-03-21,193,21,1.5,increase,True,9
86.0,2023-06-15,193,21,2.3333333333333335,increase,False,10
148.0,2023-11-10,193,22,1.0,loss,False,11
40.0,2023-12-20,193,22,0.5,loss,False,12
138.0,2024-05-06,193,22,0.25,stable,False,13
165.0,2024-10-18,193,23,-0.3333333333333333,stable,False,14
61.0,2024-12-18,193,23,-0.2,stable,False,15
181.0,2025-06-17,193,23,-0.1,increase,False,16
87.0,2025-09-12,193,24,1.0,stable,True,17
35.0,2025-10-17,193,24,0.5,increase,True,18
140.0,2026-03-06,193,24,1.5,stable,True,19
,2019-01-21,194,19,,increase,,0
45.0,2019-03-07,194,19,,increase,,1
196.0,2019-09-19,194,19,1.0,increase,True,2
90.0,2019-12-18,194,19,3.1666666666666665,stable,True,3
81.0,2020-03-08,194,20,19.0,increase,True,4
149.0,2020-08-04,194,20,0.04,increase,False,5
72.0,2020-10-15,194,20,0.6666666666666666,increase,False,6
49.0,2020-12-03,194,20,-0.75,increase,True,7
124.0,2021-04-06,194,21,20.53846153846154,stable,True,8
86.0,2021-07-01,194,20,15.666666666666666,increase,True,9
65.0,2021-09-04,194,21,17.666666666666668,increase,True,10
103.0,2021-12-16,194,21,0.07142857142857142,stable,False,11
85.0,2022-03-11,194,22,0.35714285714285715,stable,True,12
80.0,2022-05-30,194,22,0.07142857142857142,increase,False,13
108.0,2022-09-15,194,22,-0.07894736842105263,increase,False,14
182.0,2023-03-16,194,23,0.2857142857142857,stable,False,15
96.0,2023-06-20,194,23,0.2857142857142857,stable,False,16
182.0,2023-12-19,194,23,0.0,stable,False,17
160.0,2024-05-27,194,24,0.0,stable,False,18
203.0,2024-12-16,194,24,0.0,loss,False,19
165.0,2025-05-30,194,25,-0.06666666666666667,stable,False,20
,2010-12-01,195,18,,increase,,0
47.0,2011-01-17,195,19,,increase,,1
149.0,2011-06-15,195,19,5.0,increase,False,2
372.0,2012-06-21,195,20,0.6666666666666666,increase,False,3
102.0,2012-10-01,195,20,0.16666666666666666,increase,False,4
195.0,2013-04-14,195,21,6.142857142857143,increase,True,5
12.0,2013-04-26,195,21,13.285714285714286,stable,True,6
5.0,2013-05-01,195,21,1.5714285714285714,increase,True,7
47.0,2013-06-17,195,21,13.285714285714286,increase,True,8
162.0,2013-11-26,195,21,5.666666666666667,increase,False,9
80.0,2014-02-14,195,22,0.6,stable,False,10
298.0,2014-12-09,195,22,0.0,stable,False,11
191.0,2015-06-18,195,23,0.0,loss,False,12
120.0,2015-10-16,195,23,-0.4375,stable,True,13
82.0,2016-01-06,195,24,-0.5,stable,True,14
40.0,2016-02-15,195,24,-0.5,loss,True,15
158.0,2016-07-22,195,24,0.125,loss,False,16
332.0,2017-06-19,195,25,-0.4444444444444444,stable,False,17
13.0,2017-07-02,195,25,-0.2222222222222222,stable,False,18
183.0,2018-01-01,195,26,-0.14285714285714285,increase,True,19
149.0,2018-05-30,195,26,-0.14285714285714285,increase,True,20
203.0,2018-12-19,195,26,0.3333333333333333,increase,True,21
135.0,2019-05-03,195,27,1.3333333333333333,increase,True,22
41.0,2019-06-13,195,27,1.6666666666666667,increase,True,23
121.0,2019-10-12,195,27,3.0,stable,False,24
58.0,2019-12-09,195,27,0.7142857142857143,stable,False,25
239.0,2020-08-04,195,28,0.08333333333333333,stable,False,26
70.0,2020-10-13,195,28,0.08333333333333333,loss,False,27
156.0,2021-03-18,195,29,-0.07692307692307693,loss,False,28
68.0,2021-05-25,195,29,-0.3076923076923077,loss,False,29
212.0,2021-12-23,195,30,-0.2222222222222222,increase,False,30
78.0,2022-03-11,195,30,0.1111111111111111,stable,False,31
96.0,2022-06-15,195,30,-0.2222222222222222,increase,False,32
92.0,2022-09-15,195,30,-0.1,stable,False,33
278.0,2023-06-20,195,31,0.1111111111111111,stable,False,34
182.0,2023-12-19,195,31,0.0,stable,False,35
160.0,2024-05-27,195,32,0.0,stable,False,36
203.0,2024-12-16,195,32,-0.1,loss,False,37
165.0,2025-05-30,195,33,-0.3,loss,False,38
,2010-08-04,196,17,,increase,,0
1221.0,2013-12-07,196,21,11.0,increase,True,1
39.0,2014-01-15,196,21,19.0,stable,True,2
222.0,2014-08-25,196,22,0.0,stable,False,3
183.0,2015-02-24,196,22,0.0,stable,False,4
212.0,2015-09-24,196,23,0.0,increase,False,5
107.0,2016-01-09,196,24,0.5,stable,True,6
102.0,2016-04-20,196,23,0.5,stable,False,7
313.0,2017-02-27,196,24,0.0,increase,True,8
574.0,2018-09-24,196,26,3.0,stable,False,9
262.0,2019-06-13,196,27,0.0,increase,True,10
121.0,2019-10-12,196,27,0.6666666666666666,stable,True,11
297.0,2020-08-04,196,27,-0.2,increase,False,12
70.0,2020-10-13,196,28,0.0,stable,False,13
156.0,2021-03-18,196,28,0.25,loss,False,14
141.0,2021-08-06,196,29,0.0,increase,False,15
139.0,2021-12-23,196,29,-0.3,increase,False,16
78.0,2022-03-11,196,30,1.4,stable,True,17
18.0,2022-03-29,196,29,0.4,increase,True,18
78.0,2022-06-15,196,30,1.4,stable,True,19
370.0,2023-06-20,196,31,-0.16666666666666666,stable,False,20
182.0,2023-12-19,196,31,0.0,loss,False,21
160.0,2024-05-27,196,32,-0.2,stable,False,22
203.0,2024-12-16,196,32,-0.125,loss,False,23
165.0,2025-05-30,196,33,-0.25,loss,False,24
,2023-01-16,197,18,,increase,,0
59.0,2023-03-16,197,18,,increase,,1
96.0,2023-06-20,197,18,,increase,,2
82.0,2023-09-10,197,19,2.6,stable,True,3
100.0,2023-12-19,197,19,0.8,increase,True,4
22.0,2024-01-10,197,20,1.2,stable,True,5
138.0,2024-05-27,197,19,0.0,increase,False,6
203.0,2024-12-16,197,20,0.3888888888888889,increase,False,7
92.0,2025-03-18,197,20,0.6666666666666666,increase,False,8
73.0,2025-05-30,197,20,0.7777777777777778,increase,False,9
105.0,2025-09-12,197,21,0.28,stable,False,10
175.0,2026-03-06,197,21,0.25,stable,False,11
,2021-05-10,198,18,,increase,,0
95.0,2021-08-13,198,18,,increase,,1
132.0,2021-12-23,198,19,0.5,increase,False,2
78.0,2022-03-11,198,19,4.0,stable,False,3
18.0,2022-03-29,198,19,4.0,stable,False,4
78.0,2022-06-15,198,19,4.0,stable,False,5
370.0,2023-06-20,198,20,0.0,increase,False,6
82.0,2023-09-10,198,20,0.2,stable,True,7
100.0,2023-12-19,198,21,0.4,stable,True,8
160.0,2024-05-27,198,21,0.16666666666666666,stable,False,9
203.0,2024-12-16,198,22,0.0,stable,False,10
165.0,2025-05-30,198,22,0.14285714285714285,stable,False,11
,2019-03-12,199,17,,increase,,0
56.0,2019-05-07,199,16,,increase,,1
451.0,2020-07-31,199,17,8.333333333333334,increase,False,2
4.0,2020-08-04,199,17,3.3333333333333335,increase,False,3
139.0,2020-12-21,199,18,11.0,increase,True,4
47.0,2021-02-06,199,18,1.7692307692307692,increase,True,5
123.0,2021-06-09,199,19,3.6153846153846154,increase,True,6
190.0,2021-12-16,199,19,1.0,increase,False,7
162.0,2022-05-27,199,19,1.6666666666666667,increase,False,8
116.0,2022-09-20,199,20,1.3333333333333333,increase,True,9
21.0,2022-10-11,199,20,2.3333333333333335,increase,True,10
394.0,2023-11-09,199,21,1.0,stable,False,11
3.0,2023-11-12,199,21,1.0,stable,False,12
24.0,2023-12-06,199,20,0.5,stable,False,13
167.0,2024-05-21,199,21,0.0,loss,False,14
210.0,2024-12-17,199,22,-0.25,stable,False,15
79.0,2025-03-06,199,22,-0.4,stable,True,16
208.0,2025-09-30,199,23,0.08333333333333333,increase,True,17
79.0,2025-12-18,199,23,0.25,increase,True,18
,2020-08-10,200,18,,increase,,0
324.0,2021-06-30,200,19,4.0,increase,False,1
32.0,2021-08-01,200,19,4.0,increase,False,2
73.0,2021-10-13,200,19,79.0,increase,True,3
78.0,2021-12-30,200,19,39.0,loss,True,4
66.0,2022-03-06,200,20,39.0,loss,True,5
15.0,2022-03-21,200,20,49.0,loss,True,6
112.0,2022-07-11,200,20,-0.3,loss,True,7
255.0,2023-03-23,200,21,-0.2857142857142857,stable,False,8
82.0,2023-06-13,200,21,-0.2857142857142857,stable,False,9
197.0,2023-12-27,200,21,-0.1,stable,True,10
162.0,2024-06-06,200,22,0.5,stable,True,11
58.0,2024-08-03,200,22,0.1111111111111111,increase,False,12
138.0,2024-12-19,200,22,0.2,increase,False,13
89.0,2025-03-18,200,23,3.0,stable,True,14
73.0,2025-05-30,200,23,3.0,stable,True,15
,2025-01-09,201,19,,increase,,0
,2020-12-17,202,19,,increase,,0
91.0,2021-03-18,202,19,,increase,,1
53.0,2021-05-10,202,20,,increase,,2
88.0,2021-08-06,202,20,2.3333333333333335,increase,False,3
139.0,2021-12-23,202,20,0.875,increase,False,4
78.0,2022-03-11,202,21,4.6,stable,False,5
18.0,2022-03-29,202,20,3.4,increase,False,6
78.0,2022-06-15,202,21,4.0,increase,False,7
274.0,2023-03-16,202,21,0.28,increase,False,8
96.0,2023-06-20,202,22,0.68,stable,False,9
182.0,2023-12-19,202,22,0.0,loss,False,10
22.0,2024-01-10,202,23,-0.23809523809523808,stable,False,11
138.0,2024-05-27,202,22,-0.16666666666666666,stable,False,12
203.0,2024-12-16,202,23,-0.08571428571428572,stable,False,13
165.0,2025-05-30,202,24,-0.08571428571428572,stable,False,14
,2015-01-02,203,18,,increase,,0
149.0,2015-05-31,203,18,,stable,,1
221.0,2016-01-07,203,19,0.0,stable,True,2
39.0,2016-02-15,203,19,0.0,stable,True,3
311.0,2016-12-22,203,20,0.0,stable,True,4
46.0,2017-02-06,203,20,0.0,stable,True,5
360.0,2018-02-01,203,21,0.0,increase,False,6
133.0,2018-06-14,203,21,0.0,increase,False,7
69.0,2018-08-22,203,22,1.0,increase,True,8
61.0,2018-10-22,203,22,4.6,increase,True,9
57.0,2018-12-18,203,22,11.0,increase,True,10
139.0,2019-05-06,203,22,4.0,loss,False,11
28.0,2019-06-03,203,22,4.0,loss,False,12
131.0,2019-10-12,203,23,1.0,loss,True,13
297.0,2020-08-04,203,23,-0.3333333333333333,stable,False,14
30.0,2020-09-03,203,23,-0.16666666666666666,loss,False,15
40.0,2020-10-13,203,24,-0.3333333333333333,stable,False,16
156.0,2021-03-18,203,24,-0.32,stable,False,17
141.0,2021-08-06,203,24,-0.15,increase,False,18
139.0,2021-12-23,203,25,-0.11764705882352941,increase,False,19
78.0,2022-03-11,203,26,0.8823529411764706,stable,False,20
18.0,2022-03-29,203,25,0.058823529411764705,increase,False,21
78.0,2022-06-15,203,25,0.17647058823529413,increase,False,22
92.0,2022-09-15,203,26,-0.125,increase,False,23
182.0,2023-03-16,203,26,0.35714285714285715,stable,False,24
96.0,2023-06-20,203,26,0.5,stable,False,25
182.0,2023-12-19,203,27,0.0,stable,False,26
160.0,2024-05-27,203,27,-0.047619047619047616,stable,False,27
203.0,2024-12-16,203,28,0.0,loss,False,28
165.0,2025-05-30,203,28,-0.125,loss,False,29
,2023-09-10,204,17,,increase,,0
100.0,2023-12-19,204,17,,increase,,1
86.0,2024-03-14,204,17,7.8,stable,False,2
74.0,2024-05-27,204,18,7.8,stable,False,3
203.0,2024-12-16,204,18,0.0,stable,False,4
165.0,2025-05-30,204,19,0.0,stable,False,5
105.0,2025-09-12,204,19,-0.09090909090909091,increase,False,6
175.0,2026-03-06,204,20,0.13636363636363635,stable,False,7
,2019-07-08,205,19,,increase,,0
96.0,2019-10-12,205,20,,stable,,1
58.0,2019-12-09,205,20,,increase,,2
239.0,2020-08-04,205,20,0.6,stable,False,3
70.0,2020-10-13,205,21,0.6,increase,False,4
156.0,2021-03-18,205,21,0.0,increase,True,5
53.0,2021-05-10,205,22,0.375,stable,True,6
88.0,2021-08-06,205,21,0.0,increase,False,7
139.0,2021-12-23,205,22,0.0,stable,False,8
78.0,2022-03-11,205,23,0.875,stable,True,9
96.0,2022-06-15,205,22,0.375,increase,True,10
92.0,2022-09-15,205,23,-0.16666666666666666,increase,False,11
278.0,2023-06-20,205,23,0.52,stable,False,12
182.0,2023-12-19,205,24,-0.07894736842105263,stable,False,13
160.0,2024-05-27,205,24,-0.21052631578947367,stable,False,14
203.0,2024-12-16,205,25,-0.06666666666666667,loss,False,15
165.0,2025-05-30,205,25,-0.26666666666666666,loss,False,16
,2024-10-12,206,16,,increase,,0
123.0,2025-02-12,206,17,,stable,,1
30.0,2025-03-14,206,17,,increase,,2
176.0,2025-09-06,206,17,0.0,increase,True,3
,2024-06-13,207,18,,increase,,0
105.0,2024-09-26,207,18,,increase,,1
85.0,2024-12-20,207,18,1.5714285714285714,increase,False,2
137.0,2025-05-06,207,19,0.5,increase,True,3
161.0,2025-10-14,207,19,0.6666666666666666,increase,True,4
66.0,2025-12-19,207,19,1.7777777777777777,increase,False,5
,2017-04-21,208,19,,increase,,0
150.0,2017-09-18,208,19,,increase,,1
371.0,2018-09-24,208,20,5.0,increase,True,2
221.0,2019-05-03,208,21,3.6666666666666665,increase,True,3
41.0,2019-06-13,208,21,7.0,increase,True,4
121.0,2019-10-12,208,22,13.666666666666666,stable,True,5
292.0,2020-07-30,208,22,0.0,increase,False,6
5.0,2020-08-04,208,22,-0.20454545454545456,increase,False,7
70.0,2020-10-13,208,22,0.2727272727272727,increase,False,8
156.0,2021-03-18,208,23,1.0,stable,False,9
141.0,2021-08-06,208,23,0.25,stable,False,10
139.0,2021-12-23,208,24,-0.08571428571428572,stable,False,11
78.0,2022-03-11,208,24,-0.08571428571428572,stable,False,12
96.0,2022-06-15,208,24,-0.08571428571428572,stable,False,13
370.0,2023-06-20,208,25,0.09375,stable,False,14
182.0,2023-12-19,208,26,0.0,stable,True,15
160.0,2024-05-27,208,26,0.0,stable,True,16
203.0,2024-12-16,208,27,0.0,stable,False,17
92.0,2025-03-18,208,27,-0.14285714285714285,stable,False,18
73.0,2025-05-30,208,27,0.0,stable,False,19
,2021-08-06,209,19,,increase,,0
139.0,2021-12-23,209,19,,increase,,1
78.0,2022-03-11,209,20,30.25,stable,True,2
18.0,2022-03-29,209,19,17.75,stable,True,3
78.0,2022-06-15,209,20,24.0,stable,True,4
92.0,2022-09-15,209,20,0.0,loss,False,5
278.0,2023-06-20,209,21,-0.28,stable,False,6
182.0,2023-12-19,209,21,0.0,increase,True,7
22.0,2024-01-10,209,22,0.3888888888888889,stable,True,8
64.0,2024-03-14,209,21,0.2222222222222222,stable,True,9
74.0,2024-05-27,209,22,0.2222222222222222,stable,True,10
203.0,2024-12-16,209,22,0.13636363636363635,increase,False,11
92.0,2025-03-18,209,22,0.5909090909090909,increase,False,12
73.0,2025-05-30,209,23,0.9090909090909091,loss,False,13
105.0,2025-09-12,209,23,1.0,stable,True,14
35.0,2025-10-17,209,23,0.5714285714285714,loss,True,15
140.0,2026-03-06,209,24,-0.23809523809523808,increase,True,16
,2013-07-25,210,18,,increase,,0
579.0,2015-02-24,210,20,1.0,stable,False,1
234.0,2015-10-16,210,20,0.0,increase,True,2
85.0,2016-01-09,210,21,0.75,increase,False,3
142.0,2016-05-30,210,21,0.5,increase,False,4
273.0,2017-02-27,210,22,2.3333333333333335,increase,True,5
170.0,2017-08-16,210,22,22.333333333333332,stable,True,6
169.0,2018-02-01,210,22,6.0,stable,True,7
116.0,2018-05-28,210,23,0.0,stable,False,8
205.0,2018-12-19,210,23,0.0,loss,False,9
176.0,2019-06-13,210,24,-0.14285714285714285,loss,False,10
126.0,2019-10-17,210,24,-0.35714285714285715,loss,True,11
133.0,2020-02-27,210,25,-0.25,loss,True,12
159.0,2020-08-04,210,25,-0.2222222222222222,stable,False,13
70.0,2020-10-13,210,25,-0.2222222222222222,increase,True,14
156.0,2021-03-18,210,26,0.0,stable,True,15
53.0,2021-05-10,210,26,0.42857142857142855,stable,False,16
88.0,2021-08-06,210,26,0.14285714285714285,increase,False,17
139.0,2021-12-23,210,26,-0.2,increase,False,18
78.0,2022-03-11,210,27,1.5,loss,False,19
96.0,2022-06-15,210,27,0.25,increase,False,20
92.0,2022-09-15,210,27,-0.3,increase,False,21
278.0,2023-06-20,210,28,1.1428571428571428,stable,False,22
182.0,2023-12-19,210,28,0.0,stable,False,23
160.0,2024-05-27,210,29,0.0,stable,False,24
203.0,2024-12-16,210,29,-0.06666666666666667,stable,False,25
92.0,2025-03-18,210,30,0.06666666666666667,loss,False,26
73.0,2025-05-30,210,30,0.06666666666666667,loss,False,27
,2023-10-23,211,18,,increase,,0
57.0,2023-12-19,211,18,,increase,,1
109.0,2024-04-06,211,19,,increase,,2
95.0,2024-07-10,211,19,9.0,increase,True,3
94.0,2024-10-12,211,19,2.3333333333333335,increase,True,4
145.0,2025-03-06,211,20,1.5,increase,False,5
,2023-01-06,212,19,,increase,,0
77.0,2023-03-24,212,19,,increase,,1
170.0,2023-09-10,212,20,3.0,increase,False,2
100.0,2023-12-19,212,20,19.0,increase,False,3
22.0,2024-01-10,212,21,45.666666666666664,stable,True,4
138.0,2024-05-27,212,20,2.0,increase,False,5
203.0,2024-12-16,212,21,1.3333333333333333,increase,True,6
165.0,2025-05-30,212,21,1.3333333333333333,increase,True,7
,2016-07-13,213,19,,stable,,0
187.0,2017-01-16,213,20,0.0,increase,False,1
63.0,2017-03-20,213,20,0.0,increase,True,2
87.0,2017-06-15,213,20,0.0,increase,True,3
335.0,2018-05-16,213,21,4.0,stable,True,4
407.0,2019-06-27,213,22,0.0,increase,False,5
35.0,2019-08-01,213,22,0.0,increase,False,6
60.0,2019-09-30,213,23,0.3333333333333333,increase,False,7
245.0,2020-06-01,213,23,0.5,increase,False,8
64.0,2020-08-04,213,23,0.2,increase,False,9
10.0,2020-08-14,213,23,0.75,increase,False,10
62.0,2020-10-15,213,24,1.5,increase,False,11
173.0,2021-04-06,213,24,1.8571428571428572,stable,False,12
86.0,2021-07-01,213,24,0.6,increase,False,13
175.0,2021-12-23,213,25,0.0,increase,True,14
78.0,2022-03-11,213,26,0.875,stable,True,15
96.0,2022-06-15,213,25,0.5,increase,True,16
92.0,2022-09-15,213,26,0.0,stable,False,17
278.0,2023-06-20,213,26,0.2,increase,False,18
182.0,2023-12-19,213,27,0.3888888888888889,stable,False,19
160.0,2024-05-27,213,27,0.5555555555555556,stable,False,20
203.0,2024-12-16,213,28,0.0,increase,False,21
92.0,2025-03-18,213,28,0.07142857142857142,increase,False,22
73.0,2025-05-30,213,28,0.14285714285714285,loss,False,23
105.0,2025-09-12,213,29,0.25,stable,True,24
35.0,2025-10-17,213,29,0.4,loss,True,25
140.0,2026-03-06,213,29,-0.21875,stable,True,26
,2020-10-16,214,18,,increase,,0
53.0,2020-12-08,214,17,,increase,,1
210.0,2021-07-06,214,18,29.0,stable,True,2
279.0,2022-04-11,214,20,0.0,stable,False,3
51.0,2022-06-01,214,19,0.0,stable,False,4
186.0,2022-12-04,214,19,0.0,increase,False,5
108.0,2023-03-22,214,20,5.666666666666667,increase,False,6
168.0,2023-09-06,214,20,12.333333333333334,increase,False,7
4.0,2023-09-10,214,21,19.0,stable,True,8
100.0,2023-12-19,214,21,2.0,increase,True,9
22.0,2024-01-10,214,22,3.4,stable,True,10
138.0,2024-05-27,214,21,0.2,increase,False,11
203.0,2024-12-16,214,22,0.3888888888888889,increase,False,12
165.0,2025-05-30,214,22,0.6666666666666666,increase,False,13
105.0,2025-09-12,214,23,0.4,stable,False,14
35.0,2025-10-17,214,23,0.4,stable,False,15
140.0,2026-03-06,214,23,0.3333333333333333,stable,False,16
,2008-04-07,215,17,,increase,,0
444.0,2009-06-25,215,18,1.0,increase,False,1
191.0,2010-01-02,215,19,1.5,increase,True,2
295.0,2010-10-24,215,20,1.0,increase,False,3
607.0,2012-06-22,215,21,0.5,increase,False,4
10.0,2012-07-02,215,21,0.5,increase,False,5
216.0,2013-02-03,215,22,0.3333333333333333,increase,False,6
307.0,2013-12-07,215,22,0.5,stable,False,7
237.0,2014-08-01,215,23,-0.13333333333333333,loss,False,8
18.0,2014-08-19,215,24,-0.3333333333333333,stable,False,9
189.0,2015-02-24,215,24,0.0,stable,True,10
212.0,2015-09-24,215,25,0.0,stable,False,11
107.0,2016-01-09,215,26,0.0,stable,False,12
102.0,2016-04-20,215,25,0.0,stable,False,13
313.0,2017-02-27,215,26,0.0,loss,False,14
203.0,2017-09-18,215,27,-0.25,stable,True,15
162.0,2018-02-27,215,27,-0.25,stable,True,16
295.0,2018-12-19,215,28,0.0,stable,True,17
176.0,2019-06-13,215,28,0.0,stable,True,18
121.0,2019-10-12,215,29,0.0,stable,False,19
297.0,2020-08-04,215,29,-0.2,increase,False,20
70.0,2020-10-13,215,30,-0.2,increase,False,21
156.0,2021-03-18,215,30,0.3333333333333333,stable,False,22
141.0,2021-08-06,215,30,0.3333333333333333,loss,False,23
139.0,2021-12-23,215,31,0.0,increase,False,24
78.0,2022-03-11,215,32,-0.25,increase,False,25
96.0,2022-06-15,215,31,-0.25,increase,False,26
274.0,2023-03-16,215,32,0.6666666666666666,increase,False,27
96.0,2023-06-20,215,32,5.666666666666667,stable,False,28
182.0,2023-12-19,215,33,-0.125,stable,False,29
160.0,2024-05-27,215,33,-0.125,stable,False,30
203.0,2024-12-16,215,34,-0.14285714285714285,loss,False,31
92.0,2025-03-18,215,34,-0.42857142857142855,loss,False,32
73.0,2025-05-30,215,34,-0.5714285714285714,loss,False,33
,2022-03-11,216,22,,increase,,0
466.0,2023-06-20,216,23,2.0,stable,False,1
182.0,2023-12-19,216,23,0.0,stable,False,2
160.0,2024-05-27,216,24,0.0,stable,False,3
217.0,2024-12-30,216,24,0.0,stable,True,4
151.0,2025-05-30,216,25,0.0,stable,False,5
,2023-06-06,217,16,,stable,,0
195.0,2023-12-18,217,16,0.16666666666666666,stable,False,1
54.0,2024-02-10,217,17,0.3333333333333333,increase,True,2
147.0,2024-07-06,217,17,0.0,increase,True,3
129.0,2024-11-12,217,17,0.25,increase,False,4
134.0,2025-03-26,217,18,0.7142857142857143,increase,True,5
202.0,2025-10-14,217,18,0.5,increase,True,6
,2020-10-13,218,21,,increase,,0
65.0,2020-12-17,218,21,,increase,,1
91.0,2021-03-18,218,21,,increase,,2
141.0,2021-08-06,218,21,2.6,increase,False,3
139.0,2021-12-23,218,22,0.2857142857142857,increase,False,4
78.0,2022-03-11,218,23,1.2222222222222223,stable,False,5
18.0,2022-03-29,218,22,0.6666666666666666,stable,False,6
78.0,2022-06-15,218,22,0.6666666666666666,stable,False,7
92.0,2022-09-15,218,23,-0.1,stable,False,8
278.0,2023-06-20,218,23,0.0,stable,False,9
184.0,2023-12-21,218,24,0.0,stable,False,10
155.0,2024-05-24,218,24,-0.16666666666666666,stable,False,11
220.0,2024-12-30,218,25,0.06666666666666667,increase,False,12
148.0,2025-05-27,218,25,0.2,increase,False,13
108.0,2025-09-12,218,26,0.25,stable,False,14
35.0,2025-10-17,218,26,0.25,stable,False,15
140.0,2026-03-06,218,26,0.2222222222222222,stable,False,16
,2015-01-10,219,17,,increase,,0
448.0,2016-04-02,219,18,1.0,stable,False,1
279.0,2017-01-06,219,19,-0.2,increase,False,2
10.0,2017-01-16,219,19,0.0,increase,False,3
485.0,2018-05-16,219,20,1.0,increase,True,4
24.0,2018-06-09,219,20,2.0,stable,False,5
191.0,2018-12-17,219,21,0.0,stable,False,6
79.0,2019-03-06,219,21,0.0,stable,False,7
287.0,2019-12-18,219,22,0.0,stable,True,8
230.0,2020-08-04,219,22,-0.2,increase,False,9
71.0,2020-10-14,219,22,-0.2,increase,False,10
217.0,2021-05-19,219,23,1.9166666666666667,stable,False,11
13.0,2021-06-01,219,23,0.6666666666666666,increase,False,12
94.0,2021-09-03,219,23,1.7083333333333333,stable,False,13
240.0,2022-05-01,219,24,0.15384615384615385,stable,False,14
97.0,2022-08-06,219,24,0.23076923076923078,stable,False,15
97.0,2022-11-11,219,24,0.06666666666666667,stable,False,16
224.0,2023-06-23,219,25,-0.125,increase,False,17
116.0,2023-10-17,219,25,0.25,increase,False,18
59.0,2023-12-15,219,26,1.5,increase,False,19
94.0,2024-03-18,219,26,2.857142857142857,stable,False,20
74.0,2024-05-31,219,26,1.7,stable,False,21
200.0,2024-12-17,219,27,0.0,loss,False,22
101.0,2025-03-28,219,27,-0.14814814814814814,loss,False,23
61.0,2025-05-28,219,27,-0.25925925925925924,loss,False,24
107.0,2025-09-12,219,28,-0.3333333333333333,stable,True,25
175.0,2026-03-06,219,28,-0.25,stable,True,26
,2010-07-30,220,18,,increase,,0
448.0,2011-10-21,220,19,1.0,increase,False,1
245.0,2012-06-22,220,20,9.0,stable,False,2
10.0,2012-07-02,220,20,6.5,increase,False,3
216.0,2013-02-03,220,21,0.3333333333333333,loss,False,4
307.0,2013-12-07,220,21,-0.3,loss,False,5
237.0,2014-08-01,220,22,-0.2857142857142857,increase,False,6
207.0,2015-02-24,220,23,1.0,increase,False,7
212.0,2015-09-24,220,23,2.5,stable,False,8
107.0,2016-01-09,220,24,3.5,stable,False,9
102.0,2016-04-20,220,24,0.0,increase,False,10
313.0,2017-02-27,220,25,0.42857142857142855,increase,False,11
121.0,2017-06-28,220,25,0.42857142857142855,increase,False,12
218.0,2018-02-01,220,26,0.4,increase,False,13
116.0,2018-05-28,220,26,1.0,stable,False,14
205.0,2018-12-19,220,27,0.2,increase,False,15
176.0,2019-06-13,220,27,0.2,increase,False,16
121.0,2019-10-12,220,28,0.6666666666666666,stable,False,17
58.0,2019-12-09,220,27,0.6666666666666666,stable,False,18
234.0,2020-07-30,220,28,0.0,increase,False,19
5.0,2020-08-04,220,28,-0.2,increase,False,20
70.0,2020-10-13,220,28,0.35,stable,False,21
156.0,2021-03-18,220,29,0.5625,stable,False,22
141.0,2021-08-06,220,29,-0.07407407407407407,loss,False,23
139.0,2021-12-23,220,30,-0.12,loss,False,24
78.0,2022-03-11,220,30,-0.28,stable,False,25
96.0,2022-06-15,220,30,-0.2,stable,False,26
370.0,2023-06-20,220,31,-0.2,stable,False,27
182.0,2023-12-19,220,32,-0.125,loss,False,28
86.0,2024-03-14,220,32,-0.25,stable,False,29
74.0,2024-05-27,220,32,-0.25,stable,False,30
203.0,2024-12-16,220,33,-0.16666666666666666,loss,False,31
92.0,2025-03-18,220,33,-0.3333333333333333,loss,False,32
73.0,2025-05-30,220,33,-0.5,loss,False,33
,2018-01-12,221,20,,increase,,0
26.0,2018-02-07,221,19,,increase,,1
333.0,2019-01-06,221,20,1.5,increase,False,2
62.0,2019-03-09,221,20,2.5,stable,True,3
282.0,2019-12-16,221,21,0.14285714285714285,stable,False,4
219.0,2020-07-22,221,21,0.125,stable,False,5
13.0,2020-08-04,221,21,-0.125,increase,False,6
202.0,2021-02-22,221,22,0.2857142857142857,increase,True,7
122.0,2021-06-24,221,22,0.7142857142857143,increase,True,8
112.0,2021-10-14,221,22,1.0,stable,False,9
75.0,2021-12-28,221,23,0.5,stable,False,10
190.0,2022-07-06,221,23,0.0,stable,False,11
169.0,2022-12-22,221,24,-0.2777777777777778,increase,False,12
349.0,2023-12-06,221,24,0.38461538461538464,increase,False,13
21.0,2023-12-27,221,25,0.38461538461538464,increase,False,14
70.0,2024-03-06,221,25,1.3076923076923077,increase,False,15
287.0,2024-12-18,221,26,1.0,stable,False,16
174.0,2025-06-10,221,26,0.3333333333333333,increase,False,17
7.0,2025-06-17,221,26,-0.16666666666666666,stable,False,18
,2016-01-07,222,16,,increase,,0
284.0,2016-10-17,222,17,2.0,increase,False,1
93.0,2017-01-18,222,17,11.0,increase,False,2
169.0,2017-07-06,222,17,7.333333333333333,stable,False,3
181.0,2018-01-03,222,18,0.2,loss,False,4
177.0,2018-06-29,222,18,0.2,loss,False,5
276.0,2019-04-01,222,19,-0.26666666666666666,increase,True,6
5.0,2019-04-06,222,19,-0.4,increase,True,7
4.0,2019-04-10,222,19,0.0,increase,True,8
326.0,2020-03-01,222,20,0.8666666666666667,increase,False,9
38.0,2020-04-08,222,20,1.6666666666666667,increase,False,10
118.0,2020-08-04,222,20,0.6666666666666666,increase,False,11
141.0,2020-12-23,222,21,0.375,stable,False,12
83.0,2021-03-16,222,21,0.92,increase,False,13
66.0,2021-05-21,222,21,0.68,increase,False,14
203.0,2021-12-10,222,22,0.5476190476190477,increase,False,15
27.0,2022-01-06,222,22,1.5,stable,False,16
84.0,2022-03-31,222,22,1.2619047619047619,increase,False,17
1.0,2022-04-01,222,22,0.9047619047619048,increase,False,18
209.0,2022-10-27,222,23,0.5,increase,False,19
138.0,2023-03-14,222,23,0.875,stable,False,20
145.0,2023-08-06,222,23,0.4166666666666667,stable,False,21
52.0,2023-09-27,222,23,0.13333333333333333,increase,False,22
85.0,2023-12-21,222,24,0.3333333333333333,increase,False,23
85.0,2024-03-15,222,24,0.17647058823529413,increase,False,24
77.0,2024-05-31,222,24,0.23529411764705882,increase,False,25
48.0,2024-07-18,222,24,0.5,stable,False,26
151.0,2024-12-16,222,25,0.42857142857142855,stable,True,27
165.0,2025-05-30,222,25,-0.16666666666666666,increase,True,28
105.0,2025-09-12,222,26,-0.06666666666666667,stable,False,29
175.0,2026-03-06,222,26,0.4,stable,False,30
,2020-03-30,223,19,,increase,,0
127.0,2020-08-04,223,19,,increase,,1
73.0,2020-10-16,223,19,0.5,stable,False,2
263.0,2021-07-06,223,20,0.0,stable,False,3
99.0,2021-10-13,223,20,0.0,increase,True,4
92.0,2022-01-13,223,21,0.0,increase,True,5
88.0,2022-04-11,223,21,3.1666666666666665,increase,False,6
8.0,2022-04-19,223,21,0.5,increase,False,7
81.0,2022-07-09,223,21,1.0,increase,False,8
256.0,2023-03-22,223,22,2.75,increase,False,9
168.0,2023-09-06,223,22,3.1666666666666665,increase,False,10
47.0,2023-10-23,223,22,0.7777777777777778,increase,True,11
57.0,2023-12-19,223,22,0.7777777777777778,increase,True,12
53.0,2024-02-10,223,23,1.6666666666666667,stable,True,13
56.0,2024-04-06,223,23,0.8,increase,True,14
220.0,2024-11-12,223,23,0.3333333333333333,increase,False,15
134.0,2025-03-26,223,24,0.7777777777777778,increase,False,16
,2020-11-11,224,17,,increase,,0
226.0,2021-06-25,224,18,0.6,increase,False,1
185.0,2021-12-27,224,18,1.0,stable,False,2
41.0,2022-02-06,224,19,1.5,stable,False,3
264.0,2022-10-28,224,19,-0.2,increase,False,4
242.0,2023-06-27,224,20,1.5,stable,True,5
174.0,2023-12-18,224,20,0.875,increase,True,6
165.0,2024-05-31,224,21,0.0,increase,True,7
119.0,2024-09-27,224,21,0.6666666666666666,increase,True,8
87.0,2024-12-23,224,21,1.0,increase,False,9
87.0,2025-03-20,224,21,2.5,increase,False,10
,2019-01-21,225,19,,increase,,0
45.0,2019-03-07,225,19,,increase,,1
597.0,2020-10-24,225,20,2.0,increase,True,2
45.0,2020-12-08,225,20,0.0,increase,True,3
23.0,2020-12-31,225,21,8.0,increase,True,4
344.0,2021-12-10,225,21,0.2222222222222222,increase,True,5
195.0,2022-06-23,225,22,0.45454545454545453,increase,False,6
83.0,2022-09-14,225,22,1.9090909090909092,increase,True,7
58.0,2022-11-11,225,22,2.6363636363636362,increase,True,8
20.0,2022-12-01,225,22,0.09090909090909091,increase,False,9
106.0,2023-03-17,225,23,7.75,increase,False,10
98.0,2023-06-23,225,23,49.0,increase,True,11
175.0,2023-12-15,225,24,1.5714285714285714,increase,False,12
94.0,2024-03-18,225,24,0.8,stable,False,13
74.0,2024-05-31,225,24,1.0,stable,False,14
199.0,2024-12-16,225,25,0.0,stable,True,15
92.0,2025-03-18,225,25,-0.1,stable,True,16
73.0,2025-05-30,225,25,-0.16666666666666666,stable,True,17
,2021-05-11,226,21,,increase,,0
10.0,2021-05-21,226,21,,increase,,1
228.0,2022-01-04,226,22,1.1666666666666667,increase,False,2
7.0,2022-01-11,226,22,2.0,increase,False,3
167.0,2022-06-27,226,22,2.0,increase,False,4
221.0,2023-02-03,226,22,0.6666666666666666,increase,False,5
133.0,2023-06-16,226,23,1.2222222222222223,increase,False,6
105.0,2023-09-29,226,23,1.0,increase,False,7
89.0,2023-12-27,226,23,0.75,increase,False,8
162.0,2024-06-06,226,24,0.3333333333333333,stable,False,9
195.0,2024-12-18,226,24,0.125,increase,True,10
156.0,2025-05-23,226,25,0.25,stable,True,11
,2023-09-10,227,18,,increase,,0
100.0,2023-12-19,227,18,,increase,,1
22.0,2024-01-10,227,19,,stable,,2
64.0,2024-03-14,227,18,15.0,increase,False,3
74.0,2024-05-27,227,19,15.0,increase,False,4
203.0,2024-12-16,227,19,0.5,stable,False,5
165.0,2025-05-30,227,20,0.5,stable,False,6
,2024-10-14,228,19,,increase,,0
65.0,2024-12-18,228,19,,increase,,1
189.0,2025-06-25,228,20,0.6,increase,False,2
111.0,2025-10-14,228,20,19.0,increase,True,3
,2021-09-06,229,17,,increase,,0
11.0,2021-09-17,229,17,,increase,,1
91.0,2021-12-17,229,18,,increase,,2
54.0,2022-02-09,229,18,,increase,,3
135.0,2022-06-24,229,18,0.42857142857142855,increase,False,4
173.0,2022-12-14,229,19,0.3333333333333333,increase,False,5
188.0,2023-06-20,229,19,0.5,stable,True,6
184.0,2023-12-21,229,20,-0.16666666666666666,increase,True,7
155.0,2024-05-24,229,20,-0.25,increase,True,8
206.0,2024-12-16,229,21,1.6666666666666667,increase,True,9
92.0,2025-03-18,229,21,2.7777777777777777,increase,True,10
73.0,2025-05-30,229,21,3.888888888888889,increase,True,11
105.0,2025-09-12,229,22,1.5,increase,False,12
35.0,2025-10-17,229,22,0.6470588235294118,increase,False,13
,2022-01-07,230,19,,increase,,0
327.0,2022-11-30,230,19,3.0,increase,False,1
212.0,2023-06-30,230,20,0.5,increase,False,2
53.0,2023-08-22,230,20,0.5,increase,True,3
118.0,2023-12-18,230,20,0.5,increase,True,4
178.0,2024-06-13,230,21,1.6666666666666667,increase,False,5
105.0,2024-09-26,230,21,2.3333333333333335,increase,False,6
77.0,2024-12-12,230,21,0.5,increase,False,7
96.0,2025-03-18,230,21,0.625,increase,True,8
73.0,2025-05-30,230,22,0.4,increase,True,9
,2019-10-17,231,18,,increase,,0
133.0,2020-02-27,231,19,,increase,,1
159.0,2020-08-04,231,19,0.8,increase,False,2
692.0,2022-06-27,231,21,4.111111111111111,increase,True,3
169.0,2022-12-13,231,22,10.11111111111111,increase,True,4
99.0,2023-03-22,231,22,2.0434782608695654,increase,False,5
51.0,2023-05-12,231,23,4.6521739130434785,increase,False,6
45.0,2023-06-26,231,22,0.8,increase,False,7
88.0,2023-09-22,231,22,0.42857142857142855,increase,False,8
251.0,2024-05-30,231,23,1.0,stable,False,9
200.0,2024-12-16,231,24,0.1,stable,True,10
165.0,2025-05-30,231,24,0.1,stable,True,11
,2024-04-30,232,18,,increase,,0
44.0,2024-06-13,232,18,,increase,,1
187.0,2024-12-17,232,19,1.6,stable,True,2
85.0,2025-03-12,232,20,1.8,stable,True,3
86.0,2025-06-06,232,19,2.4,loss,True,4
,2009-06-08,233,18,,loss,,0
403.0,2010-07-16,233,19,-0.5,increase,True,1
35.0,2010-08-20,233,19,-0.125,stable,True,2
167.0,2011-02-03,233,19,1.0,increase,True,3
62.0,2011-04-06,233,19,0.14285714285714285,increase,True,4
285.0,2012-01-16,233,20,0.5,increase,False,5
160.0,2012-06-24,233,21,2.0,stable,False,6
281.0,2013-04-01,233,21,0.16666666666666666,stable,True,7
89.0,2013-06-29,233,22,0.16666666666666666,stable,True,8
205.0,2014-01-20,233,22,0.0,increase,False,9
161.0,2014-06-30,233,23,0.2857142857142857,increase,False,10
191.0,2015-01-07,233,24,2.3333333333333335,increase,False,11
6.0,2015-01-13,233,23,0.6666666666666666,increase,False,12
75.0,2015-03-29,233,23,1.2222222222222223,increase,False,13
323.0,2016-02-15,233,24,1.0,stable,False,14
158.0,2016-07-22,233,25,1.0,stable,False,15
332.0,2017-06-19,233,26,0.0,increase,False,16
13.0,2017-07-02,233,25,0.0,increase,False,17
113.0,2017-10-23,233,26,0.5,increase,True,18
101.0,2018-02-01,233,26,1.25,stable,True,19
116.0,2018-05-28,233,26,0.6666666666666666,stable,False,20
205.0,2018-12-19,233,27,0.0,stable,False,21
176.0,2019-06-13,233,27,0.0,stable,False,22
121.0,2019-10-12,233,28,0.2,loss,False,23
297.0,2020-08-04,233,28,-0.20833333333333334,loss,False,24
70.0,2020-10-13,233,29,-0.4166666666666667,stable,False,25
156.0,2021-03-18,233,29,-0.2631578947368421,stable,False,26
141.0,2021-08-06,233,29,0.0,stable,False,27
139.0,2021-12-23,233,30,0.0,stable,False,28
78.0,2022-03-11,233,31,0.14285714285714285,stable,False,29
96.0,2022-06-15,233,31,-0.14285714285714285,increase,False,30
92.0,2022-09-15,233,31,0.0,stable,False,31
278.0,2023-06-20,233,32,0.0,stable,False,32
182.0,2023-12-19,233,32,0.0,stable,False,33
160.0,2024-05-27,233,32,0.0,stable,False,34
207.0,2024-12-20,233,33,-0.125,loss,True,35
137.0,2025-05-06,233,33,-0.375,loss,True,36
,2021-10-03,234,19,,increase,,0
52.0,2021-11-24,234,20,,stable,,1
170.0,2022-05-13,234,20,1.5,increase,True,2
167.0,2022-10-27,234,21,0.0,increase,False,3
71.0,2023-01-06,234,21,0.4,increase,False,4
355.0,2023-12-27,234,22,0.2857142857142857,increase,False,5
184.0,2024-06-28,234,23,0.3333333333333333,increase,False,6
88.0,2024-09-24,234,23,1.0,increase,True,7
97.0,2024-12-30,234,23,0.5,increase,True,8
72.0,2025-03-12,234,24,2.3333333333333335,increase,True,9
76.0,2025-05-27,234,23,0.3333333333333333,increase,False,10
,2019-05-01,235,21,,stable,,0
240.0,2019-12-27,235,22,0.0,increase,False,1
399.0,2021-01-29,235,23,31.0,increase,False,2
151.0,2021-06-29,235,24,35.0,increase,False,3
255.0,2022-03-11,235,25,2.3333333333333335,loss,True,4
82.0,2022-06-01,235,24,0.3888888888888889,stable,True,5
106.0,2022-09-15,235,25,-0.5,increase,False,6
80.0,2022-12-04,235,24,0.0,increase,False,7
19.0,2022-12-23,235,25,2.4,increase,True,8
83.0,2023-03-16,235,25,6.333333333333333,increase,False,9
96.0,2023-06-20,235,26,11.8,increase,True,10
82.0,2023-09-10,235,26,4.882352941176471,stable,False,11
100.0,2023-12-19,235,26,0.5625,stable,False,12
86.0,2024-03-14,235,26,-0.1,stable,False,13
74.0,2024-05-27,235,27,-0.1,stable,False,14
203.0,2024-12-16,235,27,0.0,loss,False,15
165.0,2025-05-30,235,28,-0.1111111111111111,loss,False,16
105.0,2025-09-12,235,28,-0.3333333333333333,stable,False,17
35.0,2025-10-17,235,28,-0.2222222222222222,loss,False,18
140.0,2026-03-06,235,29,-0.45,stable,False,19
,2023-06-26,236,18,,increase,,0
85.0,2023-09-19,236,18,,increase,,1
93.0,2023-12-21,236,19,,increase,,2
290.0,2024-10-06,236,19,7.0,stable,False,3
72.0,2024-12-17,236,20,9.666666666666666,loss,True,4
101.0,2025-03-28,236,20,7.0,loss,True,5
61.0,2025-05-28,236,20,-0.16666666666666666,stable,True,6
,2022-09-13,237,18,,increase,,0
100.0,2022-12-22,237,18,,increase,,1
186.0,2023-06-26,237,18,5.666666666666667,increase,False,2
113.0,2023-10-17,237,19,25.666666666666668,increase,True,3
59.0,2023-12-15,237,19,25.666666666666668,increase,True,4
26.0,2024-01-10,237,20,13.0,stable,True,5
68.0,2024-03-18,237,19,5.0,increase,True,6
74.0,2024-05-31,237,19,1.0,increase,False,7
199.0,2024-12-16,237,20,0.75,increase,True,8
92.0,2025-03-18,237,20,0.875,stable,True,9
73.0,2025-05-30,237,20,0.875,increase,True,10
,2025-11-19,238,18,,increase,,0
,2018-06-09,239,16,,increase,,0
859.0,2020-10-15,239,18,2.3333333333333335,increase,True,1
167.0,2021-03-31,239,18,22.333333333333332,increase,True,2
92.0,2021-07-01,239,18,2.0,increase,False,3
67.0,2021-09-06,239,19,6.0,increase,True,4
107.0,2021-12-22,239,19,1.2857142857142858,increase,False,5
92.0,2022-03-24,239,19,2.7142857142857144,increase,False,6
166.0,2022-09-06,239,20,1.0,increase,False,7
5.0,2022-09-11,239,20,1.0,increase,False,8
186.0,2023-03-16,239,20,0.375,stable,True,9
96.0,2023-06-20,239,21,0.125,stable,True,10
184.0,2023-12-21,239,21,0.0,increase,False,11
20.0,2024-01-10,239,22,0.5555555555555556,stable,True,12
135.0,2024-05-24,239,22,0.0,increase,False,13
206.0,2024-12-16,239,22,0.7777777777777778,stable,True,14
165.0,2025-05-30,239,23,0.7777777777777778,stable,True,15
105.0,2025-09-12,239,23,0.0,stable,False,16
175.0,2026-03-06,239,24,-0.0625,stable,False,17
,2023-06-19,240,16,,increase,,0
94.0,2023-09-21,240,16,,increase,,1
98.0,2023-12-28,240,16,1.6666666666666667,increase,True,2
76.0,2024-03-13,240,16,4.333333333333333,increase,True,3
71.0,2024-05-23,240,16,4.0,increase,False,4
126.0,2024-09-26,240,17,0.5,increase,True,5
83.0,2024-12-18,240,17,5.0,increase,True,6
86.0,2025-03-14,240,17,15.0,increase,True,7
70.0,2025-05-23,240,17,19.0,increase,False,8
,2021-05-10,241,16,,increase,,0
305.0,2022-03-11,241,18,1.5,stable,True,1
96.0,2022-06-15,241,17,0.5,increase,False,2
92.0,2022-09-15,241,17,0.0,increase,False,3
182.0,2023-03-16,241,18,9.0,increase,False,4
96.0,2023-06-20,241,18,29.0,increase,False,5
82.0,2023-09-10,241,18,64.0,stable,False,6
100.0,2023-12-19,241,19,1.1666666666666667,loss,False,7
22.0,2024-01-10,241,19,0.5,stable,False,8
64.0,2024-03-14,241,19,-0.07692307692307693,loss,False,9
74.0,2024-05-27,241,19,-0.23076923076923078,stable,False,10
203.0,2024-12-16,241,20,-0.2,loss,False,11
92.0,2025-03-18,241,20,-0.36,loss,True,12
73.0,2025-05-30,241,20,-0.5,stable,True,13
,2023-02-27,242,17,,increase,,0
112.0,2023-06-19,242,17,,increase,,1
94.0,2023-09-21,242,17,2.3333333333333335,increase,False,2
98.0,2023-12-28,242,17,1.5,increase,False,3
154.0,2024-05-30,242,18,0.8,increase,False,4
203.0,2024-12-19,242,18,4.555555555555555,increase,True,5
97.0,2025-03-26,242,19,11.222222222222221,stable,True,6
85.0,2025-06-19,242,19,1.2,stable,False,7
85.0,2025-09-12,242,19,1.2,stable,True,8
175.0,2026-03-06,242,20,-0.18181818181818182,stable,True,9
,2021-11-25,243,20,,increase,,0
146.0,2022-04-20,243,20,,loss,,1
216.0,2022-11-22,243,21,-0.5,increase,True,2
163.0,2023-05-04,243,21,-0.5,increase,True,3
156.0,2023-10-07,243,22,0.5,increase,True,4
53.0,2023-11-29,243,22,1.5,increase,False,5
73.0,2024-02-10,243,23,7.0,increase,True,6
95.0,2024-05-15,243,22,3.0,increase,False,7
181.0,2024-11-12,243,23,4.0,increase,True,8
59.0,2025-01-10,243,24,42.333333333333336,stable,True,9
75.0,2025-03-26,243,23,19.0,increase,True,10
,2019-09-08,244,20,,increase,,0
34.0,2019-10-12,244,21,,stable,,1
297.0,2020-08-04,244,21,-0.1,increase,False,2
70.0,2020-10-13,244,21,-0.1,increase,False,3
65.0,2020-12-17,244,22,1.0,increase,False,4
91.0,2021-03-18,244,22,1.7777777777777777,stable,False,5
141.0,2021-08-06,244,22,0.25,increase,False,6
139.0,2021-12-23,244,23,0.0,increase,False,7
78.0,2022-03-11,244,23,2.2,increase,False,8
18.0,2022-03-29,244,23,1.0,increase,False,9
78.0,2022-06-15,244,23,2.2,increase,False,10
370.0,2023-06-20,244,24,0.5,increase,False,11
82.0,2023-09-10,244,24,0.875,stable,False,12
100.0,2023-12-19,244,25,0.25,increase,False,13
86.0,2024-03-14,244,25,0.2,increase,False,14
74.0,2024-05-27,244,25,0.3333333333333333,stable,False,15
203.0,2024-12-16,244,26,0.1,stable,False,16
165.0,2025-05-30,244,26,0.0,increase,False,17
105.0,2025-09-12,244,27,0.0,stable,True,18
175.0,2026-03-06,244,27,0.4,stable,True,19
,2018-12-15,245,17,,increase,,0
305.0,2019-10-16,245,18,1.0,increase,False,1
88.0,2020-01-12,245,19,1.0,increase,False,2
705.0,2021-12-17,245,20,4.0,stable,True,3
54.0,2022-02-09,245,20,6.0,increase,True,4
135.0,2022-06-24,245,20,0.2,increase,False,5
173.0,2022-12-14,245,21,0.7142857142857143,increase,False,6
195.0,2023-06-27,245,21,0.5,increase,False,7
46.0,2023-08-12,245,22,2.0,increase,False,8
32.0,2023-09-13,245,21,1.0,increase,False,9
183.0,2024-03-14,245,22,1.0833333333333333,stable,True,10
74.0,2024-05-27,245,22,1.0833333333333333,stable,True,11
203.0,2024-12-16,245,23,0.0,stable,False,12
165.0,2025-05-30,245,23,0.0,stable,False,13
,2019-06-28,246,19,,increase,,0
177.0,2019-12-22,246,20,,increase,,1
67.0,2020-02-27,246,20,3.0,increase,False,2
231.0,2020-10-15,246,21,0.5,stable,False,3
258.0,2021-06-30,246,21,0.0,stable,False,4
350.0,2022-06-15,246,22,0.0,stable,False,5
323.0,2023-05-04,246,23,0.0,stable,True,6
47.0,2023-06-20,246,23,0.0,stable,False,7
182.0,2023-12-19,246,24,0.0,increase,False,8
53.0,2024-02-10,246,24,0.3333333333333333,stable,True,9
31.0,2024-03-12,246,25,0.3333333333333333,stable,True,10
76.0,2024-05-27,246,24,0.0,increase,False,11
386.0,2025-06-17,246,25,0.3333333333333333,stable,True,12
,2018-04-10,247,16,,loss,,0
207.0,2018-11-03,247,16,-0.9,increase,True,1
33.0,2018-12-06,247,16,-0.5,increase,True,2
22.0,2018-12-28,247,17,1.0,stable,False,3
343.0,2019-12-06,247,17,0.0,stable,False,4
242.0,2020-08-04,247,18,-0.1,increase,True,5
70.0,2020-10-13,247,18,-0.1,increase,True,6
260.0,2021-06-30,247,19,0.3888888888888889,increase,True,7
95.0,2021-10-03,247,19,0.1111111111111111,increase,True,8
52.0,2021-11-24,247,19,0.6666666666666666,increase,True,9
170.0,2022-05-13,247,20,1.5,stable,False,10
121.0,2022-09-11,247,20,0.6666666666666666,stable,True,11
284.0,2023-06-22,247,21,0.0,increase,False,12
175.0,2023-12-14,247,21,0.0,increase,True,13
27.0,2024-01-10,247,22,2.6,stable,True,14
77.0,2024-03-27,247,22,0.4,increase,True,15
63.0,2024-05-29,247,22,1.4,increase,True,16
201.0,2024-12-16,247,22,0.5,increase,True,17
92.0,2025-03-18,247,23,0.6666666666666666,increase,True,18
73.0,2025-05-30,247,23,0.8333333333333334,increase,True,19
105.0,2025-09-12,247,23,0.5555555555555556,stable,False,20
35.0,2025-10-17,247,23,0.25,increase,False,21
140.0,2026-03-06,247,24,0.45454545454545453,stable,False,22
,2019-10-16,248,18,,increase,,0
134.0,2020-02-27,248,18,,stable,,1
159.0,2020-08-04,248,18,0.6,increase,False,2
72.0,2020-10-15,248,19,-0.1111111111111111,increase,False,3
68.0,2020-12-22,248,19,1.2222222222222223,increase,False,4
190.0,2021-06-30,248,20,3.0,increase,False,5
95.0,2021-10-03,248,19,0.0,increase,False,6
81.0,2021-12-23,248,20,3.0,increase,True,7
78.0,2022-03-11,248,21,1.75,stable,True,8
96.0,2022-06-15,248,21,4.0,increase,True,9
92.0,2022-09-15,248,21,0.0,stable,False,10
278.0,2023-06-20,248,22,0.0,stable,False,11
182.0,2023-12-19,248,22,0.13636363636363635,stable,True,12
160.0,2024-05-27,248,23,0.13636363636363635,stable,True,13
203.0,2024-12-16,248,23,0.12,increase,False,14
165.0,2025-05-30,248,24,0.12,stable,False,15
105.0,2025-09-12,248,24,0.25,stable,False,16
35.0,2025-10-17,248,24,0.25,stable,False,17
140.0,2026-03-06,248,25,0.07142857142857142,stable,False,18
,2014-07-12,249,16,,increase,,0
403.0,2015-08-19,249,17,1.6666666666666667,stable,False,1
130.0,2015-12-27,249,17,1.6666666666666667,stable,False,2
415.0,2017-02-14,249,18,0.0,stable,True,3
413.0,2018-04-03,249,19,0.0,increase,True,4
127.0,2018-08-08,249,20,0.5625,increase,True,5
205.0,2019-03-01,249,20,0.6,increase,False,6
172.0,2019-08-20,249,21,1.4,stable,False,7
256.0,2020-05-02,249,21,0.0,increase,False,8
80.0,2020-07-21,249,22,0.3333333333333333,stable,False,9
14.0,2020-08-04,249,21,-0.1,increase,False,10
167.0,2021-01-18,249,22,0.0,increase,False,11
112.0,2021-05-10,249,23,5.296296296296297,stable,True,12
49.0,2021-06-28,249,23,1.5925925925925926,increase,False,13
178.0,2021-12-23,249,23,0.0,stable,False,14
78.0,2022-03-11,249,24,1.2857142857142858,stable,True,15
96.0,2022-06-15,249,24,1.5714285714285714,stable,True,16
370.0,2023-06-20,249,25,-0.1111111111111111,stable,False,17
182.0,2023-12-19,249,25,0.125,stable,False,18
86.0,2024-03-14,249,25,-0.0625,stable,False,19
74.0,2024-05-27,249,26,-0.0625,stable,False,20
203.0,2024-12-16,249,26,0.2,stable,False,21
165.0,2025-05-30,249,27,0.2,stable,False,22
105.0,2025-09-12,249,27,-0.1111111111111111,increase,False,23
35.0,2025-10-17,249,27,-0.1111111111111111,increase,False,24
140.0,2026-03-06,249,28,0.0,stable,False,25
,2024-03-30,250,17,,increase,,0
59.0,2024-05-28,250,18,,increase,,1
137.0,2024-10-12,250,18,1.5,stable,False,2
230.0,2025-05-30,250,19,0.2,increase,False,3
115.0,2025-09-22,250,19,1.0,increase,True,4
,2021-10-19,251,16,,increase,,0
242.0,2022-06-18,251,17,5.0,increase,True,1
45.0,2022-08-02,251,17,1.0,increase,True,2
147.0,2022-12-27,251,18,1.3333333333333333,increase,False,3
178.0,2023-06-23,251,18,9.0,stable,False,4
179.0,2023-12-19,251,18,0.7142857142857143,stable,True,5
363.0,2024-12-16,251,19,0.0,increase,True,6
165.0,2025-05-30,251,20,0.0,increase,True,7
,2023-05-17,252,17,,stable,,0
407.0,2024-06-27,252,19,0.0,increase,True,1
197.0,2025-01-10,252,20,1.6666666666666667,increase,True,2
140.0,2025-05-30,252,20,0.0,increase,False,3
,2023-02-25,253,18,,increase,,0
124.0,2023-06-29,253,18,,increase,,1
10.0,2023-07-09,253,18,,increase,,2
159.0,2023-12-15,253,18,51.0,increase,False,3
143.0,2024-05-06,253,19,7.0,increase,True,4
144.0,2024-09-27,253,19,4.384615384615385,increase,True,5
84.0,2024-12-20,253,19,7.0,increase,False,6
179.0,2025-06-17,253,20,1.5714285714285714,increase,False,7
,2015-02-27,254,17,,increase,,0
231.0,2015-10-16,254,18,1.0,increase,False,1
85.0,2016-01-09,254,19,24.0,stable,True,2
142.0,2016-05-30,254,18,4.0,increase,False,3
273.0,2017-02-27,254,19,1.5,stable,True,4
203.0,2017-09-18,254,20,0.2,loss,False,5
162.0,2018-02-27,254,20,0.2,loss,False,6
209.0,2018-09-24,254,21,-0.3333333333333333,stable,False,7
277.0,2019-06-28,254,21,0.0,increase,False,8
111.0,2019-10-17,254,22,1.0,stable,False,9
133.0,2020-02-27,254,22,1.5,stable,False,10
159.0,2020-08-04,254,22,0.0,increase,False,11
72.0,2020-10-15,254,23,0.2,increase,False,12
68.0,2020-12-22,254,23,0.8,increase,False,13
139.0,2021-05-10,254,24,2.3333333333333335,increase,False,14
51.0,2021-06-30,254,23,0.5555555555555556,increase,False,15
95.0,2021-10-03,254,23,0.1111111111111111,increase,False,16
81.0,2021-12-23,254,24,0.5,increase,False,17
78.0,2022-03-11,254,25,2.142857142857143,increase,False,18
18.0,2022-03-29,254,24,1.5714285714285714,increase,False,19
78.0,2022-06-15,254,24,3.0,increase,False,20
370.0,2023-06-20,254,25,0.4,stable,False,21
182.0,2023-12-19,254,26,-0.10714285714285714,stable,False,22
160.0,2024-05-27,254,26,-0.2857142857142857,stable,False,23
203.0,2024-12-16,254,27,0.0,loss,False,24
92.0,2025-03-18,254,27,-0.15,loss,False,25
73.0,2025-05-30,254,27,-0.25,stable,False,26
,2021-01-03,255,16,,increase,,0
172.0,2021-06-24,255,16,,increase,,1
719.0,2023-06-13,255,18,5.4,increase,True,2
150.0,2023-11-10,255,19,39.0,increase,True,3
40.0,2023-12-20,255,19,14.0,increase,True,4
138.0,2024-05-06,255,19,30.25,loss,True,5
165.0,2024-10-18,255,20,0.8333333333333334,stable,False,6
46.0,2024-12-03,255,19,-0.4,increase,False,7
15.0,2024-12-18,255,20,-0.28,increase,False,8
163.0,2025-05-30,255,20,-0.18181818181818182,increase,True,9
105.0,2025-09-12,255,21,0.5,increase,True,10
35.0,2025-10-17,255,21,0.1111111111111111,increase,True,11
140.0,2026-03-06,255,21,1.2222222222222223,stable,False,12
,2019-08-20,256,17,,increase,,0
256.0,2020-05-02,256,17,3.0,increase,False,1
80.0,2020-07-21,256,18,3.0,increase,False,2
14.0,2020-08-04,256,17,2.5,increase,False,3
86.0,2020-10-29,256,18,3.1666666666666665,increase,True,4
61.0,2020-12-29,256,18,7.333333333333333,increase,True,5
67.0,2021-03-06,256,18,8.523809523809524,increase,True,6
222.0,2021-10-14,256,19,0.6,increase,False,7
75.0,2021-12-28,256,19,1.6,increase,False,8
73.0,2022-03-11,256,20,2.6,increase,True,9
4.0,2022-03-15,256,19,2.0,increase,False,10
113.0,2022-07-06,256,19,0.38461538461538464,increase,False,11
349.0,2023-06-20,256,21,0.3888888888888889,stable,True,12
82.0,2023-09-10,256,21,0.6666666666666666,stable,True,13
100.0,2023-12-19,256,21,0.2,loss,False,14
22.0,2024-01-10,256,22,0.0,stable,False,15
138.0,2024-05-27,256,21,-0.06666666666666667,loss,False,16
203.0,2024-12-16,256,22,-0.21428571428571427,loss,False,17
92.0,2025-03-18,256,22,-0.35714285714285715,stable,False,18
73.0,2025-05-30,256,22,-0.6428571428571429,increase,False,19
,2016-07-22,257,18,,stable,,0
185.0,2017-01-23,257,18,0.0,increase,True,1
155.0,2017-06-27,257,19,1.8,increase,True,2
209.0,2018-01-22,257,19,0.7142857142857143,loss,False,3
148.0,2018-06-19,257,20,0.7142857142857143,loss,False,4
408.0,2019-08-01,257,20,-0.25,increase,False,5
55.0,2019-09-25,257,21,0.0,stable,False,6
72.0,2019-12-06,257,21,-0.25,increase,False,7
7.0,2019-12-13,257,21,0.25,stable,False,8
235.0,2020-08-04,257,21,-0.1,increase,False,9
72.0,2020-10-15,257,22,-0.2,increase,True,10
68.0,2020-12-22,257,22,1.4,increase,True,11
139.0,2021-05-10,257,23,15.666666666666666,stable,False,12
51.0,2021-06-30,257,23,2.888888888888889,increase,False,13
95.0,2021-10-03,257,22,0.9444444444444444,increase,False,14
81.0,2021-12-23,257,23,0.0,increase,False,15
78.0,2022-03-11,257,24,1.2857142857142858,increase,False,16
18.0,2022-03-29,257,23,0.7142857142857143,increase,False,17
78.0,2022-06-15,257,24,3.0,increase,False,18
370.0,2023-06-20,257,25,0.42857142857142855,stable,False,19
182.0,2023-12-19,257,25,0.1,stable,False,20
160.0,2024-05-27,257,26,0.1,stable,False,21
203.0,2024-12-16,257,26,0.0,stable,False,22
165.0,2025-05-30,257,27,-0.09090909090909091,stable,False,23
,2020-05-09,258,18,,stable,,0
224.0,2020-12-19,258,18,0.0,increase,False,1
24.0,2021-01-12,258,19,0.4,stable,True,2
134.0,2021-05-26,258,18,-0.2,increase,False,3
320.0,2022-04-11,258,20,0.75,increase,True,4
44.0,2022-05-25,258,19,0.75,increase,True,5
536.0,2023-11-12,258,21,1.0,increase,True,6
24.0,2023-12-06,258,20,0.7142857142857143,increase,True,7
167.0,2024-05-21,258,21,0.7142857142857143,increase,False,8
142.0,2024-10-10,258,22,5.666666666666667,increase,True,9
68.0,2024-12-17,258,22,2.75,increase,True,10
90.0,2025-03-17,258,22,4.0,increase,True,11
81.0,2025-06-06,258,22,0.5,increase,False,12
,2020-04-09,259,16,,increase,,0
280.0,2021-01-14,259,16,2.0,increase,False,1
173.0,2021-07-06,259,17,3.0,stable,False,2
167.0,2021-12-20,259,17,0.3333333333333333,increase,False,3
81.0,2022-03-11,259,18,0.0,increase,True,4
68.0,2022-05-18,259,18,0.0,increase,False,5
480.0,2023-09-10,259,19,1.5,increase,True,6
100.0,2023-12-19,259,19,5.25,increase,True,7
86.0,2024-03-14,259,20,4.0,increase,False,8
74.0,2024-05-27,259,20,9.0,stable,False,9
203.0,2024-12-16,259,20,0.2,increase,False,10
165.0,2025-05-30,259,21,0.5,increase,False,11
105.0,2025-09-12,259,21,1.0833333333333333,stable,False,12
35.0,2025-10-17,259,21,0.6666666666666666,increase,False,13
140.0,2026-03-06,259,22,1.1333333333333333,stable,False,14
,2015-02-09,260,19,,stable,,0
346.0,2016-01-21,260,20,0.0,increase,False,1
322.0,2016-12-08,260,20,2.0,increase,False,2
4.0,2016-12-12,260,20,2.0,increase,False,3
105.0,2017-03-27,260,21,5.0,increase,False,4
86.0,2017-06-21,260,21,1.6666666666666667,increase,False,5
180.0,2017-12-18,260,21,0.75,increase,False,6
50.0,2018-02-06,260,22,2.75,increase,False,7
214.0,2018-09-08,260,22,2.3333333333333335,loss,True,8
104.0,2018-12-21,260,22,0.6666666666666666,increase,True,9
300.0,2019-10-17,260,23,0.4,stable,True,10
20.0,2019-11-06,260,23,0.0,increase,False,11
113.0,2020-02-27,260,24,0.6,stable,True,12
159.0,2020-08-04,260,24,0.28,increase,True,13
72.0,2020-10-15,260,24,-0.2,increase,False,14
68.0,2020-12-22,260,24,-0.05,increase,False,15
155.0,2021-05-26,260,25,1.5,stable,False,16
130.0,2021-10-03,260,25,0.5789473684210527,increase,False,17
81.0,2021-12-23,260,25,0.0,increase,False,18
78.0,2022-03-11,260,26,0.75,stable,False,19
96.0,2022-06-15,260,26,0.6666666666666666,increase,False,20
92.0,2022-09-15,260,26,-0.14285714285714285,increase,False,21
278.0,2023-06-20,260,27,0.8333333333333334,increase,False,22
82.0,2023-09-10,260,27,1.3333333333333333,stable,False,23
100.0,2023-12-19,260,27,0.36363636363636365,stable,False,24
160.0,2024-05-27,260,28,0.0,stable,False,25
203.0,2024-12-16,260,28,-0.10714285714285714,loss,False,26
92.0,2025-03-18,260,29,-0.42857142857142855,loss,False,27
73.0,2025-05-30,260,29,-0.5,loss,False,28
,2019-02-27,261,20,,increase,,0
121.0,2019-06-28,261,20,,increase,,1
111.0,2019-10-17,261,20,2.0,increase,False,2
133.0,2020-02-27,261,21,5.0,increase,False,3
159.0,2020-08-04,261,21,2.6,increase,False,4
72.0,2020-10-15,261,21,1.1666666666666667,increase,False,5
258.0,2021-06-30,261,22,0.5384615384615384,stable,False,6
95.0,2021-10-03,261,22,0.5384615384615384,stable,False,7
81.0,2021-12-23,261,23,0.5384615384615384,increase,False,8
78.0,2022-03-11,261,24,-0.1,increase,False,9
96.0,2022-06-15,261,23,0.0,increase,False,10
370.0,2023-06-20,261,24,0.6,loss,False,11
182.0,2023-12-19,261,25,-0.25,stable,False,12
160.0,2024-05-27,261,25,-0.375,stable,False,13
203.0,2024-12-16,261,26,0.0,loss,False,14
92.0,2025-03-18,261,26,-0.3,loss,False,15
73.0,2025-05-30,261,26,-0.5,loss,False,16
105.0,2025-09-12,261,27,-0.75,stable,False,17
39.0,2025-10-21,261,26,-0.5714285714285714,loss,True,18
136.0,2026-03-06,261,27,-0.7,increase,False,19
,2021-06-30,262,20,,increase,,0
147.0,2021-11-24,262,20,,increase,,1
107.0,2022-03-11,262,21,27.333333333333332,stable,True,2
63.0,2022-05-13,262,21,19.0,increase,False,3
125.0,2022-09-15,262,21,0.0,stable,False,4
182.0,2023-03-16,262,22,-0.11764705882352941,stable,False,5
96.0,2023-06-20,262,22,-0.29411764705882354,stable,False,6
182.0,2023-12-19,262,22,0.0,increase,False,7
22.0,2024-01-10,262,23,0.5,stable,False,8
138.0,2024-05-27,262,23,0.25,increase,False,9
203.0,2024-12-16,262,23,0.3333333333333333,stable,False,10
92.0,2025-03-18,262,24,0.5333333333333333,stable,False,11
73.0,2025-05-30,262,24,0.5333333333333333,stable,False,12
105.0,2025-09-12,262,24,0.1,stable,False,13
35.0,2025-10-17,262,24,0.08695652173913043,stable,False,14
140.0,2026-03-06,262,25,0.08695652173913043,stable,False,15
,2018-02-06,263,17,,increase,,0
11.0,2018-02-17,263,17,,increase,,1
307.0,2018-12-21,263,18,9.0,increase,True,2
228.0,2019-08-06,263,18,0.75,increase,False,3
138.0,2019-12-22,263,19,4.0,increase,False,4
222.0,2020-07-31,263,20,0.3,increase,False,5
4.0,2020-08-04,263,19,-0.1,increase,False,6
147.0,2020-12-29,263,20,0.6,increase,True,7
84.0,2021-03-23,263,20,1.2222222222222223,increase,True,8
64.0,2021-05-26,263,20,1.8888888888888888,increase,True,9
50.0,2021-07-15,263,21,1.5,loss,False,10
166.0,2021-12-28,263,21,0.38461538461538464,stable,False,11
73.0,2022-03-11,263,22,-0.25,stable,True,12
4.0,2022-03-15,263,21,-0.25,stable,False,13
113.0,2022-07-06,263,21,-0.16666666666666666,stable,False,14
349.0,2023-06-20,263,22,-0.13333333333333333,loss,True,15
182.0,2023-12-19,263,23,-0.23076923076923078,increase,False,16
160.0,2024-05-27,263,23,-0.23076923076923078,increase,False,17
203.0,2024-12-16,263,24,0.5,increase,False,18
92.0,2025-03-18,263,24,1.5,stable,False,19
73.0,2025-05-30,263,24,1.8,stable,False,20
,2021-04-10,264,16,,stable,,0
386.0,2022-05-01,264,16,0.0,stable,False,1
97.0,2022-08-06,264,17,0.0,stable,False,2
321.0,2023-06-23,264,18,0.0,increase,True,3
175.0,2023-12-15,264,18,3.0,increase,False,4
94.0,2024-03-18,264,18,5.0,increase,True,5
74.0,2024-05-31,264,19,5.0,increase,True,6
136.0,2024-10-14,264,19,1.0,increase,False,7
64.0,2024-12-17,264,19,1.6666666666666667,increase,False,8
162.0,2025-05-28,264,20,0.5,stable,False,9
,2021-03-18,265,18,,increase,,0
251.0,2021-11-24,265,19,13.0,increase,True,1
107.0,2022-03-11,265,20,79.0,loss,True,2
63.0,2022-05-13,265,19,47.0,increase,True,3
125.0,2022-09-15,265,20,-0.25,stable,False,4
278.0,2023-06-20,265,20,0.06666666666666667,stable,False,5
177.0,2023-12-14,265,21,-0.06666666666666667,increase,True,6
27.0,2024-01-10,265,22,0.125,stable,True,7
135.0,2024-05-24,265,21,-0.125,increase,True,8
206.0,2024-12-16,265,22,0.2857142857142857,loss,True,9
92.0,2025-03-18,265,22,0.07142857142857142,loss,True,10
73.0,2025-05-30,265,22,0.0,loss,True,11
105.0,2025-09-12,265,23,-0.3333333333333333,stable,False,12
175.0,2026-03-06,265,23,-0.42857142857142855,increase,False,13
,2019-12-08,266,17,,increase,,0
177.0,2020-06-02,266,18,,stable,,1
105.0,2020-09-15,266,18,11.0,increase,False,2
153.0,2021-02-15,266,19,0.2,increase,False,3
135.0,2021-06-30,266,19,0.5,increase,False,4
10.0,2021-07-10,266,19,5.0,increase,True,5
165.0,2021-12-22,266,20,22.333333333333332,stable,True,6
258.0,2022-09-06,266,20,0.0,increase,False,7
5.0,2022-09-11,266,20,0.7142857142857143,increase,False,8
10.0,2022-09-21,266,20,0.7142857142857143,increase,False,9
176.0,2023-03-16,266,21,0.6666666666666666,increase,True,10
96.0,2023-06-20,266,21,1.0833333333333333,stable,True,11
182.0,2023-12-19,266,22,0.0,stable,False,12
160.0,2024-05-27,266,22,-0.12,stable,False,13
203.0,2024-12-16,266,23,0.0,increase,False,14
92.0,2025-03-18,266,23,0.22727272727272727,increase,False,15
73.0,2025-05-30,266,23,0.36363636363636365,stable,False,16
,2020-12-22,267,21,,increase,,0
190.0,2021-06-30,267,21,1.0,increase,False,1
95.0,2021-10-03,267,21,0.3333333333333333,increase,False,2
52.0,2021-11-24,267,21,12.333333333333334,increase,False,3
107.0,2022-03-11,267,22,15.666666666666666,increase,False,4
63.0,2022-05-13,267,22,29.0,increase,False,5
403.0,2023-06-20,267,23,0.5,loss,False,6
184.0,2023-12-21,267,24,-0.2777777777777778,stable,True,7
155.0,2024-05-24,267,24,-0.3333333333333333,stable,True,8
40.0,2024-07-03,267,24,-0.07692307692307693,stable,False,9
180.0,2024-12-30,267,25,-0.08333333333333333,increase,True,10
148.0,2025-05-27,267,25,0.5,increase,True,11
108.0,2025-09-12,267,26,1.7272727272727273,stable,False,12
35.0,2025-10-17,267,25,1.5454545454545454,increase,False,13
140.0,2026-03-06,267,26,1.2222222222222223,stable,False,14
,2023-11-12,268,18,,increase,,0
137.0,2024-03-28,268,18,,increase,,1
81.0,2024-06-17,268,18,99.0,stable,True,2
182.0,2024-12-16,268,19,0.0,stable,True,3
165.0,2025-05-30,268,19,0.0,stable,True,4
105.0,2025-09-12,268,20,0.0,stable,False,5
,2021-12-16,269,19,,increase,,0
57.0,2022-02-11,269,20,,loss,,1
108.0,2022-05-30,269,20,,increase,,2
112.0,2022-09-19,269,20,-0.3,increase,False,3
178.0,2023-03-16,269,21,21.22222222222222,stable,True,4
96.0,2023-06-20,269,21,2.5714285714285716,stable,True,5
182.0,2023-12-19,269,21,-0.2,stable,False,6
160.0,2024-05-27,269,22,-0.2,stable,False,7
203.0,2024-12-16,269,22,0.0,increase,False,8
92.0,2025-03-18,269,23,0.25,increase,False,9
73.0,2025-05-30,269,23,0.4,increase,False,10
,2021-03-12,270,20,,loss,,0
271.0,2021-12-08,270,20,-0.625,increase,False,1
174.0,2022-05-31,270,20,0.125,increase,True,2
39.0,2022-07-09,270,21,2.3333333333333335,increase,True,3
142.0,2022-11-28,270,21,0.5555555555555556,increase,False,4
95.0,2023-03-03,270,21,1.0,increase,False,5
64.0,2023-05-06,270,21,7.0,increase,False,6
170.0,2023-10-23,270,22,5.0,increase,True,7
57.0,2023-12-19,270,22,0.5,increase,True,8
94.0,2024-03-22,270,22,5.25,stable,True,9
15.0,2024-04-06,270,22,5.25,stable,True,10
254.0,2024-12-16,270,23,0.0,increase,True,11
92.0,2025-03-18,270,23,-0.12,stable,True,12
73.0,2025-05-30,270,23,-0.28,increase,True,13
105.0,2025-09-12,270,24,0.4,increase,False,14
35.0,2025-10-17,270,24,0.0,increase,False,15
140.0,2026-03-06,270,24,2.611111111111111,loss,False,16
,2023-02-10,271,16,,increase,,0
613.0,2024-10-15,271,17,6.0,increase,True,1
66.0,2024-12-20,271,17,9.0,increase,True,2
21.0,2025-01-10,271,18,24.0,stable,True,3
104.0,2025-04-24,271,18,0.42857142857142855,increase,False,4
171.0,2025-10-12,271,18,0.0,increase,False,5
145.0,2026-03-06,271,19,7.0,stable,True,6
,2010-07-30,272,18,,increase,,0
1107.0,2013-08-10,272,21,14.0,increase,True,1
19.0,2013-08-29,272,21,2.0,increase,True,2
355.0,2014-08-19,272,22,15.666666666666666,stable,True,3
141.0,2015-01-07,272,23,45.666666666666664,increase,True,4
48.0,2015-02-24,272,22,0.2,increase,False,5
318.0,2016-01-08,272,24,2.0,loss,False,6
238.0,2016-09-02,272,23,-0.2222222222222222,increase,False,7
171.0,2017-02-20,272,24,0.1111111111111111,stable,False,8
128.0,2017-06-28,272,25,0.42857142857142855,stable,False,9
218.0,2018-02-01,272,25,0.0,increase,False,10
116.0,2018-05-28,272,26,0.0,increase,False,11
142.0,2018-10-17,272,26,0.5,increase,False,12
63.0,2018-12-19,272,26,1.5,stable,False,13
176.0,2019-06-13,272,27,1.0,loss,False,14
121.0,2019-10-12,272,27,0.2,loss,False,15
292.0,2020-07-30,272,28,-0.3333333333333333,increase,False,16
5.0,2020-08-04,272,28,-0.2,stable,False,17
70.0,2020-10-13,272,28,-0.25,stable,True,18
156.0,2021-03-18,272,29,0.041666666666666664,stable,True,19
141.0,2021-08-06,272,29,-0.022222222222222223,stable,False,20
139.0,2021-12-23,272,29,-0.2,stable,False,21
78.0,2022-03-11,272,30,-0.18181818181818182,stable,False,22
96.0,2022-06-15,272,30,-0.18181818181818182,stable,False,23
370.0,2023-06-20,272,31,-0.1111111111111111,stable,False,24
182.0,2023-12-19,272,31,-0.1875,stable,False,25
160.0,2024-05-27,272,32,-0.1875,stable,False,26
203.0,2024-12-16,272,32,-0.15384615384615385,loss,False,27
165.0,2025-05-30,272,33,-0.38461538461538464,loss,False,28
,2017-05-17,273,20,,increase,,0
160.0,2017-10-24,273,20,,increase,,1
335.0,2018-09-24,273,21,3.0,increase,True,2
156.0,2019-02-27,273,21,9.0,increase,True,3
227.0,2019-10-12,273,22,5.0,increase,False,4
58.0,2019-12-09,273,22,1.8,increase,False,5
234.0,2020-07-30,273,23,1.8571428571428572,stable,False,6
5.0,2020-08-04,273,23,1.0714285714285714,increase,False,7
30.0,2020-09-03,273,22,1.5714285714285714,stable,False,8
40.0,2020-10-13,273,23,1.8571428571428572,stable,True,9
156.0,2021-03-18,273,24,0.1111111111111111,stable,True,10
71.0,2021-05-28,273,24,0.1,stable,False,11
209.0,2021-12-23,273,24,-0.18181818181818182,increase,False,12
78.0,2022-03-11,273,25,0.0,stable,True,13
96.0,2022-06-15,273,25,-0.18181818181818182,stable,False,14
92.0,2022-09-15,273,25,0.0,stable,False,15
278.0,2023-06-20,273,26,-0.18181818181818182,loss,True,16
182.0,2023-12-19,273,26,-0.3333333333333333,increase,True,17
160.0,2024-05-27,273,27,-0.3333333333333333,increase,True,18
203.0,2024-12-16,273,27,0.25,increase,False,19
165.0,2025-05-30,273,28,0.6666666666666666,increase,False,20
,2014-10-02,274,21,,increase,,0
285.0,2015-07-14,274,22,11.0,increase,True,1
79.0,2015-10-01,274,21,3.0,increase,True,2
102.0,2016-01-11,274,23,0.3888888888888889,increase,True,3
143.0,2016-06-02,274,23,4.833333333333333,loss,False,4
41.0,2016-07-13,274,23,0.4,loss,False,5
177.0,2017-01-06,274,24,-0.5714285714285714,increase,True,6
10.0,2017-01-16,274,23,-0.42857142857142855,increase,False,7
373.0,2018-01-24,274,25,0.75,increase,False,8
72.0,2018-04-06,274,25,0.75,increase,False,9
255.0,2018-12-17,274,25,1.0,increase,False,10
79.0,2019-03-06,274,26,1.8571428571428572,stable,False,11
119.0,2019-07-03,274,26,0.21428571428571427,stable,False,12
169.0,2019-12-19,274,26,0.0,stable,False,13
229.0,2020-08-04,274,27,-0.2,increase,False,14
72.0,2020-10-15,274,27,0.0,stable,False,15
173.0,2021-04-06,274,28,0.25,stable,False,16
254.0,2021-12-16,274,28,0.2,stable,False,17
165.0,2022-05-30,274,29,0.4,stable,False,18
165.0,2022-11-11,274,29,0.0,stable,True,19
224.0,2023-06-23,274,30,0.0,stable,False,20
175.0,2023-12-15,274,30,0.0,stable,False,21
94.0,2024-03-18,274,31,0.08333333333333333,stable,False,22
74.0,2024-05-31,274,31,0.08333333333333333,stable,False,23
200.0,2024-12-17,274,31,-0.07692307692307693,loss,False,24
101.0,2025-03-28,274,32,-0.23076923076923078,loss,False,25
61.0,2025-05-28,274,32,-0.4230769230769231,loss,False,26
,2016-09-02,275,21,,increase,,0
165.0,2017-02-14,275,23,,stable,,1
216.0,2017-09-18,275,23,0.0,stable,True,2
371.0,2018-09-24,275,24,0.0,increase,True,3
277.0,2019-06-28,275,25,0.75,stable,False,4
403.0,2020-08-04,275,26,-0.14285714285714285,stable,False,5
506.0,2021-12-23,275,27,0.0,stable,True,6
174.0,2022-06-15,275,28,0.0,stable,True,7
181.0,2022-12-13,275,28,0.0,stable,True,8
99.0,2023-03-22,275,29,0.16666666666666666,increase,True,9
90.0,2023-06-20,275,29,0.16666666666666666,increase,True,10
182.0,2023-12-19,275,29,0.42857142857142855,stable,False,11
160.0,2024-05-27,275,30,0.42857142857142855,stable,False,12
203.0,2024-12-16,275,30,0.0,loss,False,13
165.0,2025-05-30,275,31,-0.2,loss,False,14
,2024-06-25,276,16,,increase,,0
115.0,2024-10-18,276,16,,increase,,1
61.0,2024-12-18,276,16,,increase,,2
181.0,2025-06-17,276,17,0.6666666666666666,increase,False,3
23.0,2025-07-10,276,17,5.666666666666667,increase,True,4
,2024-10-12,277,18,,increase,,0
145.0,2025-03-06,277,18,,increase,,1
18.0,2025-03-24,277,18,,increase,,2
,2018-02-05,278,18,,increase,,0
645.0,2019-11-12,278,19,29.0,increase,True,1
25.0,2019-12-07,278,19,29.0,increase,True,2
88.0,2020-03-04,278,20,39.0,increase,True,3
135.0,2020-07-17,278,20,0.4666666666666667,increase,True,4
18.0,2020-08-04,278,20,0.2,increase,False,5
99.0,2020-11-11,278,20,1.0,increase,True,6
70.0,2021-01-20,278,20,1.2727272727272727,increase,False,7
229.0,2021-09-06,278,21,0.5,increase,True,8
107.0,2021-12-22,278,21,0.5,stable,True,9
79.0,2022-03-11,278,22,0.6,stable,True,10
179.0,2022-09-06,278,22,0.0,increase,False,11
9.0,2022-09-15,278,22,0.0,stable,False,12
182.0,2023-03-16,278,22,-0.16666666666666666,stable,False,13
96.0,2023-06-20,278,23,-0.16666666666666666,stable,False,14
182.0,2023-12-19,278,23,-0.2,increase,False,15
86.0,2024-03-14,278,23,0.0,stable,False,16
74.0,2024-05-27,278,24,0.2,stable,False,17
203.0,2024-12-16,278,24,0.0,increase,False,18
165.0,2025-05-30,278,25,0.16666666666666666,increase,False,19
,2022-09-26,279,19,,increase,,0
94.0,2022-12-29,279,19,,stable,,1
183.0,2023-06-30,279,20,0.0,increase,False,2
105.0,2023-10-13,279,20,1.0,increase,True,3
70.0,2023-12-22,279,20,11.0,increase,True,4
197.0,2024-07-06,279,20,1.5,stable,False,5
163.0,2024-12-16,279,21,1.5,stable,True,6
165.0,2025-05-30,279,21,0.0,stable,True,7
105.0,2025-09-12,279,22,-0.2,increase,False,8
35.0,2025-10-17,279,22,-0.2,increase,False,9
,2015-06-09,280,17,,increase,,0
298.0,2016-04-02,280,17,1.0,increase,False,1
774.0,2018-05-16,280,20,3.0,stable,True,2
215.0,2018-12-17,280,20,0.0,increase,False,3
79.0,2019-03-06,280,21,0.0,increase,False,4
205.0,2019-09-27,280,21,7.75,increase,False,5
83.0,2019-12-19,280,21,11.5,increase,False,6
80.0,2020-03-08,280,22,32.75,stable,False,7
5.0,2020-03-13,280,22,19.0,increase,False,8
144.0,2020-08-04,280,22,0.44,increase,False,9
128.0,2020-12-10,280,22,0.875,stable,True,10
117.0,2021-04-06,280,23,1.5,stable,True,11
86.0,2021-07-01,280,22,0.2,increase,False,12
168.0,2021-12-16,280,23,0.0,increase,False,13
57.0,2022-02-11,280,24,0.3888888888888889,stable,False,14
40.0,2022-03-23,280,24,-0.16666666666666666,increase,False,15
68.0,2022-05-30,280,24,-0.05555555555555555,increase,False,16
112.0,2022-09-19,280,24,0.4666666666666667,increase,False,17
281.0,2023-06-27,280,25,0.36363636363636365,stable,False,18
75.0,2023-09-10,280,25,0.8181818181818182,stable,True,19
100.0,2023-12-19,280,25,0.9090909090909091,loss,True,20
22.0,2024-01-10,280,26,0.16666666666666666,stable,True,21
138.0,2024-05-27,280,26,0.0,loss,False,22
203.0,2024-12-16,280,26,-0.25,loss,False,23
92.0,2025-03-18,280,27,-0.375,loss,True,24
73.0,2025-05-30,280,27,-0.45,loss,True,25
,2016-02-25,281,17,,increase,,0
394.0,2017-03-25,281,18,1.0,increase,False,1
346.0,2018-03-06,281,19,2.5,increase,True,2
56.0,2018-05-01,281,19,2.5,increase,False,3
240.0,2018-12-27,281,20,16.142857142857142,increase,True,4
97.0,2019-04-03,281,20,24.714285714285715,stable,True,5
186.0,2019-10-06,281,20,0.0,increase,False,6
67.0,2019-12-12,281,21,0.1111111111111111,increase,True,7
82.0,2020-03-03,281,21,0.6666666666666666,stable,True,8
154.0,2020-08-04,281,21,0.35,increase,False,9
21.0,2020-08-25,281,21,0.8,stable,False,10
126.0,2020-12-29,281,22,0.2,increase,False,11
67.0,2021-03-06,281,22,0.1111111111111111,increase,False,12
292.0,2021-12-23,281,23,0.25,stable,True,13
78.0,2022-03-11,281,23,0.25,stable,True,14
96.0,2022-06-15,281,23,0.25,stable,True,15
92.0,2022-09-15,281,23,-0.12,stable,False,16
278.0,2023-06-20,281,24,0.13636363636363635,stable,False,17
182.0,2023-12-19,281,25,0.2,stable,False,18
160.0,2024-05-27,281,25,0.4,stable,False,19
203.0,2024-12-16,281,26,-0.08571428571428572,loss,False,20
92.0,2025-03-18,281,26,-0.2857142857142857,loss,False,21
73.0,2025-05-30,281,26,-0.4857142857142857,loss,False,22
144.0,2025-10-21,281,26,-0.36,loss,True,23
55.0,2025-12-15,281,27,-0.3333333333333333,loss,True,24
,2020-10-13,282,21,,increase,,0
156.0,2021-03-18,282,21,,increase,,1
53.0,2021-05-10,282,22,1.4,stable,False,2
88.0,2021-08-06,282,21,0.4,increase,False,3
139.0,2021-12-23,282,22,0.16666666666666666,increase,False,4
78.0,2022-03-11,282,23,3.0,loss,False,5
18.0,2022-03-29,282,22,1.4285714285714286,increase,False,6
78.0,2022-06-15,282,22,2.5714285714285716,stable,False,7
370.0,2023-06-20,282,23,-0.12,stable,False,8
182.0,2023-12-19,282,24,0.0,stable,False,9
160.0,2024-05-27,282,24,0.13636363636363635,stable,False,10
203.0,2024-12-16,282,25,0.0,stable,False,11
165.0,2025-05-30,282,25,0.0,stable,False,12
,2016-01-08,283,19,,stable,,0
47.0,2016-02-24,283,19,,increase,,1
362.0,2017-02-20,283,20,1.5,stable,False,2
128.0,2017-06-28,283,20,1.5,stable,False,3
218.0,2018-02-01,283,21,0.2,increase,False,4
116.0,2018-05-28,283,21,2.2,increase,False,5
142.0,2018-10-17,283,21,4.0,increase,False,6
63.0,2018-12-19,283,21,2.125,increase,False,7
176.0,2019-06-13,283,22,1.3333333333333333,stable,False,8
121.0,2019-10-12,283,22,1.0,stable,False,9
297.0,2020-08-04,283,23,-0.2,increase,False,10
70.0,2020-10-13,283,23,0.0,loss,True,11
156.0,2021-03-18,283,24,0.25,loss,True,12
53.0,2021-05-10,283,24,-0.24,stable,False,13
18.0,2021-05-28,283,24,-0.1,stable,False,14
209.0,2021-12-23,283,25,-0.15555555555555556,stable,False,15
78.0,2022-03-11,283,25,-0.15555555555555556,stable,False,16
96.0,2022-06-15,283,25,-0.15555555555555556,stable,False,17
274.0,2023-03-16,283,26,-0.07894736842105263,stable,False,18
96.0,2023-06-20,283,26,-0.07894736842105263,stable,False,19
182.0,2023-12-19,283,26,-0.14285714285714285,loss,False,20
22.0,2024-01-10,283,27,-0.37142857142857144,stable,False,21
138.0,2024-05-27,283,27,-0.2,loss,False,22
203.0,2024-12-16,283,27,-0.2857142857142857,loss,False,23
92.0,2025-03-18,283,28,-0.35714285714285715,loss,True,24
73.0,2025-05-30,283,28,-0.4642857142857143,stable,True,25
,2023-05-16,284,18,,increase,,0
205.0,2023-12-07,284,18,9.0,increase,True,1
15.0,2023-12-22,284,19,47.0,increase,True,2
134.0,2024-05-04,284,19,199.0,stable,True,3
44.0,2024-06-17,284,19,19.0,increase,False,4
148.0,2024-11-12,284,20,-0.2,increase,True,5
59.0,2025-01-10,284,21,1.0,stable,True,6
75.0,2025-03-26,284,20,0.0,increase,True,7
,2018-03-09,285,19,,stable,,0
347.0,2019-02-19,285,19,0.0,stable,False,1
130.0,2019-06-29,285,20,0.0,increase,False,2
102.0,2019-10-09,285,20,0.0,increase,False,3
306.0,2020-08-10,285,21,1.0,increase,False,4
2.0,2020-08-12,285,21,29.0,increase,True,5
82.0,2020-11-02,285,20,1.0,increase,False,6
137.0,2021-03-19,285,21,2.3333333333333335,increase,False,7
135.0,2021-08-01,285,21,24.0,stable,True,8
66.0,2021-10-06,285,22,0.5,loss,False,9
85.0,2021-12-30,285,22,-0.1,loss,False,10
66.0,2022-03-06,285,23,0.2,stable,False,11
127.0,2022-07-11,285,23,-0.6666666666666666,stable,True,12
74.0,2022-09-23,285,23,-0.16666666666666666,loss,True,13
263.0,2023-06-13,285,24,-0.5,increase,False,14
122.0,2023-10-13,285,24,-0.4,increase,False,15
70.0,2023-12-22,285,24,1.4,increase,False,16
90.0,2024-03-21,285,24,2.2,increase,False,17
107.0,2024-07-06,285,25,0.3333333333333333,increase,False,18
127.0,2024-11-10,285,25,0.5,increase,False,19
47.0,2024-12-27,285,25,1.5,stable,False,20
45.0,2025-02-10,285,26,1.25,stable,False,21
208.0,2025-09-06,285,26,0.1111111111111111,stable,False,22
,2022-10-27,286,18,,increase,,0
71.0,2023-01-06,286,19,,increase,,1
349.0,2023-12-21,286,19,1.8571428571428572,increase,False,2
84.0,2024-03-14,286,20,4.714285714285714,increase,True,3
74.0,2024-05-27,286,20,7.571428571428571,stable,True,4
203.0,2024-12-16,286,20,0.06666666666666667,increase,False,5
92.0,2025-03-18,286,21,0.16666666666666666,increase,False,6
73.0,2025-05-30,286,21,0.5,increase,False,7
,2019-06-27,287,19,,stable,,0
35.0,2019-08-01,287,19,,increase,,1
305.0,2020-06-01,287,19,0.3333333333333333,increase,False,2
64.0,2020-08-04,287,20,0.2,increase,False,3
72.0,2020-10-15,287,20,1.3333333333333333,increase,False,4
173.0,2021-04-06,287,21,2.3333333333333335,increase,False,5
151.0,2021-09-04,287,21,0.42857142857142855,increase,False,6
103.0,2021-12-16,287,21,0.5,increase,False,7
85.0,2022-03-11,287,22,5.0,loss,True,8
12.0,2022-03-23,287,22,1.0,increase,False,9
68.0,2022-05-30,287,22,2.0,increase,False,10
108.0,2022-09-15,287,22,-0.26666666666666666,increase,False,11
278.0,2023-06-20,287,23,0.5909090909090909,stable,False,12
182.0,2023-12-19,287,23,0.0,stable,False,13
160.0,2024-05-27,287,24,0.0,stable,False,14
203.0,2024-12-16,287,24,0.0,loss,False,15
92.0,2025-03-18,287,25,-0.14285714285714285,loss,False,16
73.0,2025-05-30,287,25,-0.2857142857142857,loss,False,17
105.0,2025-09-12,287,25,-0.5714285714285714,stable,False,18
35.0,2025-10-17,287,25,-0.3333333333333333,loss,False,19
140.0,2026-03-06,287,26,-0.6,increase,False,20
,2015-08-25,288,20,,increase,,0
89.0,2015-11-22,288,21,,increase,,1
92.0,2016-02-22,288,21,6.5,stable,False,2
144.0,2016-07-15,288,21,0.5,stable,False,3
193.0,2017-01-24,288,22,-0.2,increase,False,4
156.0,2017-06-29,288,22,0.0,stable,False,5
186.0,2018-01-01,288,23,0.0,increase,False,6
149.0,2018-05-30,288,23,0.3333333333333333,increase,False,7
75.0,2018-08-13,288,23,15.666666666666666,stable,True,8
128.0,2018-12-19,288,24,11.5,stable,True,9
176.0,2019-06-13,288,24,0.0,stable,False,10
121.0,2019-10-12,288,25,0.0,stable,False,11
297.0,2020-08-04,288,25,-0.2,loss,False,12
72.0,2020-10-15,288,25,-0.32,stable,False,13
68.0,2020-12-22,288,26,-0.4,stable,False,14
190.0,2021-06-30,288,26,0.0,stable,False,15
95.0,2021-10-03,288,26,0.0,stable,False,16
52.0,2021-11-24,288,27,0.0,increase,False,17
107.0,2022-03-11,288,28,0.0,increase,False,18
63.0,2022-05-13,288,27,0.0,increase,False,19
403.0,2023-06-20,288,28,0.3333333333333333,stable,False,20
182.0,2023-12-19,288,29,0.0,loss,True,21
22.0,2024-01-10,288,29,-0.1,loss,True,22
138.0,2024-05-27,288,29,0.0,loss,True,23
203.0,2024-12-16,288,30,-0.3,loss,False,24
92.0,2025-03-18,288,30,-0.4,loss,False,25
73.0,2025-05-30,288,30,-0.5,loss,False,26
,2019-01-07,289,18,,increase,,0
375.0,2020-01-17,289,18,1.5,stable,False,1
164.0,2020-06-29,289,19,2.5,increase,False,2
36.0,2020-08-04,289,18,-0.1,increase,False,3
81.0,2020-10-24,289,19,2.2,increase,False,4
68.0,2020-12-31,289,19,1.2857142857142858,increase,False,5
100.0,2021-04-10,289,20,3.4444444444444446,stable,True,6
386.0,2022-05-01,289,20,0.1,increase,False,7
97.0,2022-08-06,289,20,1.0,increase,False,8
39.0,2022-09-14,289,21,3.25,stable,True,9
58.0,2022-11-11,289,21,2.8636363636363638,stable,True,10
224.0,2023-06-23,289,22,-0.058823529411764705,increase,False,11
116.0,2023-10-17,289,22,0.4117647058823529,increase,False,12
59.0,2023-12-15,289,22,1.588235294117647,increase,False,13
168.0,2024-05-31,289,22,1.3333333333333333,stable,False,14
136.0,2024-10-14,289,23,0.5909090909090909,stable,False,15
64.0,2024-12-17,289,23,0.14285714285714285,loss,False,16
57.0,2025-02-12,289,24,-0.10714285714285714,stable,False,17
105.0,2025-05-28,289,23,-0.14285714285714285,stable,False,18
,2015-01-07,290,18,,loss,,0
329.0,2015-12-02,290,18,-0.75,increase,False,1
85.0,2016-02-25,290,19,1.0,increase,False,2
394.0,2017-03-25,290,20,0.875,increase,False,3
207.0,2017-10-18,290,21,0.6666666666666666,stable,True,4
71.0,2017-12-28,290,21,0.3333333333333333,increase,True,5
129.0,2018-05-06,290,21,-0.2,increase,False,6
235.0,2018-12-27,290,22,2.0,increase,True,7
45.0,2019-02-10,290,23,8.0,loss,False,8
238.0,2019-10-06,290,22,-0.5,increase,True,9
72.0,2019-12-17,290,23,0.1111111111111111,stable,False,10
231.0,2020-08-04,290,23,-0.2,increase,False,11
3.0,2020-08-07,290,23,0.2,increase,False,12
111.0,2020-11-26,290,24,0.6,increase,False,13
284.0,2021-09-06,290,24,0.5625,stable,False,14
26.0,2021-10-02,290,24,0.0,increase,False,15
81.0,2021-12-22,290,25,0.375,stable,False,16
258.0,2022-09-06,290,25,0.0,increase,False,17
5.0,2022-09-11,290,26,0.36363636363636365,stable,False,18
284.0,2023-06-22,290,26,-0.1,loss,False,19
181.0,2023-12-20,290,27,-0.25925925925925924,loss,True,20
138.0,2024-05-06,290,27,-0.3333333333333333,stable,True,21
211.0,2024-12-03,290,27,-0.16666666666666666,stable,False,22
13.0,2024-12-16,290,28,-0.16666666666666666,stable,True,23
165.0,2025-05-30,290,28,-0.3333333333333333,stable,True,24
,2013-02-03,291,17,,increase,,0
227.0,2013-09-18,291,18,1.0,increase,False,1
80.0,2013-12-07,291,18,0.13333333333333333,increase,False,2
237.0,2014-08-01,291,18,3.1176470588235294,stable,False,3
207.0,2015-02-24,291,19,0.0,stable,False,4
212.0,2015-09-24,291,20,0.0,stable,False,5
107.0,2016-01-09,291,21,0.14285714285714285,stable,False,6
102.0,2016-04-20,291,21,0.14285714285714285,stable,False,7
313.0,2017-02-27,291,21,0.0,increase,False,8
339.0,2018-02-01,291,22,0.25,increase,True,9
116.0,2018-05-28,291,23,0.25,increase,True,10
142.0,2018-10-17,291,23,0.5,stable,False,11
63.0,2018-12-19,291,23,0.5,stable,False,12
176.0,2019-06-13,291,24,0.2,stable,False,13
121.0,2019-10-12,291,24,0.2,stable,False,14
297.0,2020-08-04,291,24,-0.19444444444444445,loss,False,15
72.0,2020-10-15,291,25,-0.3888888888888889,loss,False,16
68.0,2020-12-22,291,25,-0.5,loss,False,17
190.0,2021-06-30,291,26,-0.2222222222222222,loss,False,18
95.0,2021-10-03,291,25,-0.2222222222222222,stable,False,19
81.0,2021-12-23,291,26,-0.3333333333333333,stable,True,20
78.0,2022-03-11,291,27,-0.2857142857142857,stable,True,21
96.0,2022-06-15,291,27,-0.14285714285714285,stable,True,22
370.0,2023-06-20,291,28,-0.16666666666666666,increase,False,23
182.0,2023-12-19,291,28,0.8,stable,False,24
160.0,2024-05-27,291,29,0.8,stable,False,25
203.0,2024-12-16,291,29,0.0,loss,False,26
165.0,2025-05-30,291,30,-0.2222222222222222,loss,False,27
,2020-10-30,292,18,,increase,,0
183.0,2021-05-01,292,18,1.0,increase,False,1
158.0,2021-10-06,292,18,5.0,increase,False,2
7.0,2021-10-13,292,18,11.0,increase,False,3
78.0,2021-12-30,292,19,5.0,increase,False,4
66.0,2022-03-06,292,19,7.0,stable,False,5
15.0,2022-03-21,292,19,7.0,stable,False,6
112.0,2022-07-11,292,20,0.26666666666666666,stable,False,7
337.0,2023-06-13,292,20,0.05263157894736842,loss,False,8
122.0,2023-10-13,292,20,-0.07894736842105263,stable,False,9
70.0,2023-12-22,292,21,-0.25,stable,False,10
197.0,2024-07-06,292,21,0.0,stable,False,11
174.0,2024-12-27,292,22,0.0,stable,False,12
253.0,2025-09-06,292,22,0.0,stable,False,13
,2019-02-15,293,19,,increase,,0
118.0,2019-06-13,293,19,,increase,,1
121.0,2019-10-12,293,20,7.0,increase,False,2
292.0,2020-07-30,293,20,0.25,stable,False,3
5.0,2020-08-04,293,20,-0.1,increase,False,4
70.0,2020-10-13,293,20,0.25,stable,False,5
156.0,2021-03-18,293,21,0.2222222222222222,stable,False,6
141.0,2021-08-06,293,21,-0.12,stable,False,7
139.0,2021-12-23,293,22,0.0,stable,False,8
78.0,2022-03-11,293,22,-0.18181818181818182,stable,True,9
96.0,2022-06-15,293,22,-0.18181818181818182,stable,False,10
370.0,2023-06-20,293,23,0.1111111111111111,stable,True,11
182.0,2023-12-19,293,24,0.0,increase,False,12
160.0,2024-05-27,293,24,0.1,stable,False,13
203.0,2024-12-16,293,25,0.13636363636363635,stable,False,14
165.0,2025-05-30,293,25,0.13636363636363635,loss,False,15
,2016-01-11,294,18,,loss,,0
210.0,2016-08-08,294,18,-0.75,increase,False,1
151.0,2017-01-06,294,19,3.1666666666666665,increase,False,2
10.0,2017-01-16,294,18,1.5,increase,False,3
328.0,2017-12-10,294,19,7.666666666666667,increase,True,4
45.0,2018-01-24,294,19,8.333333333333334,increase,True,5
72.0,2018-04-06,294,20,8.333333333333334,increase,True,6
255.0,2018-12-17,294,20,0.42857142857142855,increase,False,7
79.0,2019-03-06,294,21,1.1428571428571428,stable,False,8
119.0,2019-07-03,294,21,0.35,stable,False,9
101.0,2019-10-12,294,21,-0.1,stable,True,10
297.0,2020-08-04,294,22,-0.09259259259259259,stable,False,11
72.0,2020-10-15,294,22,-0.18518518518518517,increase,False,12
68.0,2020-12-22,294,22,-0.25925925925925924,stable,False,13
139.0,2021-05-10,294,23,0.22727272727272727,stable,False,14
51.0,2021-06-30,294,23,0.1,increase,False,15
95.0,2021-10-03,294,23,0.0,increase,False,16
81.0,2021-12-23,294,23,0.0,stable,False,17
174.0,2022-06-15,294,24,0.35,loss,False,18
91.0,2022-09-14,294,24,-0.18518518518518517,stable,False,19
43.0,2022-10-27,294,24,-0.18518518518518517,stable,False,20
71.0,2023-01-06,294,25,-0.25925925925925924,stable,False,21
77.0,2023-03-24,294,25,-0.09090909090909091,stable,False,22
269.0,2023-12-18,294,25,0.0,stable,True,23
79.0,2024-03-06,294,26,-0.1,stable,True,24
285.0,2024-12-16,294,26,0.1111111111111111,increase,True,25
92.0,2025-03-18,294,27,0.2222222222222222,increase,True,26
73.0,2025-05-30,294,27,0.3888888888888889,increase,True,27
105.0,2025-09-12,294,27,0.75,increase,False,28
35.0,2025-10-17,294,27,0.36363636363636365,increase,False,29
,2020-12-28,295,19,,increase,,0
108.0,2021-04-15,295,19,,increase,,1
69.0,2021-06-23,295,19,,increase,,2
176.0,2021-12-16,295,20,0.3333333333333333,increase,True,3
57.0,2022-02-11,295,21,1.5,stable,True,4
108.0,2022-05-30,295,20,0.5,increase,True,5
112.0,2022-09-19,295,21,0.0,stable,False,6
281.0,2023-06-27,295,21,-0.1,increase,False,7
174.0,2023-12-18,295,22,0.0,increase,True,8
79.0,2024-03-06,295,22,0.7777777777777778,increase,True,9
13.0,2024-03-19,295,22,0.7777777777777778,increase,True,10
113.0,2024-07-10,295,23,1.4,increase,False,11
94.0,2024-10-12,295,23,1.5,increase,False,12
145.0,2025-03-06,295,23,1.0833333333333333,stable,False,13
18.0,2025-03-24,295,23,1.0833333333333333,stable,False,14
,2022-03-28,296,18,,increase,,0
80.0,2022-06-16,296,18,,increase,,1
152.0,2022-11-15,296,18,11.0,stable,False,2
140.0,2023-04-04,296,19,5.0,increase,False,3
107.0,2023-07-20,296,19,0.16666666666666666,increase,False,4
61.0,2023-09-19,296,19,0.5,increase,True,5
93.0,2023-12-21,296,19,0.6666666666666666,increase,True,6
266.0,2024-09-12,296,20,0.6,stable,False,7
24.0,2024-10-06,296,20,0.4,stable,False,8
253.0,2025-06-16,296,21,0.14285714285714285,increase,False,9
,2024-03-25,297,17,,increase,,0
80.0,2024-06-13,297,17,,increase,,1
182.0,2024-12-12,297,17,0.5,increase,False,2
145.0,2025-05-06,297,18,7.0,increase,False,3
190.0,2025-11-12,297,18,2.75,increase,False,4
27.0,2025-12-09,297,18,1.5,increase,False,5
,2016-12-18,298,16,,increase,,0
559.0,2018-06-30,298,18,0.5,increase,False,1
101.0,2018-10-09,298,18,1.0,increase,False,2
82.0,2018-12-30,298,18,0.3333333333333333,increase,False,3
364.0,2019-12-29,298,19,2.0,increase,False,4
290.0,2020-10-14,298,20,1.0,increase,True,5
178.0,2021-04-10,298,21,9.0,increase,True,6
39.0,2021-05-19,298,21,4.833333333333333,stable,False,7
13.0,2021-06-01,298,20,1.5,increase,False,8
94.0,2021-09-03,298,21,4.333333333333333,increase,False,9
195.0,2022-03-17,298,22,0.25,increase,False,10
45.0,2022-05-01,298,21,-0.0625,increase,False,11
71.0,2022-07-11,298,22,2.4375,stable,True,12
26.0,2022-08-06,298,22,0.875,increase,False,13
48.0,2022-09-23,298,22,1.75,stable,True,14
263.0,2023-06-13,298,23,0.0,increase,False,15
122.0,2023-10-13,298,23,0.09090909090909091,increase,False,16
70.0,2023-12-22,298,23,0.36363636363636365,increase,False,17
90.0,2024-03-21,298,24,0.8181818181818182,increase,False,18
107.0,2024-07-06,298,24,0.6666666666666666,stable,False,19
163.0,2024-12-16,298,24,0.35,increase,True,20
165.0,2025-05-30,298,25,0.2,increase,True,21
105.0,2025-09-12,298,25,0.48148148148148145,stable,False,22
35.0,2025-10-17,298,25,0.48148148148148145,stable,False,23
140.0,2026-03-06,298,26,0.3333333333333333,stable,True,24
,2016-01-11,299,19,,stable,,0
361.0,2017-01-06,299,19,-0.2,increase,False,1
10.0,2017-01-16,299,19,0.0,stable,False,2
485.0,2018-05-16,299,20,0.0,increase,True,3
98.0,2018-08-22,299,21,2.0,increase,True,4
118.0,2018-12-18,299,21,3.4,increase,True,5
139.0,2019-05-06,299,21,1.9333333333333333,stable,False,6
225.0,2019-12-17,299,22,0.0,loss,False,7
231.0,2020-08-04,299,22,-0.20454545454545456,stable,False,8
43.0,2020-09-16,299,23,-0.3181818181818182,stable,False,9
183.0,2021-03-18,299,23,0.0,loss,True,10
53.0,2021-05-10,299,24,-0.4666666666666667,loss,True,11
88.0,2021-08-06,299,23,-0.13333333333333333,loss,True,12
139.0,2021-12-23,299,24,-0.375,increase,False,13
78.0,2022-03-11,299,25,-0.3076923076923077,loss,False,14
18.0,2022-03-29,299,24,-0.38461538461538464,stable,False,15
78.0,2022-06-15,299,24,-0.23076923076923078,loss,False,16
370.0,2023-06-20,299,25,-0.3,stable,False,17
182.0,2023-12-19,299,26,0.0,increase,False,18
86.0,2024-03-14,299,26,0.42857142857142855,increase,False,19
74.0,2024-05-27,299,26,1.8571428571428572,stable,False,20
203.0,2024-12-16,299,27,0.0,increase,False,21
92.0,2025-03-18,299,27,0.5,stable,False,22
73.0,2025-05-30,299,27,0.5,stable,False,23
105.0,2025-09-12,299,28,1.0,stable,False,24
35.0,2025-10-17,299,28,0.16666666666666666,stable,False,25
140.0,2026-03-06,299,28,0.0,stable,False,26
,2019-06-13,300,20,,increase,,0
413.0,2020-07-30,300,21,0.875,stable,False,1
5.0,2020-08-04,300,20,0.375,increase,False,2
30.0,2020-09-03,300,20,0.5,increase,False,3
40.0,2020-10-13,300,21,1.5,loss,False,4
156.0,2021-03-18,300,21,0.5,loss,False,5
53.0,2021-05-10,300,22,-0.4,stable,False,6
88.0,2021-08-06,300,22,-0.2,stable,False,7
139.0,2021-12-23,300,22,-0.16666666666666666,increase,False,8
78.0,2022-03-11,300,23,0.125,increase,False,9
96.0,2022-06-15,300,23,0.0,increase,False,10
274.0,2023-03-16,300,23,0.5625,increase,False,11
96.0,2023-06-20,300,24,0.5625,increase,False,12
82.0,2023-09-10,300,24,0.875,stable,False,13
100.0,2023-12-19,300,24,0.4,loss,False,14
86.0,2024-03-14,300,24,0.0,stable,False,15
74.0,2024-05-27,300,24,0.0,stable,False,16
203.0,2024-12-16,300,25,-0.16666666666666666,loss,True,17
92.0,2025-03-18,300,25,-0.26666666666666666,loss,True,18
73.0,2025-05-30,300,26,-0.4,loss,True,19
105.0,2025-09-12,300,26,-0.36,stable,False,20
175.0,2026-03-06,300,27,-0.4444444444444444,increase,False,21
,2018-02-07,301,18,,stable,,0
601.0,2019-10-01,301,19,0.0,increase,True,1
27.0,2019-10-28,301,20,3.0,increase,False,2
244.0,2020-06-28,301,20,0.5,increase,False,3
37.0,2020-08-04,301,20,-0.125,increase,False,4
140.0,2020-12-22,301,21,1.0,increase,False,5
349.0,2021-12-06,301,21,0.25,increase,False,6
19.0,2021-12-25,301,22,0.5,increase,False,7
229.0,2022-08-11,301,23,1.0833333333333333,increase,True,8
7.0,2022-08-18,301,22,0.6666666666666666,increase,True,9
225.0,2023-03-31,301,23,0.75,increase,False,10
144.0,2023-08-22,301,23,2.0,increase,False,11
19.0,2023-09-10,301,24,3.5,increase,True,12
100.0,2023-12-19,301,24,1.5714285714285714,increase,True,13
86.0,2024-03-14,301,24,0.6666666666666666,stable,False,14
74.0,2024-05-27,301,24,1.2222222222222223,stable,False,15
138.0,2024-10-12,301,25,0.2,increase,True,16
145.0,2025-03-06,301,25,0.0,increase,True,17
,2014-09-16,302,17,,stable,,0
274.0,2015-06-17,302,17,0.0,loss,False,1
163.0,2015-11-27,302,18,-0.3333333333333333,stable,False,2
253.0,2016-08-06,302,18,0.0,increase,False,3
324.0,2017-06-26,302,19,2.0,increase,False,4
176.0,2017-12-19,302,20,8.0,increase,True,5
183.0,2018-06-20,302,20,0.3333333333333333,loss,False,6
176.0,2018-12-13,302,21,0.1111111111111111,stable,True,7
188.0,2019-06-19,302,21,-0.1,increase,False,8
194.0,2019-12-30,302,22,1.8888888888888888,loss,True,9
218.0,2020-08-04,302,22,-0.23076923076923078,increase,False,10
17.0,2020-08-21,302,23,1.3076923076923077,stable,False,11
185.0,2021-02-22,302,23,0.0,stable,True,12
122.0,2021-06-24,302,23,0.16666666666666666,stable,True,13
188.0,2021-12-29,302,24,0.0,increase,False,14
159.0,2022-06-06,302,24,0.08571428571428572,increase,False,15
113.0,2022-09-27,302,25,0.2857142857142857,increase,False,16
45.0,2022-11-11,302,25,0.2857142857142857,increase,False,17
130.0,2023-03-21,302,25,0.8421052631578947,increase,False,18
86.0,2023-06-15,302,25,0.7777777777777778,increase,False,19
188.0,2023-12-20,302,26,0.5,increase,False,20
138.0,2024-05-06,302,26,1.25,stable,False,21
211.0,2024-12-03,302,26,-0.16666666666666666,stable,False,22
15.0,2024-12-18,302,27,0.0,stable,True,23
181.0,2025-06-17,302,27,0.0,stable,False,24
,2007-07-29,303,19,,increase,,0
184.0,2008-01-29,303,19,4.333333333333333,stable,False,1
513.0,2009-06-25,303,21,0.0,increase,False,2
389.0,2010-07-19,303,22,0.25,increase,False,3
95.0,2010-10-22,303,22,2.75,increase,True,4
162.0,2011-04-02,303,22,3.0,stable,True,5
479.0,2012-07-24,303,24,0.0,increase,False,6
55.0,2012-09-17,303,24,0.375,increase,False,7
149.0,2013-02-13,303,24,1.0,increase,False,8
178.0,2013-08-10,303,25,0.6363636363636364,increase,False,9
485.0,2014-12-08,303,26,1.2222222222222223,stable,True,10
30.0,2015-01-07,303,27,1.6666666666666667,stable,True,11
329.0,2015-12-02,303,26,0.0,stable,False,12
35.0,2016-01-06,303,28,0.25,stable,False,13
2.0,2016-01-08,303,28,0.25,stable,False,14
238.0,2016-09-02,303,27,-0.2,increase,False,15
171.0,2017-02-20,303,28,0.0,stable,False,16
128.0,2017-06-28,303,29,0.25,stable,False,17
218.0,2018-02-01,303,29,0.0,stable,False,18
116.0,2018-05-28,303,30,0.0,loss,False,19
142.0,2018-10-17,303,30,-0.2,loss,False,20
63.0,2018-12-19,303,30,-0.3333333333333333,stable,False,21
176.0,2019-06-13,303,31,-0.3333333333333333,stable,False,22
324.0,2020-05-02,303,31,0.0,loss,True,23
94.0,2020-08-04,303,32,-0.1875,loss,True,24
70.0,2020-10-13,303,32,-0.4375,loss,False,25
156.0,2021-03-18,303,33,-0.38461538461538464,loss,True,26
141.0,2021-08-06,303,33,-0.3333333333333333,loss,False,27
139.0,2021-12-23,303,33,-0.375,loss,False,28
78.0,2022-03-11,303,34,-0.5,stable,True,29
96.0,2022-06-15,303,34,-0.3333333333333333,loss,False,30
370.0,2023-06-20,303,35,-0.25,stable,True,31
182.0,2023-12-19,303,35,-0.2,stable,False,32
160.0,2024-05-27,303,36,-0.2,stable,False,33
203.0,2024-12-16,303,36,0.0,loss,False,34
165.0,2025-05-30,303,37,-0.16666666666666666,loss,False,35
,2021-05-11,304,18,,increase,,0
245.0,2022-01-11,304,19,149.0,loss,True,1
167.0,2022-06-27,304,18,2.0,increase,False,2
81.0,2022-09-16,304,18,-0.7333333333333333,increase,False,3
140.0,2023-02-03,304,19,82.33333333333333,increase,True,4
133.0,2023-06-16,304,19,10.25,stable,False,5
194.0,2023-12-27,304,20,0.0,stable,False,6
162.0,2024-06-06,304,20,0.0,stable,False,7
65.0,2024-08-10,304,20,-0.1111111111111111,stable,False,8
131.0,2024-12-19,304,21,-0.15555555555555556,loss,False,9
102.0,2025-03-31,304,21,-0.2,stable,False,10
60.0,2025-05-30,304,21,-0.2,stable,False,11
,2019-02-15,305,18,,increase,,0
19.0,2019-03-06,305,18,,increase,,1
205.0,2019-09-27,305,18,2.0,stable,False,2
83.0,2019-12-19,305,18,3.0,stable,False,3
229.0,2020-08-04,305,19,-0.1,loss,False,4
99.0,2020-11-11,305,19,-0.125,loss,False,5
226.0,2021-06-25,305,20,-0.2857142857142857,loss,False,6
124.0,2021-10-27,305,20,-0.5,stable,False,7
61.0,2021-12-27,305,20,-0.3,stable,False,8
41.0,2022-02-06,305,21,-0.4,increase,False,9
5.0,2022-02-11,305,21,-0.1,stable,True,10
41.0,2022-03-24,305,21,-0.4,increase,False,11
179.0,2022-09-19,305,21,-0.1111111111111111,increase,False,12
189.0,2023-03-27,305,22,1.0,increase,False,13
92.0,2023-06-27,305,22,1.5,increase,False,14
111.0,2023-10-16,305,22,0.875,increase,False,15
63.0,2023-12-18,305,22,0.875,increase,False,16
79.0,2024-03-06,305,23,0.8,increase,False,17
220.0,2024-10-12,305,23,0.3888888888888889,increase,False,18
145.0,2025-03-06,305,24,0.5555555555555556,increase,False,19
190.0,2025-09-12,305,24,0.25,stable,True,20
35.0,2025-10-17,305,24,0.25,stable,True,21
140.0,2026-03-06,305,25,-0.10714285714285714,stable,True,22
,2022-03-11,306,20,,stable,,0
63.0,2022-05-13,306,20,,stable,,1
409.0,2023-06-26,306,21,0.0,increase,True,2
178.0,2023-12-21,306,21,1.0,stable,True,3
158.0,2024-05-27,306,22,1.0,stable,True,4
203.0,2024-12-16,306,22,0.0,increase,False,5
165.0,2025-05-30,306,23,0.5,increase,False,6
105.0,2025-09-12,306,23,2.5,increase,False,7
35.0,2025-10-17,306,23,1.5,increase,False,8
140.0,2026-03-06,306,24,6.666666666666667,loss,False,9
,2024-12-27,307,17,,increase,,0
88.0,2025-03-25,307,17,,increase,,1
,2020-04-08,308,18,,increase,,0
190.0,2020-10-15,308,18,4.0,increase,False,1
173.0,2021-04-06,308,19,59.0,stable,False,2
86.0,2021-07-01,308,19,7.0,increase,False,3
65.0,2021-09-04,308,19,11.0,stable,False,4
103.0,2021-12-16,308,20,-0.08333333333333333,increase,False,5
57.0,2022-02-11,308,20,0.875,stable,False,6
108.0,2022-05-30,308,20,0.0,increase,False,7
301.0,2023-03-27,308,21,0.5,stable,False,8
92.0,2023-06-27,308,21,0.5,stable,False,9
174.0,2023-12-18,308,22,0.0,stable,False,10
79.0,2024-03-06,308,22,0.0,stable,False,11
220.0,2024-10-12,308,23,-0.16666666666666666,increase,False,12
145.0,2025-03-06,308,23,-0.16666666666666666,increase,False,13
190.0,2025-09-12,308,24,0.3333333333333333,increase,True,14
175.0,2026-03-06,308,24,1.0,stable,True,15
,2022-06-09,309,17,,increase,,0
139.0,2022-10-26,309,17,,increase,,1
163.0,2023-04-07,309,18,7.0,increase,True,2
256.0,2023-12-19,309,18,0.25,increase,False,3
286.0,2024-09-30,309,19,23.0,increase,False,4
34.0,2024-11-03,309,19,2.2,increase,False,5
33.0,2024-12-06,309,19,7.0,increase,False,6
7.0,2024-12-13,309,19,31.0,stable,False,7
168.0,2025-05-30,309,20,9.0,stable,True,8
,2019-11-21,310,16,,stable,,0
263.0,2020-08-10,310,17,0.0,increase,False,1
84.0,2020-11-02,310,16,0.0,increase,False,2
18.0,2020-11-20,310,17,2.0,increase,False,3
119.0,2021-03-19,310,17,3.0,stable,False,4
103.0,2021-06-30,310,17,0.3333333333333333,stable,False,5
32.0,2021-08-01,310,17,0.0,increase,False,6
151.0,2021-12-30,310,18,0.0,increase,False,7
181.0,2022-06-29,310,18,0.25,stable,False,8
183.0,2022-12-29,310,19,0.2,increase,True,9
167.0,2023-06-14,310,19,0.6,increase,True,10
121.0,2023-10-13,310,20,4.0,increase,True,11
70.0,2023-12-22,310,20,9.0,increase,True,12
90.0,2024-03-21,310,20,17.75,stable,True,13
107.0,2024-07-06,310,20,0.875,stable,False,14
174.0,2024-12-27,310,21,-0.2,stable,False,15
45.0,2025-02-10,310,22,0.0,stable,False,16
208.0,2025-09-06,310,21,-0.2,stable,False,17
,2019-03-20,311,17,,increase,,0
68.0,2019-05-27,311,17,,increase,,1
187.0,2019-11-30,311,18,1.25,stable,False,2
248.0,2020-08-04,311,18,-0.1111111111111111,increase,False,3
22.0,2020-08-26,311,19,0.3333333333333333,increase,False,4
114.0,2020-12-18,311,19,3.4444444444444446,increase,False,5
263.0,2021-09-07,311,19,0.5,increase,False,6
4.0,2021-09-11,311,20,1.25,increase,False,7
334.0,2022-08-11,311,21,0.3333333333333333,loss,False,8
7.0,2022-08-18,311,21,0.1111111111111111,stable,False,9
218.0,2023-03-24,311,21,-0.2,stable,True,10
98.0,2023-06-30,311,21,-0.3,increase,True,11
105.0,2023-10-13,311,22,0.0,increase,True,12
70.0,2023-12-22,311,22,0.5,increase,True,13
90.0,2024-03-21,311,22,1.2857142857142858,increase,True,14
107.0,2024-07-06,311,22,0.3333333333333333,increase,False,15
163.0,2024-12-16,311,23,0.25,stable,True,16
165.0,2025-05-30,311,23,0.25,stable,True,17
105.0,2025-09-12,311,24,0.0,stable,False,18
,2018-09-24,312,18,,increase,,0
156.0,2019-02-27,312,19,,increase,,1
121.0,2019-06-28,312,19,31.0,increase,False,2
106.0,2019-10-12,312,19,2.0,increase,False,3
297.0,2020-08-04,312,20,0.3333333333333333,stable,False,4
30.0,2020-09-03,312,20,0.4666666666666667,stable,False,5
42.0,2020-10-15,312,20,0.4666666666666667,stable,False,6
68.0,2020-12-22,312,20,0.3333333333333333,stable,False,7
190.0,2021-06-30,312,21,0.1,stable,False,8
95.0,2021-10-03,312,21,0.0,stable,False,9
81.0,2021-12-23,312,21,0.1,stable,False,10
174.0,2022-06-15,312,22,0.1,loss,False,11
91.0,2022-09-14,312,22,-0.18181818181818182,stable,False,12
43.0,2022-10-27,312,22,-0.18181818181818182,stable,False,13
71.0,2023-01-06,312,23,-0.2727272727272727,stable,False,14
77.0,2023-03-24,312,23,-0.1111111111111111,stable,False,15
270.0,2023-12-19,312,23,0.125,stable,True,16
160.0,2024-05-27,312,24,0.0,stable,True,17
203.0,2024-12-16,312,24,0.0,loss,False,18
95.0,2025-03-21,312,25,-0.25,loss,True,19
142.0,2025-08-10,312,25,-0.6875,loss,True,20
27.0,2025-09-06,312,25,-0.625,loss,True,21
36.0,2025-10-12,312,25,-0.6666666666666666,loss,True,22
,2010-03-29,313,18,,stable,,0
1214.0,2013-07-25,313,22,0.0,increase,True,1
531.0,2015-01-07,313,24,0.6666666666666666,increase,True,2
48.0,2015-02-24,313,23,0.0,increase,True,3
318.0,2016-01-08,313,25,5.666666666666667,loss,False,4
238.0,2016-09-02,313,24,-0.25,increase,False,5
171.0,2017-02-20,313,25,0.25,increase,False,6
128.0,2017-06-28,313,26,2.3333333333333335,stable,False,7
218.0,2018-02-01,313,26,0.0,stable,False,8
116.0,2018-05-28,313,27,0.0,stable,False,9
205.0,2018-12-19,313,27,0.0,increase,False,10
176.0,2019-06-13,313,28,0.4,stable,False,11
121.0,2019-10-12,313,28,0.8,loss,False,12
297.0,2020-08-04,313,28,-0.2222222222222222,loss,False,13
72.0,2020-10-15,313,29,-0.4444444444444444,loss,False,14
258.0,2021-06-30,313,30,-0.3,loss,False,15
95.0,2021-10-03,313,29,-0.2,loss,False,16
52.0,2021-11-24,313,30,-0.6,loss,False,17
107.0,2022-03-11,313,31,-0.5714285714285714,stable,False,18
63.0,2022-05-13,313,31,-0.625,stable,False,19
403.0,2023-06-20,313,32,-0.2,stable,False,20
182.0,2023-12-19,313,32,-0.16666666666666666,stable,False,21
160.0,2024-05-27,313,33,-0.16666666666666666,stable,False,22
203.0,2024-12-16,313,33,0.0,loss,False,23
165.0,2025-05-30,313,34,-0.25,loss,False,24
,2016-01-03,314,17,,increase,,0
347.0,2016-12-15,314,17,1.0,increase,False,1
148.0,2017-05-12,314,18,15.0,stable,False,2
12.0,2017-05-24,314,18,9.0,increase,False,3
257.0,2018-02-05,314,19,0.6,increase,False,4
191.0,2018-08-15,314,19,0.25,increase,False,5
122.0,2018-12-15,314,19,4.625,increase,False,6
142.0,2019-05-06,314,20,12.0,stable,True,7
225.0,2019-12-17,314,20,0.0,stable,False,8
231.0,2020-08-04,314,21,-0.11538461538461539,increase,False,9
3.0,2020-08-07,314,21,0.07692307692307693,increase,False,10
40.0,2020-09-16,314,21,0.23076923076923078,increase,False,11
355.0,2021-09-06,314,22,0.25,stable,False,12
26.0,2021-10-02,314,21,0.25,stable,False,13
81.0,2021-12-22,314,22,0.25,stable,False,14
79.0,2022-03-11,314,23,-0.15,stable,True,15
13.0,2022-03-24,314,23,-0.15,stable,False,16
166.0,2022-09-06,314,23,-0.15,stable,False,17
191.0,2023-03-16,314,24,0.17647058823529413,stable,True,18
96.0,2023-06-20,314,24,0.058823529411764705,stable,True,19
82.0,2023-09-10,314,24,0.17647058823529413,loss,True,20
100.0,2023-12-19,314,24,0.0,stable,True,21
160.0,2024-05-27,314,25,-0.25,stable,False,22
203.0,2024-12-16,314,25,0.0,increase,False,23
92.0,2025-03-18,314,26,0.2,stable,False,24
73.0,2025-05-30,314,26,0.2,increase,False,25
,2025-05-30,315,20,,stable,,0
,2021-10-03,316,17,,increase,,0
52.0,2021-11-24,316,18,,increase,,1
170.0,2022-05-13,316,18,15.0,increase,True,2
124.0,2022-09-14,316,19,19.0,increase,False,3
43.0,2022-10-27,316,19,22.333333333333332,increase,False,4
71.0,2023-01-06,316,19,24.0,stable,False,5
77.0,2023-03-24,316,19,1.3333333333333333,increase,False,6
270.0,2023-12-19,316,20,0.42857142857142855,stable,True,7
160.0,2024-05-27,316,20,0.42857142857142855,stable,True,8
203.0,2024-12-16,316,21,0.0,increase,False,9
165.0,2025-05-30,316,21,0.0,increase,False,10
105.0,2025-09-12,316,22,0.5,increase,False,11
35.0,2025-10-17,316,22,0.25,increase,False,12
140.0,2026-03-06,316,22,1.5,stable,False,13
,2024-05-23,317,18,,stable,,0
214.0,2024-12-23,317,19,0.0,increase,False,1
156.0,2025-05-28,317,19,15.666666666666666,increase,False,2
43.0,2025-07-10,317,19,32.333333333333336,increase,False,3
33.0,2025-08-12,317,20,52.333333333333336,increase,False,4
206.0,2026-03-06,317,20,0.5,stable,True,5
,2014-10-29,318,17,,increase,,0
118.0,2015-02-24,318,18,,increase,,1
212.0,2015-09-24,318,18,0.5,increase,False,2
106.0,2016-01-08,318,19,4.0,stable,True,3
103.0,2016-04-20,318,19,1.6666666666666667,increase,False,4
306.0,2017-02-20,318,20,0.25,stable,True,5
128.0,2017-06-28,318,20,0.5,stable,True,6
218.0,2018-02-01,318,20,0.0,increase,False,7
50.0,2018-03-23,318,21,1.5,increase,False,8
66.0,2018-05-28,318,21,2.3333333333333335,stable,False,9
205.0,2018-12-19,318,21,0.0,stable,False,10
176.0,2019-06-13,318,22,0.0,loss,False,11
121.0,2019-10-12,318,22,0.0,loss,False,12
292.0,2020-07-30,318,23,-0.4,loss,False,13
5.0,2020-08-04,318,23,-0.2,loss,False,14
72.0,2020-10-15,318,23,-0.5,stable,False,15
258.0,2021-06-30,318,24,-0.1,stable,False,16
95.0,2021-10-03,318,24,0.0,stable,False,17
52.0,2021-11-24,318,24,-0.1,stable,False,18
107.0,2022-03-11,318,25,0.1111111111111111,stable,False,19
63.0,2022-05-13,318,25,-0.1,stable,False,20
403.0,2023-06-20,318,26,0.1111111111111111,stable,False,21
182.0,2023-12-19,318,26,0.0,increase,False,22
160.0,2024-05-27,318,27,0.2,stable,False,23
203.0,2024-12-16,318,27,0.16666666666666666,stable,False,24
92.0,2025-03-18,318,28,0.25,loss,False,25
73.0,2025-05-30,318,28,0.25,loss,False,26
,2013-08-10,319,18,,increase,,0
187.0,2014-02-13,319,18,1.0,increase,False,1
178.0,2014-08-10,319,19,9.0,increase,False,2
336.0,2015-07-12,319,20,1.4,stable,False,3
583.0,2017-02-14,319,21,0.0,stable,True,4
413.0,2018-04-03,319,23,0.16666666666666666,increase,False,5
127.0,2018-08-08,319,23,0.4166666666666667,increase,True,6
205.0,2019-03-01,319,23,0.47058823529411764,increase,False,7
172.0,2019-08-20,319,24,3.411764705882353,increase,False,8
256.0,2020-05-02,319,24,0.6,increase,False,9
80.0,2020-07-21,319,25,0.7333333333333333,increase,False,10
14.0,2020-08-04,319,25,0.28,increase,False,11
167.0,2021-01-18,319,25,0.38461538461538464,stable,False,12
130.0,2021-05-28,319,26,0.4583333333333333,increase,False,13
180.0,2021-11-24,319,26,0.2857142857142857,stable,True,14
107.0,2022-03-11,319,27,0.2857142857142857,stable,True,15
63.0,2022-05-13,319,27,0.2857142857142857,stable,True,16
403.0,2023-06-20,319,28,0.1111111111111111,stable,False,17
182.0,2023-12-19,319,28,0.2,stable,False,18
160.0,2024-05-27,319,29,0.2,stable,False,19
203.0,2024-12-16,319,29,0.0,loss,False,20
165.0,2025-05-30,319,30,-0.16666666666666666,stable,False,21
,2018-09-24,320,19,,increase,,0
156.0,2019-02-27,320,19,,increase,,1
121.0,2019-06-28,320,20,5.0,increase,False,2
244.0,2020-02-27,320,20,0.3333333333333333,increase,False,3
159.0,2020-08-04,320,21,0.2,increase,False,4
72.0,2020-10-15,320,21,0.25,stable,False,5
258.0,2021-06-30,320,22,0.2,increase,False,6
95.0,2021-10-03,320,21,0.2,increase,False,7
52.0,2021-11-24,320,22,0.4,increase,False,8
107.0,2022-03-11,320,23,4.0,loss,True,9
63.0,2022-05-13,320,23,0.5,increase,False,10
125.0,2022-09-15,320,23,-0.3333333333333333,increase,False,11
278.0,2023-06-20,320,24,0.7,stable,False,12
182.0,2023-12-19,320,24,0.0,stable,False,13
86.0,2024-03-14,320,24,0.17647058823529413,stable,False,14
74.0,2024-05-27,320,25,0.17647058823529413,stable,False,15
203.0,2024-12-16,320,25,0.0,stable,False,16
165.0,2025-05-30,320,26,-0.1,increase,False,17
105.0,2025-09-12,320,26,0.0,stable,False,18
175.0,2026-03-06,320,27,0.3888888888888889,stable,False,19
,2017-02-02,321,17,,increase,,0
154.0,2017-07-06,321,18,,increase,,1
195.0,2018-01-17,321,18,1.5,increase,False,2
323.0,2018-12-06,321,19,1.0,increase,False,3
14.0,2018-12-20,321,19,1.6666666666666667,stable,True,4
168.0,2019-06-06,321,20,0.3333333333333333,increase,True,5
65.0,2019-08-10,321,20,0.15,stable,False,6
124.0,2019-12-12,321,20,0.25,stable,False,7
236.0,2020-08-04,321,20,-0.1,loss,False,8
21.0,2020-08-25,321,21,-0.2,loss,False,9
218.0,2021-03-31,321,21,-0.3,increase,True,10
159.0,2021-09-06,321,22,-0.3,stable,True,11
26.0,2021-10-02,321,21,0.2857142857142857,stable,False,12
75.0,2021-12-16,321,22,0.0,stable,True,13
97.0,2022-03-23,321,22,0.07142857142857142,stable,True,14
68.0,2022-05-30,321,23,-0.16666666666666666,stable,True,15
42.0,2022-07-11,321,23,0.0,stable,True,16
255.0,2023-03-23,321,23,-0.14285714285714285,stable,False,17
82.0,2023-06-13,321,24,0.0,loss,False,18
189.0,2023-12-19,321,24,-0.21428571428571427,increase,True,19
160.0,2024-05-27,321,25,0.0,increase,True,20
203.0,2024-12-16,321,25,0.5714285714285714,increase,False,21
92.0,2025-03-18,321,25,1.5,loss,False,22
73.0,2025-05-30,321,26,1.5,loss,False,23
105.0,2025-09-12,321,26,0.45454545454545453,stable,False,24
175.0,2026-03-06,321,27,-0.2857142857142857,stable,False,25
,2019-09-27,322,19,,increase,,0
83.0,2019-12-19,322,19,,increase,,1
85.0,2020-03-13,322,19,,increase,,2
243.0,2020-11-11,322,20,0.6666666666666666,increase,False,3
226.0,2021-06-25,322,21,11.0,increase,False,4
15.0,2021-07-10,322,21,17.0,increase,True,5
116.0,2021-11-03,322,20,9.0,increase,False,6
49.0,2021-12-22,322,21,1.0,stable,True,7
258.0,2022-09-06,322,22,0.0,increase,False,8
5.0,2022-09-11,322,22,0.0,increase,False,9
199.0,2023-03-29,322,22,0.25,increase,False,10
85.0,2023-06-22,322,23,0.6666666666666666,increase,False,11
118.0,2023-10-18,322,23,0.6666666666666666,stable,False,12
57.0,2023-12-14,322,23,0.6666666666666666,stable,False,13
167.0,2024-05-29,322,24,0.2,loss,False,14
205.0,2024-12-20,322,24,-0.26666666666666666,stable,False,15
137.0,2025-05-06,322,25,-0.4,stable,False,16
,2023-07-25,323,16,,increase,,0
110.0,2023-11-12,323,17,,increase,,1
137.0,2024-03-28,323,17,1.6666666666666667,increase,False,2
81.0,2024-06-17,323,17,0.5,increase,False,3
87.0,2024-09-12,323,18,1.5,increase,False,4
15.0,2024-09-27,323,18,0.75,increase,False,5
182.0,2025-03-28,323,18,0.8571428571428571,increase,False,6
42.0,2025-05-09,323,19,1.5714285714285714,increase,False,7
28.0,2025-06-06,323,18,1.0,increase,False,8
128.0,2025-10-12,323,19,0.9230769230769231,increase,False,9
145.0,2026-03-06,323,19,3.2857142857142856,loss,True,10
,2023-08-22,324,17,,increase,,0
19.0,2023-09-10,324,17,,stable,,1
100.0,2023-12-19,324,18,,stable,,2
160.0,2024-05-27,324,18,0.0,stable,False,3
217.0,2024-12-30,324,19,0.0,increase,True,4
88.0,2025-03-28,324,19,0.4,increase,True,5
60.0,2025-05-27,324,19,0.4,stable,True,6
108.0,2025-09-12,324,20,0.8,stable,True,7
35.0,2025-10-17,324,19,0.2857142857142857,stable,True,8
140.0,2026-03-06,324,20,0.07142857142857142,stable,True,9
,2017-09-18,325,20,,increase,,0
162.0,2018-02-27,325,20,,increase,,1
167.0,2018-08-13,325,21,35.0,increase,True,2
65.0,2018-10-17,325,21,1.0,increase,True,3
63.0,2018-12-19,325,21,1.4,increase,True,4
135.0,2019-05-03,325,21,1.0,stable,False,5
41.0,2019-06-13,325,21,2.0,loss,False,6
121.0,2019-10-12,325,22,1.5,loss,False,7
292.0,2020-07-30,325,23,-0.3333333333333333,stable,False,8
5.0,2020-08-04,325,22,-0.2,loss,False,9
72.0,2020-10-15,325,23,-0.4,stable,False,10
222.0,2021-05-25,325,23,-0.1111111111111111,stable,False,11
131.0,2021-10-03,325,23,0.0,stable,False,12
52.0,2021-11-24,325,24,0.0,loss,False,13
107.0,2022-03-11,325,25,-0.125,stable,False,14
63.0,2022-05-13,325,24,-0.1111111111111111,loss,False,15
307.0,2023-03-16,325,25,-0.25,loss,False,16
96.0,2023-06-20,325,25,-0.25,loss,False,17
182.0,2023-12-19,325,26,-0.25,stable,False,18
157.0,2024-05-24,325,26,-0.3333333333333333,stable,True,19
206.0,2024-12-16,325,27,0.125,increase,True,20
92.0,2025-03-18,325,27,0.5,stable,True,21
73.0,2025-05-30,325,27,0.25,stable,True,22
105.0,2025-09-12,325,28,0.3333333333333333,stable,False,23
35.0,2025-10-17,325,28,0.0,stable,False,24
140.0,2026-03-06,325,28,0.2,stable,False,25
,2023-06-27,326,17,,increase,,0
111.0,2023-10-16,326,17,,increase,,1
63.0,2023-12-18,326,17,,stable,,2
79.0,2024-03-06,326,17,36.5,stable,True,3
4.0,2024-03-10,326,18,24.0,increase,True,4
33.0,2024-04-12,326,18,24.0,increase,True,5
300.0,2025-02-06,326,18,0.5,increase,False,6
218.0,2025-09-12,326,19,0.4666666666666667,increase,True,7
82.0,2025-12-03,326,18,-0.2,increase,False,8
93.0,2026-03-06,326,19,3.6666666666666665,loss,True,9
,2019-10-16,327,20,,increase,,0
42.0,2019-11-27,327,20,,increase,,1
85.0,2020-02-20,327,20,,increase,,2
166.0,2020-08-04,327,20,79.0,increase,False,3
36.0,2020-09-09,327,20,0.6666666666666666,stable,True,4
141.0,2021-01-28,327,21,0.6666666666666666,stable,True,5
113.0,2021-05-21,327,21,0.0,stable,False,6
220.0,2021-12-27,327,22,0.2,increase,False,7
15.0,2022-01-11,327,23,1.9333333333333333,stable,False,8
140.0,2022-05-31,327,22,1.9333333333333333,stable,False,9
125.0,2022-10-03,327,22,-0.09090909090909091,stable,False,10
256.0,2023-06-16,327,23,0.1,stable,False,11
194.0,2023-12-27,327,24,0.13636363636363635,stable,False,12
162.0,2024-06-06,327,24,0.5909090909090909,stable,False,13
58.0,2024-08-03,327,24,0.2,stable,False,14
135.0,2024-12-16,327,25,0.0,stable,True,15
165.0,2025-05-30,327,25,0.16666666666666666,stable,True,16
105.0,2025-09-12,327,26,0.14285714285714285,stable,False,17
35.0,2025-10-17,327,26,0.14285714285714285,stable,False,18
140.0,2026-03-06,327,26,0.0,stable,False,19
,2022-03-21,328,17,,increase,,0
100.0,2022-06-29,328,17,,increase,,1
183.0,2022-12-29,328,18,0.25,increase,False,2
50.0,2023-02-17,328,18,4.0,increase,False,3
34.0,2023-03-23,328,18,14.0,loss,False,4
82.0,2023-06-13,328,18,14.0,loss,False,5
122.0,2023-10-13,328,19,-0.3333333333333333,stable,False,6
68.0,2023-12-20,328,19,-0.4166666666666667,stable,False,7
187.0,2024-06-24,328,19,0.0,stable,False,8
186.0,2024-12-27,328,20,-0.14285714285714285,stable,True,9
45.0,2025-02-10,328,21,0.14285714285714285,loss,True,10
39.0,2025-03-21,328,20,-0.2857142857142857,increase,True,11
169.0,2025-09-06,328,20,-0.375,increase,True,12
,2021-08-06,329,17,,stable,,0
280.0,2022-05-13,329,18,0.0,stable,True,1
167.0,2022-10-27,329,19,0.0,stable,True,2
71.0,2023-01-06,329,19,0.0,stable,False,3
347.0,2023-12-19,329,20,0.0,stable,False,4
160.0,2024-05-27,329,20,0.0,stable,False,5
217.0,2024-12-30,329,21,0.2,increase,True,6
72.0,2025-03-12,329,22,3.0,increase,True,7
6.0,2025-03-18,329,21,3.0,increase,True,8
73.0,2025-05-30,329,21,3.0,increase,True,9
,2019-05-23,330,16,,increase,,0
218.0,2019-12-27,330,17,0.5,increase,False,1
399.0,2021-01-29,330,18,0.3333333333333333,increase,False,2
151.0,2021-06-29,330,18,3.0,stable,False,3
199.0,2022-01-14,330,19,0.0,stable,False,4
165.0,2022-06-28,330,19,0.0,stable,False,5
338.0,2023-06-01,330,20,-0.08333333333333333,increase,False,6
26.0,2023-06-27,330,20,-0.16666666666666666,increase,False,7
118.0,2023-10-23,330,21,1.5,increase,True,8
57.0,2023-12-19,330,21,2.6363636363636362,increase,True,9
94.0,2024-03-22,330,21,7.0,increase,True,10
15.0,2024-04-06,330,21,9.0,increase,True,11
195.0,2024-10-18,330,22,1.8,increase,True,12
61.0,2024-12-18,330,22,2.6,increase,True,13
97.0,2025-03-25,330,22,4.6,increase,True,14
84.0,2025-06-17,330,22,1.2222222222222223,stable,False,15
189.0,2025-12-23,330,23,0.0,increase,False,16
,2011-11-07,331,20,,increase,,0
55.0,2012-01-01,331,20,,increase,,1
202.0,2012-07-21,331,21,2.3333333333333335,increase,True,2
503.0,2013-12-06,331,22,1.0,increase,False,3
331.0,2014-11-02,331,22,0.5,loss,False,4
6.0,2014-11-08,331,23,0.5,loss,True,5
228.0,2015-06-24,331,24,-0.3333333333333333,stable,False,6
7.0,2015-07-01,331,23,-0.2,stable,False,7
367.0,2016-07-02,331,24,0.0,stable,False,8
13.0,2016-07-15,331,25,0.0,stable,False,9
190.0,2017-01-21,331,25,0.0,increase,False,10
136.0,2017-06-06,331,26,0.0,increase,False,11
225.0,2018-01-17,331,26,0.6666666666666666,increase,True,12
69.0,2018-03-27,331,27,1.9166666666666667,stable,True,13
254.0,2018-12-06,331,27,0.14285714285714285,stable,False,14
22.0,2018-12-28,331,27,0.0,increase,False,15
343.0,2019-12-06,331,28,0.2857142857142857,increase,False,16
12.0,2019-12-18,331,28,0.7142857142857143,stable,False,17
230.0,2020-08-04,331,29,-0.08333333333333333,stable,False,18
71.0,2020-10-14,331,29,-0.08333333333333333,stable,False,19
50.0,2020-12-03,331,29,0.16666666666666666,loss,False,20
175.0,2021-05-27,331,30,-0.09090909090909091,stable,False,21
203.0,2021-12-16,331,30,0.0,loss,True,22
57.0,2022-02-11,331,31,-0.2,stable,True,23
108.0,2022-05-30,331,31,-0.1,loss,True,24
393.0,2023-06-27,331,32,-0.2222222222222222,stable,False,25
174.0,2023-12-18,331,32,-0.2222222222222222,stable,False,26
79.0,2024-03-06,331,33,0.14285714285714285,stable,False,27
13.0,2024-03-19,331,33,0.14285714285714285,stable,False,28
207.0,2024-10-12,331,33,-0.125,loss,False,29
145.0,2025-03-06,331,34,-0.25,stable,False,30
,2024-03-14,332,19,,stable,,0
214.0,2024-10-14,332,19,0.0,stable,True,1
65.0,2024-12-18,332,20,0.0,stable,True,2
189.0,2025-06-25,332,20,0.0,stable,False,3
,2019-09-25,333,17,,stable,,0
314.0,2020-08-04,333,18,-0.08,increase,False,1
70.0,2020-10-13,333,18,-0.08,increase,False,2
355.0,2021-10-03,333,19,0.30434782608695654,increase,True,3
222.0,2022-05-13,333,20,1.3333333333333333,increase,True,4
19.0,2022-06-01,333,19,0.0,increase,True,5
105.0,2022-09-14,333,20,2.3333333333333335,increase,True,6
43.0,2022-10-27,333,20,3.3333333333333335,increase,True,7
71.0,2023-01-06,333,21,5.666666666666667,increase,True,8
77.0,2023-03-24,333,21,0.5,increase,False,9
258.0,2023-12-07,333,21,0.6666666666666666,stable,True,10
14.0,2023-12-21,333,21,0.4666666666666667,stable,True,11
155.0,2024-05-24,333,22,0.4666666666666667,stable,True,12
206.0,2024-12-16,333,22,0.13636363636363635,stable,False,13
86.0,2025-03-12,333,23,-0.09090909090909091,stable,False,14
79.0,2025-05-30,333,23,0.0,stable,False,15
,2016-08-22,334,19,,increase,,0
66.0,2016-10-27,334,19,,stable,,1
98.0,2017-02-02,334,20,,increase,,2
93.0,2017-05-06,334,20,0.0,increase,False,3
240.0,2018-01-01,334,20,0.6666666666666666,stable,False,4
180.0,2018-06-30,334,21,0.0,increase,False,5
109.0,2018-10-17,334,21,2.0,increase,True,6
125.0,2019-02-19,334,22,4.0,increase,True,7
130.0,2019-06-29,334,22,1.6666666666666667,increase,False,8
102.0,2019-10-09,334,22,1.4,increase,True,9
72.0,2019-12-20,334,22,5.0,increase,True,10
135.0,2020-05-03,334,23,2.3333333333333335,increase,False,11
81.0,2020-07-23,334,23,1.0,increase,False,12
12.0,2020-08-04,334,23,0.06666666666666667,increase,False,13
6.0,2020-08-10,334,23,1.0,increase,False,14
105.0,2020-11-23,334,23,1.0,increase,False,15
159.0,2021-05-01,334,23,0.6666666666666666,stable,False,16
30.0,2021-05-31,334,24,0.25,stable,False,17
213.0,2021-12-30,334,24,0.0,stable,False,18
66.0,2022-03-06,334,25,0.0,stable,False,19
127.0,2022-07-11,334,25,0.0,stable,False,20
255.0,2023-03-23,334,26,-0.1,stable,False,21
82.0,2023-06-13,334,26,-0.1,stable,False,22
189.0,2023-12-19,334,26,0.0,stable,True,23
160.0,2024-05-27,334,27,0.0,stable,True,24
203.0,2024-12-16,334,27,0.0,loss,False,25
92.0,2025-03-18,334,28,-0.1111111111111111,loss,False,26
73.0,2025-05-30,334,28,-0.28888888888888886,loss,False,27
105.0,2025-09-12,334,28,-0.4444444444444444,stable,False,28
35.0,2025-10-17,334,28,-0.25,loss,False,29
140.0,2026-03-06,334,29,-0.375,stable,False,30
,2025-03-17,335,19,,increase,,0
81.0,2025-06-06,335,19,,increase,,1
108.0,2025-09-22,335,20,15.666666666666666,stable,False,2
,2011-07-06,336,16,,increase,,0
463.0,2012-10-11,336,18,1.0,increase,True,1
304.0,2013-08-11,336,19,2.3333333333333335,increase,False,2
193.0,2014-02-20,336,19,1.0,increase,False,3
321.0,2015-01-07,336,20,0.5,increase,True,4
364.0,2016-01-06,336,21,4.333333333333333,increase,False,5
49.0,2016-02-24,336,21,0.6666666666666666,increase,False,6
156.0,2016-07-29,336,22,0.5,increase,False,7
208.0,2017-02-22,336,22,0.5,increase,False,8
124.0,2017-06-26,336,22,0.8333333333333334,stable,False,9
220.0,2018-02-01,336,23,0.13636363636363635,stable,True,10
116.0,2018-05-28,336,23,0.13636363636363635,stable,True,11
205.0,2018-12-19,336,24,0.0,increase,False,12
135.0,2019-05-03,336,24,0.4,stable,False,13
41.0,2019-06-13,336,24,0.4,stable,False,14
121.0,2019-10-12,336,25,0.4,stable,False,15
297.0,2020-08-04,336,25,-0.2,stable,False,16
70.0,2020-10-13,336,26,-0.3142857142857143,stable,False,17
156.0,2021-03-18,336,26,-0.14285714285714285,stable,False,18
74.0,2021-05-31,336,26,0.0,stable,False,19
206.0,2021-12-23,336,27,0.0,loss,False,20
78.0,2022-03-11,336,28,-0.375,stable,False,21
96.0,2022-06-15,336,27,-0.08333333333333333,stable,False,22
92.0,2022-09-15,336,28,0.2,stable,False,23
278.0,2023-06-20,336,28,0.0,stable,False,24
182.0,2023-12-19,336,29,0.0,loss,False,25
86.0,2024-03-14,336,29,-0.16666666666666666,loss,False,26
74.0,2024-05-27,336,29,-0.16666666666666666,loss,False,27
203.0,2024-12-16,336,30,-0.3333333333333333,loss,False,28
165.0,2025-05-30,336,30,-0.4666666666666667,loss,False,29
,2012-12-13,337,19,,increase,,0
596.0,2014-08-01,337,20,11.0,increase,False,1
24.0,2014-08-25,337,21,59.0,increase,False,2
135.0,2015-01-07,337,22,239.0,stable,True,3
48.0,2015-02-24,337,21,1.0,increase,False,4
318.0,2016-01-08,337,23,1.0,stable,True,5
238.0,2016-09-02,337,22,0.0,stable,False,6
171.0,2017-02-20,337,23,-0.16666666666666666,stable,False,7
128.0,2017-06-28,337,24,-0.16666666666666666,stable,False,8
218.0,2018-02-01,337,24,-0.2,stable,False,9
116.0,2018-05-28,337,25,-0.2,stable,False,10
205.0,2018-12-19,337,25,-0.125,increase,False,11
176.0,2019-06-13,337,26,0.25,increase,False,12
121.0,2019-10-12,337,26,7.0,stable,True,13
58.0,2019-12-09,337,26,4.142857142857143,increase,True,14
239.0,2020-08-04,337,27,0.25,stable,False,15
70.0,2020-10-13,337,27,0.5,stable,False,16
156.0,2021-03-18,337,28,0.2,stable,False,17
71.0,2021-05-28,337,28,0.1111111111111111,stable,False,18
209.0,2021-12-23,337,28,0.06666666666666667,loss,False,19
78.0,2022-03-11,337,29,-0.16666666666666666,stable,False,20
96.0,2022-06-15,337,29,0.0,loss,False,21
370.0,2023-06-20,337,30,-0.26666666666666666,loss,False,22
182.0,2023-12-19,337,30,-0.2727272727272727,loss,False,23
22.0,2024-01-10,337,31,-0.5454545454545454,stable,False,24
138.0,2024-05-27,337,31,-0.4090909090909091,loss,False,25
203.0,2024-12-16,337,31,-0.38461538461538464,loss,False,26
92.0,2025-03-18,337,32,-0.5384615384615384,loss,False,27
73.0,2025-05-30,337,32,-0.6153846153846154,loss,False,28
,2021-11-24,338,19,,increase,,0
170.0,2022-05-13,338,20,,increase,,1
124.0,2022-09-14,338,20,6.0,increase,True,2
43.0,2022-10-27,338,20,8.0,increase,True,3
71.0,2023-01-06,338,21,1.4,increase,True,4
247.0,2023-09-10,338,21,0.6666666666666666,increase,True,5
100.0,2023-12-19,338,21,0.6666666666666666,increase,True,6
99.0,2024-03-27,338,22,0.5,stable,True,7
63.0,2024-05-29,338,22,1.0,stable,True,8
201.0,2024-12-16,338,22,-0.2,loss,True,9
92.0,2025-03-18,338,23,-0.3,stable,True,10
73.0,2025-05-30,338,23,-0.3,stable,True,11
105.0,2025-09-12,338,23,-0.21875,stable,False,12
35.0,2025-10-17,338,23,-0.10714285714285714,stable,False,13
140.0,2026-03-06,338,24,0.07142857142857142,stable,False,14
,2020-10-29,339,18,,increase,,0
61.0,2020-12-29,339,18,,increase,,1
67.0,2021-03-06,339,18,,stable,,2
297.0,2021-12-28,339,19,0.0,stable,True,3
190.0,2022-07-06,339,19,0.0,increase,False,4
128.0,2022-11-11,339,20,0.0,increase,True,5
216.0,2023-06-15,339,20,1.0,increase,False,6
148.0,2023-11-10,339,21,3.5,increase,False,7
40.0,2023-12-20,339,21,2.75,increase,False,8
138.0,2024-05-06,339,21,4.0,stable,False,9
226.0,2024-12-18,339,22,0.0,stable,False,10
181.0,2025-06-17,339,22,-0.2,increase,False,11
,2016-01-09,340,19,,increase,,0
415.0,2017-02-27,340,19,9.0,stable,False,1
203.0,2017-09-18,340,20,0.0,increase,False,2
371.0,2018-09-24,340,21,0.6666666666666666,increase,False,3
156.0,2019-02-27,340,21,1.6666666666666667,increase,False,4
121.0,2019-06-28,340,21,0.6,increase,False,5
244.0,2020-02-27,340,22,0.5,increase,False,6
159.0,2020-08-04,340,22,0.2,increase,False,7
70.0,2020-10-13,340,23,1.0,increase,True,8
156.0,2021-03-18,340,23,3.1666666666666665,stable,True,9
141.0,2021-08-06,340,23,0.8333333333333334,stable,False,10
139.0,2021-12-23,340,24,0.1,stable,False,11
78.0,2022-03-11,340,25,0.0,stable,False,12
96.0,2022-06-15,340,24,0.13636363636363635,stable,False,13
370.0,2023-06-20,340,25,0.0,stable,False,14
182.0,2023-12-19,340,26,0.12,stable,False,15
160.0,2024-05-27,340,26,0.12,stable,False,16
203.0,2024-12-16,340,27,0.0,loss,False,17
165.0,2025-05-30,340,27,-0.10714285714285714,stable,False,18
,2018-05-28,341,20,,increase,,0
142.0,2018-10-17,341,20,,increase,,1
63.0,2018-12-19,341,21,9.0,increase,False,2
135.0,2019-05-03,341,21,4.0,increase,False,3
41.0,2019-06-13,341,21,6.0,stable,False,4
121.0,2019-10-12,341,22,3.0,stable,True,5
58.0,2019-12-09,341,21,0.6,stable,True,6
234.0,2020-07-30,341,22,0.0,stable,False,7
5.0,2020-08-04,341,22,-0.2,increase,False,8
70.0,2020-10-13,341,22,0.0,stable,False,9
156.0,2021-03-18,341,23,0.25,stable,False,10
141.0,2021-08-06,341,23,0.0,loss,False,11
139.0,2021-12-23,341,24,-0.05,loss,False,12
78.0,2022-03-11,341,24,-0.55,stable,False,13
18.0,2022-03-29,341,24,-0.25,loss,False,14
78.0,2022-06-15,341,24,-0.375,stable,False,15
92.0,2022-09-15,341,24,0.0,increase,False,16
182.0,2023-03-16,341,25,0.2222222222222222,stable,False,17
96.0,2023-06-20,341,25,0.3888888888888889,stable,False,18
182.0,2023-12-19,341,26,-0.2,stable,False,19
160.0,2024-05-27,341,26,-0.2,stable,False,20
203.0,2024-12-16,341,27,0.1,stable,True,21
165.0,2025-05-30,341,27,0.2,loss,True,22
,2020-07-15,342,18,,increase,,0
126.0,2020-11-18,342,19,,increase,,1
210.0,2021-06-16,342,19,1.0,increase,False,2
47.0,2021-08-02,342,19,0.0,increase,False,3
8.0,2021-08-10,342,20,3.0,increase,True,4
128.0,2021-12-16,342,20,1.6666666666666667,increase,True,5
85.0,2022-03-11,342,21,4.833333333333333,stable,True,6
12.0,2022-03-23,342,20,0.6666666666666666,increase,False,7
68.0,2022-05-30,342,20,0.6666666666666666,increase,False,8
108.0,2022-09-15,342,21,-0.14285714285714285,increase,False,9
182.0,2023-03-16,342,21,0.4,stable,False,10
96.0,2023-06-20,342,21,0.5,stable,False,11
82.0,2023-09-10,342,22,0.6666666666666666,stable,False,12
100.0,2023-12-19,342,22,0.1111111111111111,stable,False,13
22.0,2024-01-10,342,23,0.2222222222222222,stable,True,14
138.0,2024-05-27,342,22,0.0,stable,False,15
203.0,2024-12-16,342,23,0.1,loss,True,16
165.0,2025-05-30,342,23,0.0,stable,True,17
105.0,2025-09-12,342,24,-0.23636363636363636,stable,False,18
35.0,2025-10-17,342,24,-0.23636363636363636,stable,False,19
140.0,2026-03-06,342,24,-0.1,stable,False,20
,2017-12-10,343,17,,increase,,0
45.0,2018-01-24,343,18,,increase,,1
72.0,2018-04-06,343,18,,increase,,2
201.0,2018-10-24,343,18,1.8571428571428572,increase,False,3
54.0,2018-12-17,343,19,1.8571428571428572,increase,False,4
79.0,2019-03-06,343,19,4.142857142857143,increase,False,5
119.0,2019-07-03,343,19,0.5,increase,False,6
169.0,2019-12-19,343,20,0.3888888888888889,stable,False,7
85.0,2020-03-13,343,20,1.0,stable,False,8
144.0,2020-08-04,343,20,0.08,increase,False,9
72.0,2020-10-15,343,20,0.06666666666666667,stable,False,10
173.0,2021-04-06,343,21,0.37037037037037035,loss,False,11
126.0,2021-08-10,343,21,-0.125,stable,False,12
25.0,2021-09-04,343,21,0.15625,loss,False,13
103.0,2021-12-16,343,22,-0.32432432432432434,stable,False,14
85.0,2022-03-11,343,22,-0.32432432432432434,stable,True,15
80.0,2022-05-30,343,22,-0.32432432432432434,stable,False,16
386.0,2023-06-20,343,23,0.2,increase,True,17
182.0,2023-12-19,343,24,0.26666666666666666,stable,False,18
160.0,2024-05-27,343,24,0.26666666666666666,stable,False,19
203.0,2024-12-16,343,25,0.0,stable,False,20
165.0,2025-05-30,343,25,0.05263157894736842,stable,False,21
,2021-03-18,344,17,,increase,,0
358.0,2022-03-11,344,18,0.5,increase,True,1
419.0,2023-05-04,344,19,0.5,stable,True,2
237.0,2023-12-27,344,19,0.0,stable,False,3
355.0,2024-12-16,344,20,0.0,increase,True,4
92.0,2025-03-18,344,21,10.11111111111111,increase,True,5
73.0,2025-05-30,344,21,12.333333333333334,increase,True,6
105.0,2025-09-12,344,21,25.666666666666668,increase,False,7
35.0,2025-10-17,344,21,1.0,increase,False,8
140.0,2026-03-06,344,22,2.0,stable,False,9
,2021-05-28,345,20,,increase,,0
97.0,2021-09-02,345,19,,increase,,1
106.0,2021-12-17,345,20,0.42857142857142855,increase,False,2
169.0,2022-06-04,345,21,17.0,increase,True,3
76.0,2022-08-19,345,21,1.0,increase,False,4
87.0,2022-11-14,345,21,2.0,stable,False,5
218.0,2023-06-20,345,22,0.2,increase,True,6
82.0,2023-09-10,345,22,0.4666666666666667,increase,True,7
100.0,2023-12-19,345,22,0.2222222222222222,increase,False,8
22.0,2024-01-10,345,23,1.2222222222222223,stable,False,9
64.0,2024-03-14,345,23,0.2727272727272727,increase,False,10
74.0,2024-05-27,345,23,0.5909090909090909,stable,False,11
203.0,2024-12-16,345,23,0.14285714285714285,stable,False,12
165.0,2025-05-30,345,24,0.14285714285714285,stable,False,13
105.0,2025-09-12,345,24,0.0,stable,False,14
175.0,2026-03-06,345,25,0.0,stable,False,15
,2013-02-14,346,18,,increase,,0
177.0,2013-08-10,346,18,,increase,,1
187.0,2014-02-13,346,19,0.3333333333333333,increase,False,2
147.0,2014-07-10,346,19,0.5,stable,False,3
494.0,2015-11-16,346,21,0.1111111111111111,stable,True,4
366.0,2016-11-16,346,22,0.1,increase,False,5
503.0,2018-04-03,346,23,1.2727272727272727,increase,False,6
127.0,2018-08-08,346,23,2.1818181818181817,increase,True,7
47.0,2018-09-24,346,23,4.454545454545454,increase,True,8
156.0,2019-02-27,346,24,1.0,increase,False,9
121.0,2019-06-28,346,24,1.1666666666666667,increase,False,10
106.0,2019-10-12,346,25,4.714285714285714,stable,False,11
297.0,2020-08-04,346,25,-0.2,increase,False,12
70.0,2020-10-13,346,25,-0.2,increase,False,13
65.0,2020-12-17,346,26,0.0,increase,False,14
91.0,2021-03-18,346,26,0.75,stable,False,15
71.0,2021-05-28,346,26,0.875,stable,False,16
209.0,2021-12-23,346,27,0.0,stable,False,17
78.0,2022-03-11,346,28,0.0,stable,False,18
96.0,2022-06-15,346,27,0.06666666666666667,stable,False,19
274.0,2023-03-16,346,28,-0.15625,stable,False,20
96.0,2023-06-20,346,28,-0.15625,stable,False,21
182.0,2023-12-19,346,29,0.1111111111111111,loss,False,22
160.0,2024-05-27,346,29,0.1111111111111111,loss,False,23
203.0,2024-12-16,346,30,-0.23333333333333334,loss,False,24
92.0,2025-03-18,346,30,-0.4,loss,False,25
73.0,2025-05-30,346,30,-0.4666666666666667,stable,False,26
,2012-05-07,347,17,,increase,,0
111.0,2012-08-26,347,17,,increase,,1
218.0,2013-04-01,347,17,2.5,increase,False,2
89.0,2013-06-29,347,18,3.5,increase,False,3
465.0,2014-10-07,347,19,0.6666666666666666,increase,True,4
92.0,2015-01-07,347,20,0.6666666666666666,increase,True,5
85.0,2015-04-02,347,19,0.6666666666666666,increase,True,6
197.0,2015-10-16,347,20,0.3333333333333333,increase,False,7
122.0,2016-02-15,347,21,0.7333333333333333,increase,False,8
158.0,2016-07-22,347,21,0.5,increase,False,9
243.0,2017-03-22,347,22,0.3333333333333333,increase,False,10
89.0,2017-06-19,347,22,0.5333333333333333,increase,False,11
13.0,2017-07-02,347,22,0.2,increase,False,12
179.0,2017-12-28,347,22,0.7391304347826086,stable,False,13
129.0,2018-05-06,347,23,1.2222222222222223,stable,False,14
226.0,2018-12-18,347,23,0.0,increase,True,15
139.0,2019-05-06,347,24,0.25,stable,True,16
28.0,2019-06-03,347,24,0.25,stable,True,17
197.0,2019-12-17,347,24,0.0,stable,False,18
231.0,2020-08-04,347,25,-0.2,increase,False,19
3.0,2020-08-07,347,25,0.0,increase,False,20
40.0,2020-09-16,347,25,0.2,stable,False,21
112.0,2021-01-06,347,26,0.4,stable,False,22
269.0,2021-10-02,347,26,0.0,stable,False,23
81.0,2021-12-22,347,26,0.0,stable,False,24
258.0,2022-09-06,347,27,-0.07142857142857142,loss,False,25
5.0,2022-09-11,347,27,-0.07142857142857142,loss,False,26
284.0,2023-06-22,347,28,-0.3076923076923077,loss,False,27
175.0,2023-12-14,347,28,-0.38461538461538464,loss,False,28
104.0,2024-03-27,347,29,-0.3333333333333333,loss,False,29
63.0,2024-05-29,347,29,-0.3333333333333333,loss,False,30
104.0,2024-09-10,347,29,-0.45,stable,False,31
101.0,2024-12-20,347,29,-0.26666666666666666,loss,False,32
137.0,2025-05-06,347,30,0.0,loss,False,33
,2011-07-09,348,17,,increase,,0
152.0,2011-12-08,348,17,,increase,,1
199.0,2012-06-24,348,18,14.0,stable,False,2
70.0,2012-09-02,348,18,14.0,increase,False,3
158.0,2013-02-07,348,19,0.0,increase,False,4
223.0,2013-09-18,348,19,0.3333333333333333,increase,False,5
119.0,2014-01-15,348,20,1.4444444444444444,increase,False,6
327.0,2014-12-08,348,20,0.36363636363636365,stable,False,7
30.0,2015-01-07,348,21,0.45454545454545453,stable,False,8
329.0,2015-12-02,348,21,0.0,increase,False,9
35.0,2016-01-06,348,22,0.375,stable,False,10
2.0,2016-01-08,348,22,0.375,stable,False,11
238.0,2016-09-02,348,22,-0.045454545454545456,stable,False,12
171.0,2017-02-20,348,23,0.0,stable,False,13
128.0,2017-06-28,348,23,0.19047619047619047,stable,False,14
218.0,2018-02-01,348,24,0.0,stable,False,15
116.0,2018-05-28,348,24,0.0,stable,True,16
205.0,2018-12-19,348,25,0.0,stable,False,17
135.0,2019-05-03,348,25,0.12,loss,False,18
41.0,2019-06-13,348,25,0.2,loss,False,19
121.0,2019-10-12,348,26,0.08,loss,False,20
297.0,2020-08-04,348,26,-0.2037037037037037,stable,False,21
70.0,2020-10-13,348,26,-0.2037037037037037,loss,True,22
156.0,2021-03-18,348,27,-0.06976744186046512,loss,True,23
53.0,2021-05-10,348,27,-0.20930232558139536,loss,True,24
88.0,2021-08-06,348,27,-0.06976744186046512,loss,True,25
139.0,2021-12-23,348,28,-0.23529411764705882,loss,False,26
50.0,2022-02-11,348,28,-0.5,stable,True,27
124.0,2022-06-15,348,28,-0.4,loss,False,28
285.0,2023-03-27,348,29,-0.25,loss,True,29
92.0,2023-06-27,348,29,-0.5,increase,True,30
75.0,2023-09-10,348,29,-0.625,increase,True,31
100.0,2023-12-19,348,30,-0.2222222222222222,stable,True,32
86.0,2024-03-14,348,30,0.7777777777777778,stable,False,33
74.0,2024-05-27,348,30,0.7777777777777778,stable,False,34
203.0,2024-12-16,348,31,0.0,loss,True,35
165.0,2025-05-30,348,31,-0.25,loss,True,36
,2023-02-08,349,17,,stable,,0
323.0,2023-12-28,349,18,0.0,increase,False,1
257.0,2024-09-10,349,18,4.0,increase,True,2
57.0,2024-11-06,349,18,0.6666666666666666,increase,False,3
44.0,2024-12-20,349,19,4.0,increase,True,4
137.0,2025-05-06,349,19,31.0,increase,True,5
161.0,2025-10-14,349,20,19.0,increase,False,6
66.0,2025-12-19,349,20,2.75,increase,False,7
,2015-09-20,350,18,,increase,,0
155.0,2016-02-22,350,19,,increase,,1
144.0,2016-07-15,350,19,0.25,stable,False,2
193.0,2017-01-24,350,20,0.0,increase,False,3
156.0,2017-06-29,350,20,0.0,increase,False,4
186.0,2018-01-01,350,21,4.0,increase,True,5
149.0,2018-05-30,350,21,4.0,increase,True,6
394.0,2019-06-28,350,22,2.2,increase,True,7
106.0,2019-10-12,350,22,6.2,stable,True,8
58.0,2019-12-09,350,22,6.2,stable,True,9
239.0,2020-08-04,350,23,-0.19444444444444445,increase,False,10
72.0,2020-10-15,350,23,-0.2777777777777778,increase,False,11
68.0,2020-12-22,350,23,-0.1111111111111111,increase,False,12
190.0,2021-06-30,350,24,1.1875,stable,False,13
95.0,2021-10-03,350,24,0.375,increase,False,14
81.0,2021-12-23,350,24,1.1875,stable,True,15
78.0,2022-03-11,350,25,-0.2,stable,True,16
96.0,2022-06-15,350,25,0.45454545454545453,stable,True,17
370.0,2023-06-20,350,26,-0.125,loss,False,18
182.0,2023-12-19,350,26,-0.21428571428571427,stable,False,19
22.0,2024-01-10,350,27,-0.2857142857142857,stable,False,20
138.0,2024-05-27,350,27,-0.21428571428571427,stable,False,21
203.0,2024-12-16,350,27,-0.18181818181818182,stable,False,22
141.0,2025-05-06,350,28,-0.3181818181818182,stable,True,23
,2022-01-07,351,18,,increase,,0
63.0,2022-03-11,351,18,,stable,,1
188.0,2022-09-15,351,18,-0.2,increase,False,2
182.0,2023-03-16,351,18,5.25,stable,False,3
96.0,2023-06-20,351,18,5.25,stable,False,4
182.0,2023-12-19,351,19,0.2,increase,False,5
22.0,2024-01-10,351,20,1.0,stable,False,6
64.0,2024-03-14,351,19,0.6,increase,False,7
74.0,2024-05-27,351,19,0.8,stable,False,8
203.0,2024-12-16,351,20,0.1111111111111111,stable,False,9
92.0,2025-03-18,351,20,0.0,loss,False,10
73.0,2025-05-30,351,20,0.0,loss,False,11
105.0,2025-09-12,351,21,-0.1,stable,True,12
175.0,2026-03-06,351,21,-0.37777777777777777,increase,True,13
,2026-01-22,352,18,,increase,,0
43.0,2026-03-06,352,19,,stable,,1
,2024-07-10,353,16,,increase,,0
94.0,2024-10-12,353,16,,increase,,1
145.0,2025-03-06,353,17,0.5,increase,False,2
,2024-09-12,354,18,,increase,,0
15.0,2024-09-27,354,18,,increase,,1
224.0,2025-05-09,354,19,49.0,increase,True,2
28.0,2025-06-06,354,19,9.0,increase,True,3
128.0,2025-10-12,354,19,79.0,increase,True,4
145.0,2026-03-06,354,20,9.0,stable,True,5
,2020-08-10,355,19,,increase,,0
318.0,2021-06-24,355,20,2.0,stable,False,1
38.0,2021-08-01,355,19,3.0,increase,False,2
151.0,2021-12-30,355,20,0.0,increase,True,3
81.0,2022-03-21,355,20,0.25,increase,True,4
100.0,2022-06-29,355,21,2.3333333333333335,increase,False,5
12.0,2022-07-11,355,21,49.0,increase,True,6
74.0,2022-09-23,355,21,19.0,increase,True,7
263.0,2023-06-13,355,21,2.0,stable,False,8
89.0,2023-09-10,355,22,2.5,stable,True,9
100.0,2023-12-19,355,22,0.16666666666666666,increase,True,10
22.0,2024-01-10,355,23,0.3333333333333333,increase,True,11
138.0,2024-05-27,355,22,0.0,increase,False,12
203.0,2024-12-16,355,23,0.5714285714285714,stable,False,13
165.0,2025-05-30,355,23,0.42857142857142855,stable,False,14
,2016-01-09,356,18,,increase,,0
415.0,2017-02-27,356,19,4.0,increase,False,1
121.0,2017-06-28,356,19,7.0,increase,True,2
117.0,2017-10-23,356,20,1.0,stable,True,3
101.0,2018-02-01,356,20,0.25,increase,True,4
116.0,2018-05-28,356,20,0.0,increase,False,5
275.0,2019-02-27,356,21,0.5,increase,True,6
106.0,2019-06-13,356,21,1.0,increase,True,7
121.0,2019-10-12,356,22,2.3333333333333335,stable,True,8
58.0,2019-12-09,356,21,1.1333333333333333,increase,True,9
239.0,2020-08-04,356,22,0.25,stable,False,10
70.0,2020-10-13,356,23,0.25,stable,False,11
156.0,2021-03-18,356,23,0.0,stable,False,12
141.0,2021-08-06,356,23,-0.05,stable,False,13
144.0,2021-12-28,356,24,-0.05,increase,True,14
77.0,2022-03-15,356,24,0.18421052631578946,stable,True,15
113.0,2022-07-06,356,24,0.3157894736842105,stable,False,16
128.0,2022-11-11,356,25,0.0,stable,False,17
216.0,2023-06-15,356,25,-0.1111111111111111,stable,False,18
148.0,2023-11-10,356,26,-0.2222222222222222,loss,False,19
40.0,2023-12-20,356,26,-0.125,loss,False,20
138.0,2024-05-06,356,26,-0.25,loss,False,21
165.0,2024-10-18,356,27,-0.2857142857142857,loss,True,22
61.0,2024-12-18,356,27,-0.3333333333333333,loss,True,23
97.0,2025-03-25,356,27,-0.5,stable,True,24
84.0,2025-06-17,356,27,-0.25,stable,False,25
183.0,2025-12-17,356,28,-0.06666666666666667,increase,True,26
79.0,2026-03-06,356,28,0.2,stable,True,27
,2025-08-20,357,16,,increase,,0
117.0,2025-12-15,357,16,,increase,,1
,2016-05-27,358,20,,stable,,0
185.0,2016-11-28,358,20,0.0,loss,False,1
226.0,2017-07-12,358,21,-0.5,stable,True,2
764.0,2019-08-15,358,23,0.0,stable,False,3
104.0,2019-11-27,358,23,0.0,stable,False,4
287.0,2020-09-09,358,24,0.0,increase,True,5
261.0,2021-05-28,358,25,9.0,stable,False,6
97.0,2021-09-02,358,24,9.0,stable,False,7
106.0,2021-12-17,358,25,0.2,stable,False,8
169.0,2022-06-04,358,26,0.2,increase,False,9
76.0,2022-08-19,358,26,0.0,increase,False,10
87.0,2022-11-14,358,26,0.6666666666666666,stable,False,11
232.0,2023-07-04,358,27,0.0,stable,True,12
21.0,2023-07-25,358,27,0.0,stable,True,13
148.0,2023-12-20,358,27,-0.2,increase,True,14
99.0,2024-03-28,358,28,-0.1,increase,True,15
81.0,2024-06-17,358,28,0.875,increase,True,16
87.0,2024-09-12,358,28,7.75,stable,True,17
15.0,2024-09-27,358,28,2.888888888888889,increase,False,18
182.0,2025-03-28,358,29,1.2857142857142858,loss,False,19
70.0,2025-06-06,358,29,1.2857142857142858,loss,False,20
,2010-05-27,359,18,,increase,,0
98.0,2010-09-02,359,17,,increase,,1
301.0,2011-06-30,359,19,3.0,increase,True,2
93.0,2011-10-01,359,18,1.0,increase,True,3
353.0,2012-09-18,359,20,9.0,increase,False,4
285.0,2013-06-30,359,21,0.8,increase,False,5
32.0,2013-08-01,359,20,0.6,increase,False,6
331.0,2014-06-28,359,22,0.875,increase,True,7
96.0,2014-10-02,359,21,0.5,increase,True,8
173.0,2015-03-24,359,23,0.6666666666666666,increase,False,9
92.0,2015-06-24,359,23,1.5,increase,False,10
7.0,2015-07-01,359,22,0.6666666666666666,increase,False,11
113.0,2015-10-22,359,23,1.0,increase,False,12
79.0,2016-01-09,359,24,2.25,stable,True,13
175.0,2016-07-02,359,23,0.3,stable,False,14
240.0,2017-02-27,359,25,-0.07692307692307693,loss,True,15
121.0,2017-06-28,359,25,-0.23076923076923078,stable,True,16
251.0,2018-03-06,359,26,-0.1,stable,True,17
179.0,2018-09-01,359,25,-0.2,increase,True,18
107.0,2018-12-17,359,26,0.0,increase,True,19
79.0,2019-03-06,359,27,0.75,stable,True,20
119.0,2019-07-03,359,27,0.4444444444444444,stable,False,21
169.0,2019-12-19,359,27,0.14285714285714285,stable,False,22
229.0,2020-08-04,359,28,-0.1875,stable,False,23
72.0,2020-10-15,359,28,-0.1875,stable,False,24
223.0,2021-05-26,359,29,0.0,stable,False,25
204.0,2021-12-16,359,29,0.0,stable,False,26
57.0,2022-02-11,359,30,0.23076923076923078,stable,False,27
108.0,2022-05-30,359,30,0.23076923076923078,stable,False,28
393.0,2023-06-27,359,31,-0.125,stable,False,29
174.0,2023-12-18,359,31,-0.125,stable,False,30
161.0,2024-05-27,359,32,0.0,stable,True,31
203.0,2024-12-16,359,32,0.0,stable,False,32
165.0,2025-05-30,359,33,0.0,loss,False,33
105.0,2025-09-12,359,33,-0.14285714285714285,loss,False,34
175.0,2026-03-06,359,34,-0.5,stable,False,35
,2018-09-24,360,19,,stable,,0
277.0,2019-06-28,360,20,0.0,increase,False,1
475.0,2020-10-15,360,22,1.5,stable,False,2
258.0,2021-06-30,360,22,0.0,stable,False,3
95.0,2021-10-03,360,22,0.0,stable,False,4
52.0,2021-11-24,360,23,0.0,increase,False,5
170.0,2022-05-13,360,23,0.0,increase,True,6
167.0,2022-10-27,360,24,0.6,increase,False,7
71.0,2023-01-06,360,24,0.6,increase,True,8
247.0,2023-09-10,360,25,1.5,stable,True,9
100.0,2023-12-19,360,25,1.5,stable,True,10
160.0,2024-05-27,360,25,0.0,stable,False,11
203.0,2024-12-16,360,26,0.0,stable,False,12
86.0,2025-03-12,360,27,0.0,stable,True,13
79.0,2025-05-30,360,26,0.0,stable,False,14
,2023-07-04,361,20,,increase,,0
21.0,2023-07-25,361,21,,increase,,1
47.0,2023-09-10,361,21,,increase,,2
100.0,2023-12-19,361,21,,increase,,3
22.0,2024-01-10,361,22,79.0,increase,True,4
64.0,2024-03-14,361,21,1.7777777777777777,increase,False,5
74.0,2024-05-27,361,21,2.888888888888889,increase,False,6
203.0,2024-12-16,361,22,0.42857142857142855,stable,False,7
92.0,2025-03-18,361,22,0.5714285714285714,stable,False,8
73.0,2025-05-30,361,22,0.5714285714285714,stable,False,9
105.0,2025-09-12,361,23,0.1,stable,False,10
175.0,2026-03-06,361,23,-0.09090909090909091,stable,False,11
,2022-12-28,362,19,,increase,,0
37.0,2023-02-03,362,19,,increase,,1
133.0,2023-06-16,362,19,,increase,,2
105.0,2023-09-29,362,19,5.25,increase,False,3
89.0,2023-12-27,362,20,3.0,stable,False,4
162.0,2024-06-06,362,20,0.6,stable,False,5
196.0,2024-12-19,362,21,0.0,stable,False,6
162.0,2025-05-30,362,21,0.125,stable,False,7
,2016-05-29,363,18,,increase,,0
203.0,2016-12-18,363,19,5.0,increase,False,1
108.0,2017-04-05,363,19,24.0,stable,False,2
268.0,2017-12-29,363,20,0.0,increase,True,3
189.0,2018-07-06,363,20,0.8,increase,False,4
10.0,2018-07-16,363,20,2.0,increase,False,5
147.0,2018-12-10,363,21,4.0,stable,False,6
10.0,2018-12-20,363,21,6.0,stable,False,7
168.0,2019-06-06,363,21,1.0,stable,False,8
189.0,2019-12-12,363,22,0.0,stable,False,9
236.0,2020-08-04,363,22,-0.2,stable,False,10
21.0,2020-08-25,363,22,-0.06666666666666667,stable,False,11
126.0,2020-12-29,363,23,-0.06666666666666667,stable,False,12
67.0,2021-03-06,363,23,-0.10714285714285714,stable,False,13
297.0,2021-12-28,363,24,-0.08,stable,False,14
190.0,2022-07-06,363,24,-0.13043478260869565,stable,False,15
128.0,2022-11-11,363,25,-0.13043478260869565,stable,False,16
216.0,2023-06-15,363,25,-0.1,stable,False,17
188.0,2023-12-20,363,26,-0.1111111111111111,increase,False,18
21.0,2024-01-10,363,26,0.0,increase,True,19
117.0,2024-05-06,363,26,-0.16666666666666666,increase,False,20
224.0,2024-12-16,363,27,0.6666666666666666,stable,True,21
92.0,2025-03-18,363,27,0.8666666666666667,stable,True,22
73.0,2025-05-30,363,27,1.3333333333333333,stable,True,23
,2022-08-19,364,17,,increase,,0
87.0,2022-11-14,364,17,,increase,,1
363.0,2023-11-12,364,18,1.0,increase,False,2
158.0,2024-04-18,364,19,1.0,increase,True,3
223.0,2024-11-27,364,19,24.0,increase,False,4
121.0,2025-03-28,364,20,49.0,increase,True,5
70.0,2025-06-06,364,20,1.6,stable,True,6
,2020-07-30,365,19,,increase,,0
75.0,2020-10-13,365,19,,increase,,1
65.0,2020-12-17,365,19,,stable,,2
91.0,2021-03-18,365,19,1.5,stable,False,3
68.0,2021-05-25,365,20,1.0,stable,False,4
212.0,2021-12-23,365,20,0.0,increase,False,5
78.0,2022-03-11,365,21,1.25,stable,True,6
63.0,2022-05-13,365,21,0.0,increase,True,7
125.0,2022-09-15,365,21,-0.16666666666666666,increase,False,8
278.0,2023-06-20,365,22,0.3333333333333333,stable,False,9
182.0,2023-12-19,365,22,-0.15,stable,False,10
160.0,2024-05-27,365,23,-0.15,stable,False,11
203.0,2024-12-16,365,23,0.0,increase,False,12
92.0,2025-03-18,365,23,0.17647058823529413,stable,False,13
73.0,2025-05-30,365,24,0.17647058823529413,increase,False,14
,2020-11-26,366,17,,increase,,0
284.0,2021-09-06,366,18,4.0,increase,False,1
26.0,2021-10-02,366,17,2.5,increase,False,2
81.0,2021-12-22,366,18,4.0,increase,True,3
258.0,2022-09-06,366,19,0.3,stable,False,4
5.0,2022-09-11,366,19,0.3,stable,False,5
284.0,2023-06-22,366,20,0.0,increase,False,6
175.0,2023-12-14,366,20,0.5384615384615384,stable,False,7
167.0,2024-05-29,366,21,0.5384615384615384,stable,False,8
104.0,2024-09-10,366,21,-0.2,stable,False,9
101.0,2024-12-20,366,21,-0.2,loss,False,10
97.0,2025-03-27,366,21,-0.125,stable,False,11
40.0,2025-05-06,366,22,-0.25,stable,False,12
,2018-07-03,367,21,,increase,,0
34.0,2018-08-06,367,22,,increase,,1
35.0,2018-09-10,367,22,,increase,,2
104.0,2018-12-23,367,22,,stable,,3
180.0,2019-06-21,367,23,0.05555555555555555,increase,False,4
252.0,2020-02-28,367,23,0.8947368421052632,increase,True,5
101.0,2020-06-08,367,24,2.789473684210526,increase,True,6
57.0,2020-08-04,367,23,0.47368421052631576,increase,True,7
73.0,2020-10-16,367,24,1.0,increase,True,8
152.0,2021-03-17,367,24,3.2857142857142856,increase,True,9
15.0,2021-04-01,367,24,2.2142857142857144,increase,True,10
96.0,2021-07-06,367,25,1.2222222222222223,stable,False,11
10.0,2021-07-16,367,25,1.7777777777777777,loss,False,12
269.0,2022-04-11,367,26,-0.25,stable,False,13
45.0,2022-05-26,367,26,-0.4,stable,False,14
6.0,2022-06-01,367,25,-0.15,stable,False,15
186.0,2022-12-04,367,25,-0.17647058823529413,increase,False,16
108.0,2023-03-22,367,26,0.058823529411764705,stable,False,17
168.0,2023-09-06,367,27,0.2857142857142857,increase,False,18
104.0,2023-12-19,367,27,0.1111111111111111,increase,False,19
86.0,2024-03-14,367,27,0.6666666666666666,increase,True,20
74.0,2024-05-27,367,28,1.0,increase,True,21
53.0,2024-07-19,367,28,1.3,stable,True,22
150.0,2024-12-16,367,28,0.3888888888888889,stable,False,23
165.0,2025-05-30,367,29,0.08695652173913043,stable,False,24
,2016-01-08,368,19,,increase,,0
409.0,2017-02-20,368,20,1.0,increase,False,1
128.0,2017-06-28,368,20,1.0,increase,False,2
82.0,2017-09-18,368,20,0.5,increase,True,3
111.0,2018-01-07,368,21,3.0,increase,False,4
347.0,2018-12-20,368,22,0.625,increase,True,5
14.0,2019-01-03,368,22,1.125,stable,True,6
154.0,2019-06-06,368,22,1.5,stable,True,7
189.0,2019-12-12,368,23,0.0,stable,False,8
236.0,2020-08-04,368,23,-0.2,stable,False,9
21.0,2020-08-25,368,23,-0.3,stable,False,10
49.0,2020-10-13,368,24,-0.3,stable,True,11
156.0,2021-03-18,368,24,0.0,loss,True,12
141.0,2021-08-06,368,24,-0.14285714285714285,loss,False,13
144.0,2021-12-28,368,25,-0.21428571428571427,loss,True,14
77.0,2022-03-15,368,25,-0.3333333333333333,stable,True,15
113.0,2022-07-06,368,25,-0.36363636363636365,stable,False,16
128.0,2022-11-11,368,26,-0.125,stable,False,17
216.0,2023-06-15,368,26,0.0,increase,False,18
87.0,2023-09-10,368,27,0.42857142857142855,increase,True,19
100.0,2023-12-19,368,27,1.2857142857142858,increase,True,20
86.0,2024-03-14,368,27,1.0,increase,False,21
74.0,2024-05-27,368,27,1.4,stable,False,22
203.0,2024-12-16,368,28,0.16666666666666666,increase,False,23
92.0,2025-03-18,368,28,0.6666666666666666,stable,False,24
73.0,2025-05-30,368,28,0.8333333333333334,stable,False,25
,2022-06-23,369,19,,stable,,0
179.0,2022-12-19,369,19,,increase,,1
182.0,2023-06-19,369,20,0.25,stable,False,2
185.0,2023-12-21,369,20,-0.2,stable,False,3
180.0,2024-06-18,369,21,0.0,increase,False,4
122.0,2024-10-18,369,21,34.0,increase,True,5
61.0,2024-12-18,369,21,69.0,stable,True,6
181.0,2025-06-17,369,22,-0.14285714285714285,increase,False,7
87.0,2025-09-12,369,22,0.07142857142857142,stable,True,8
175.0,2026-03-06,369,23,0.25,stable,True,9
,2016-07-13,370,18,,increase,,0
177.0,2017-01-06,370,19,,stable,,1
10.0,2017-01-16,370,19,1.6666666666666667,stable,False,2
373.0,2018-01-24,370,20,0.0,increase,False,3
55.0,2018-03-20,370,20,6.5,increase,False,4
17.0,2018-04-06,370,20,11.5,increase,False,5
64.0,2018-06-09,370,20,17.75,increase,False,6
137.0,2018-10-24,370,20,1.0,stable,False,7
54.0,2018-12-17,370,21,0.3333333333333333,stable,False,8
79.0,2019-03-06,370,21,1.0,stable,False,9
119.0,2019-07-03,370,21,0.2,stable,False,10
169.0,2019-12-19,370,22,-0.06666666666666667,loss,False,11
85.0,2020-03-13,370,22,0.0,loss,False,12
144.0,2020-08-04,370,22,-0.32142857142857145,stable,False,13
71.0,2020-10-14,370,22,-0.20833333333333334,stable,True,14
178.0,2021-04-10,370,23,0.05263157894736842,increase,True,15
39.0,2021-05-19,370,23,-0.05263157894736842,increase,False,16
13.0,2021-06-01,370,23,0.10526315789473684,increase,False,17
289.0,2022-03-17,370,24,0.5238095238095238,increase,False,18
45.0,2022-05-01,370,24,0.3333333333333333,increase,False,19
97.0,2022-08-06,370,24,1.2857142857142858,increase,False,20
39.0,2022-09-14,370,24,1.0,stable,False,21
58.0,2022-11-11,370,24,1.5,stable,False,22
224.0,2023-06-23,370,25,0.0,stable,False,23
179.0,2023-12-19,370,26,-0.08571428571428572,stable,True,24
160.0,2024-05-27,370,26,-0.14285714285714285,stable,True,25
203.0,2024-12-16,370,27,-0.06666666666666667,loss,False,26
165.0,2025-05-30,370,27,-0.2,stable,False,27
,2017-09-10,371,19,,increase,,0
329.0,2018-08-05,371,19,5.666666666666667,increase,False,1
135.0,2018-12-18,371,20,11.5,increase,False,2
145.0,2019-05-12,371,21,3.375,stable,False,3
27.0,2019-06-08,371,21,2.125,increase,False,4
423.0,2020-08-04,371,21,0.24,loss,True,5
21.0,2020-08-25,371,22,0.12,loss,True,6
126.0,2020-12-29,371,22,-0.2,increase,True,7
67.0,2021-03-06,371,22,-0.2857142857142857,increase,False,8
297.0,2021-12-28,371,23,0.3,stable,False,9
190.0,2022-07-06,371,23,0.0,stable,False,10
128.0,2022-11-11,371,24,-0.07692307692307693,increase,False,11
130.0,2023-03-21,371,24,0.15384615384615385,stable,False,12
86.0,2023-06-15,371,24,0.4166666666666667,stable,False,13
187.0,2023-12-19,371,25,0.0,stable,True,14
160.0,2024-05-27,371,25,0.0,stable,True,15
203.0,2024-12-16,371,26,0.0,stable,False,16
165.0,2025-05-30,371,26,0.058823529411764705,stable,False,17
,2015-01-12,372,18,,increase,,0
80.0,2015-04-02,372,17,,increase,,1
78.0,2015-06-19,372,17,,increase,,2
346.0,2016-05-30,372,18,2.2,increase,False,3
11.0,2016-06-10,372,19,3.0,increase,True,4
195.0,2016-12-22,372,19,0.5,increase,False,5
46.0,2017-02-06,372,19,1.5,increase,False,6
360.0,2018-02-01,372,20,0.4,increase,False,7
57.0,2018-03-30,372,20,4.6,increase,False,8
76.0,2018-06-14,372,20,7.0,increase,False,9
188.0,2018-12-19,372,21,0.5,stable,False,10
77.0,2019-03-06,372,21,0.5,stable,False,11
286.0,2019-12-17,372,22,0.0,stable,True,12
231.0,2020-08-04,372,22,-0.2,increase,False,13
3.0,2020-08-07,372,22,0.13333333333333333,increase,False,14
293.0,2021-05-27,372,23,0.5882352941176471,stable,False,15
128.0,2021-10-02,372,23,0.29411764705882354,increase,False,16
81.0,2021-12-22,372,24,0.0,stable,False,17
258.0,2022-09-06,372,24,0.0,stable,False,18
5.0,2022-09-11,372,25,-0.18518518518518517,stable,True,19
10.0,2022-09-21,372,24,-0.18518518518518517,stable,True,20
274.0,2023-06-22,372,25,0.0,increase,False,21
118.0,2023-10-18,372,26,0.2727272727272727,stable,False,22
57.0,2023-12-14,372,26,0.2727272727272727,stable,False,23
167.0,2024-05-29,372,26,0.0,stable,False,24
205.0,2024-12-20,372,27,0.0,loss,False,25
97.0,2025-03-27,372,27,-0.35714285714285715,loss,False,26
40.0,2025-05-06,372,27,-0.6428571428571429,stable,False,27
,2019-06-28,373,21,,stable,,0
244.0,2020-02-27,373,22,0.0,increase,False,1
159.0,2020-08-04,373,22,-0.2,increase,False,2
72.0,2020-10-15,373,22,0.5,increase,False,3
258.0,2021-06-30,373,23,0.6666666666666666,increase,False,4
95.0,2021-10-03,373,23,0.6666666666666666,increase,False,5
52.0,2021-11-24,373,24,1.0,increase,False,6
107.0,2022-03-11,373,24,2.2,stable,False,7
63.0,2022-05-13,373,24,0.6,increase,False,8
125.0,2022-09-15,373,24,0.0,increase,False,9
278.0,2023-06-20,373,25,0.375,stable,False,10
182.0,2023-12-19,373,26,0.09090909090909091,stable,False,11
160.0,2024-05-27,373,26,0.09090909090909091,stable,False,12
203.0,2024-12-16,373,27,0.08333333333333333,loss,False,13
165.0,2025-05-30,373,27,0.0,loss,False,14
105.0,2025-09-12,373,28,-0.23076923076923078,stable,False,15
175.0,2026-03-06,373,28,-0.4166666666666667,stable,False,16
,2018-08-13,374,18,,increase,,0
128.0,2018-12-19,374,18,,increase,,1
135.0,2019-05-03,374,19,4.0,increase,False,2
41.0,2019-06-13,374,19,7.0,stable,False,3
121.0,2019-10-12,374,19,1.6666666666666667,stable,False,4
297.0,2020-08-04,374,20,-0.1,stable,False,5
72.0,2020-10-15,374,20,-0.25,stable,True,6
154.0,2021-03-18,374,21,-0.16666666666666666,increase,False,7
141.0,2021-08-06,374,21,0.16666666666666666,increase,True,8
110.0,2021-11-24,374,21,0.5,increase,True,9
107.0,2022-03-11,374,22,2.5714285714285716,stable,True,10
63.0,2022-05-13,374,22,0.5714285714285714,increase,True,11
125.0,2022-09-15,374,22,0.0,stable,False,12
182.0,2023-03-16,374,23,0.2,increase,False,13
96.0,2023-06-20,374,23,0.6,stable,False,14
182.0,2023-12-19,374,23,0.0,stable,False,15
160.0,2024-05-27,374,24,0.0,stable,False,16
203.0,2024-12-16,374,24,0.0,increase,False,17
92.0,2025-03-18,374,25,0.25,increase,False,18
73.0,2025-05-30,374,25,0.25,increase,False,19
105.0,2025-09-12,374,25,0.625,stable,False,20
35.0,2025-10-17,374,25,0.3,stable,False,21
140.0,2026-03-06,374,26,0.4,stable,False,22
,2021-05-10,375,18,,increase,,0
323.0,2022-03-29,375,19,5.0,increase,False,1
169.0,2022-09-14,375,19,7.0,increase,True,2
43.0,2022-10-27,375,20,0.6666666666666666,increase,True,3
71.0,2023-01-06,375,20,3.0,stable,True,4
77.0,2023-03-24,375,20,0.5,increase,False,5
270.0,2023-12-19,375,21,1.0,stable,False,6
160.0,2024-05-27,375,21,1.0,stable,False,7
203.0,2024-12-16,375,22,0.16666666666666666,increase,True,8
92.0,2025-03-18,375,22,0.5,increase,True,9
73.0,2025-05-30,375,22,0.6666666666666666,stable,True,10
105.0,2025-09-12,375,23,0.6428571428571429,stable,True,11
35.0,2025-10-17,375,22,0.3888888888888889,stable,True,12
140.0,2026-03-06,375,23,-0.1,stable,True,13
,2019-02-15,376,18,,increase,,0
118.0,2019-06-13,376,18,,stable,,1
121.0,2019-10-12,376,19,0.4,stable,False,2
297.0,2020-08-04,376,19,-0.1,stable,False,3
70.0,2020-10-13,376,19,0.0,stable,False,4
156.0,2021-03-18,376,20,0.1111111111111111,stable,False,5
141.0,2021-08-06,376,20,-0.08571428571428572,stable,False,6
139.0,2021-12-23,376,21,-0.08571428571428572,loss,False,7
96.0,2022-03-29,376,21,-0.0625,loss,False,8
78.0,2022-06-15,376,21,-0.21875,loss,False,9
88.0,2022-09-11,376,22,-0.21875,loss,True,10
199.0,2023-03-29,376,22,-0.32,loss,False,11
85.0,2023-06-22,376,22,-0.4,stable,False,12
80.0,2023-09-10,376,22,-0.52,increase,True,13
100.0,2023-12-19,376,23,-0.2,increase,True,14
22.0,2024-01-10,376,23,0.4666666666666667,stable,True,15
64.0,2024-03-14,376,23,0.25,increase,False,16
74.0,2024-05-27,376,23,0.5,increase,False,17
203.0,2024-12-16,376,24,0.3333333333333333,increase,False,18
165.0,2025-05-30,376,24,0.3888888888888889,stable,False,19
,2019-04-06,377,18,,increase,,0
95.0,2019-07-10,377,18,,stable,,1
327.0,2020-06-01,377,19,0.0,increase,False,2
60.0,2020-07-31,377,19,0.3,increase,False,3
4.0,2020-08-04,377,19,-0.1,increase,False,4
72.0,2020-10-15,377,19,1.0,increase,True,5
222.0,2021-05-25,377,20,1.0,stable,False,6
37.0,2021-07-01,377,20,1.0,stable,False,7
243.0,2022-03-01,377,21,0.0,stable,True,8
158.0,2022-08-06,377,21,0.0,stable,True,9
66.0,2022-10-11,377,22,-0.125,stable,False,10
268.0,2023-07-06,377,22,0.0,increase,False,11
127.0,2023-11-10,377,22,1.4285714285714286,increase,True,12
40.0,2023-12-20,377,23,1.8571428571428572,increase,True,13
138.0,2024-05-06,377,23,3.0,increase,True,14
73.0,2024-07-18,377,23,1.2,increase,False,15
153.0,2024-12-18,377,24,0.7857142857142857,increase,False,16
181.0,2025-06-17,377,24,0.4,stable,False,17
87.0,2025-09-12,377,25,0.6,stable,True,18
35.0,2025-10-17,377,24,0.6,stable,True,19
140.0,2026-03-06,377,25,-0.08571428571428572,stable,True,20
,2020-10-13,378,17,,increase,,0
610.0,2022-06-15,378,19,0.5,increase,False,1
91.0,2022-09-14,378,19,6.0,stable,True,2
43.0,2022-10-27,378,19,6.0,stable,True,3
71.0,2023-01-06,378,20,2.3333333333333335,increase,True,4
294.0,2023-10-27,378,20,0.4,stable,True,5
55.0,2023-12-21,378,20,0.6,increase,True,6
20.0,2024-01-10,378,21,2.0,increase,True,7
135.0,2024-05-24,378,21,0.14285714285714285,increase,False,8
206.0,2024-12-16,378,21,2.125,increase,True,9
92.0,2025-03-18,378,22,3.375,stable,True,10
73.0,2025-05-30,378,22,4.0,loss,True,11
105.0,2025-09-12,378,22,0.4,stable,True,12
175.0,2026-03-06,378,23,-0.3,stable,True,13
,2020-02-20,379,18,,stable,,0
52.0,2020-04-12,379,19,,stable,,1
114.0,2020-08-04,379,19,,increase,,2
36.0,2020-09-09,379,19,0.05555555555555555,increase,False,3
260.0,2021-05-27,379,20,4.2631578947368425,loss,True,4
182.0,2021-11-25,379,20,-0.4,loss,False,5
174.0,2022-05-18,379,21,-0.7,increase,False,6
211.0,2022-12-15,379,21,0.3333333333333333,stable,False,7
167.0,2023-05-31,379,22,0.3333333333333333,stable,False,8
193.0,2023-12-10,379,22,0.0,stable,False,9
87.0,2024-03-06,379,23,0.25,increase,False,10
150.0,2024-08-03,379,23,-0.1,increase,False,11
40.0,2024-09-12,379,23,5.0,stable,True,12
15.0,2024-09-27,379,23,1.4,increase,True,13
252.0,2025-06-06,379,24,1.5,increase,False,14
98.0,2025-09-12,379,24,2.3333333333333335,stable,True,15
35.0,2025-10-17,379,24,2.3333333333333335,stable,True,16
140.0,2026-03-06,379,25,0.6666666666666666,stable,True,17
,2020-03-08,380,18,,increase,,0
221.0,2020-10-15,380,18,1.0,increase,True,1
173.0,2021-04-06,380,19,9.0,stable,True,2
86.0,2021-07-01,380,18,2.0,increase,False,3
65.0,2021-09-04,380,19,4.0,increase,False,4
103.0,2021-12-16,380,19,0.2,increase,False,5
57.0,2022-02-11,380,20,3.1666666666666665,stable,True,6
108.0,2022-05-30,380,20,0.8,increase,False,7
112.0,2022-09-19,380,20,-0.2,stable,False,8
281.0,2023-06-27,380,21,0.1,stable,False,9
174.0,2023-12-18,380,21,0.0,stable,False,10
79.0,2024-03-06,380,22,-0.09090909090909091,stable,False,11
220.0,2024-10-12,380,22,0.0,increase,False,12
145.0,2025-03-06,380,23,0.1,stable,False,13
190.0,2025-09-12,380,23,0.13636363636363635,stable,True,14
35.0,2025-10-17,380,23,0.36363636363636365,stable,True,15
,2009-06-09,381,17,,increase,,0
173.0,2009-11-29,381,17,,increase,,1
232.0,2010-07-19,381,18,0.25,stable,False,2
385.0,2011-08-08,381,19,0.0,increase,True,3
321.0,2012-06-24,381,20,0.3333333333333333,increase,True,4
224.0,2013-02-03,381,21,0.5,increase,True,5
277.0,2013-11-07,381,21,0.3333333333333333,loss,False,6
267.0,2014-08-01,381,22,-0.35,increase,False,7
129.0,2014-12-08,381,22,-0.375,increase,False,8
290.0,2015-09-24,381,23,1.0,stable,True,9
69.0,2015-12-02,381,23,-0.2,increase,False,10
38.0,2016-01-09,381,24,1.4,increase,True,11
102.0,2016-04-20,381,24,0.0,increase,False,12
313.0,2017-02-27,381,25,1.4,increase,False,13
238.0,2017-10-23,381,25,1.0,increase,True,14
101.0,2018-02-01,381,26,1.0,increase,True,15
116.0,2018-05-28,381,26,0.5,stable,False,16
205.0,2018-12-19,381,27,0.0,stable,False,17
176.0,2019-06-13,381,27,0.0,stable,False,18
121.0,2019-10-12,381,28,0.0,stable,False,19
297.0,2020-08-04,381,28,-0.19444444444444445,loss,False,20
70.0,2020-10-13,381,28,-0.3333333333333333,loss,False,21
156.0,2021-03-18,381,29,-0.4482758620689655,loss,False,22
141.0,2021-08-06,381,29,-0.3333333333333333,increase,False,23
139.0,2021-12-23,381,30,-0.25,increase,False,24
78.0,2022-03-11,381,30,0.25,stable,True,25
18.0,2022-03-29,381,30,0.25,stable,True,26
78.0,2022-06-15,381,30,0.25,stable,True,27
370.0,2023-06-20,381,31,-0.2,stable,True,28
182.0,2023-12-19,381,32,-0.125,stable,False,29
160.0,2024-05-27,381,32,-0.125,stable,False,30
203.0,2024-12-16,381,33,0.0,stable,False,31
92.0,2025-03-18,381,33,0.42857142857142855,loss,False,32
73.0,2025-05-30,381,33,0.42857142857142855,loss,False,33
105.0,2025-09-12,381,34,0.14285714285714285,loss,False,34
175.0,2026-03-06,381,34,-0.5,stable,False,35
,2021-04-10,382,18,,stable,,0
386.0,2022-05-01,382,18,0.0,stable,False,1
97.0,2022-08-06,382,19,0.0,stable,False,2
97.0,2022-11-11,382,19,0.0,stable,False,3
224.0,2023-06-23,382,20,0.0,increase,False,4
116.0,2023-10-17,382,20,4.333333333333333,increase,False,5
59.0,2023-12-15,382,20,4.333333333333333,increase,False,6
168.0,2024-05-31,382,21,0.5,increase,False,7
136.0,2024-10-14,382,21,1.5,increase,False,8
64.0,2024-12-17,382,21,1.5,increase,False,9
101.0,2025-03-28,382,22,3.1666666666666665,increase,False,10
61.0,2025-05-28,382,22,3.0,increase,False,11
107.0,2025-09-12,382,22,11.0,increase,True,12
35.0,2025-10-17,382,22,3.8,increase,True,13
140.0,2026-03-06,382,23,6.0,stable,True,14
,2021-09-06,383,18,,increase,,0
11.0,2021-09-17,383,18,,increase,,1
91.0,2021-12-17,383,18,,increase,,2
189.0,2022-06-24,383,19,1.0,stable,True,3
368.0,2023-06-27,383,20,0.0,increase,True,4
46.0,2023-08-12,383,20,1.0,stable,True,5
483.0,2024-12-07,383,21,0.0,increase,True,6
20.0,2024-12-27,383,21,0.0,increase,False,7
173.0,2025-06-18,383,22,0.5,increase,True,8
154.0,2025-11-19,383,22,1.5,increase,False,9
107.0,2026-03-06,383,23,9.0,stable,True,10
,2010-02-28,384,19,,increase,,0
152.0,2010-07-30,384,20,,increase,,1
1152.0,2013-09-24,384,23,4.0,stable,True,2
39.0,2013-11-02,384,22,2.0,increase,False,3
74.0,2014-01-15,384,23,4.0,stable,True,4
405.0,2015-02-24,384,24,0.0,stable,False,5
212.0,2015-09-24,384,25,0.0,stable,False,6
413.0,2016-11-10,384,26,0.0,increase,True,7
162.0,2017-04-21,384,26,0.4,increase,True,8
312.0,2018-02-27,384,27,0.42857142857142855,stable,False,9
209.0,2018-09-24,384,28,0.0,loss,False,10
277.0,2019-06-28,384,29,-0.3,stable,False,11
106.0,2019-10-12,384,29,0.0,stable,False,12
297.0,2020-08-04,384,29,-0.2,stable,False,13
70.0,2020-10-13,384,30,-0.2,stable,False,14
156.0,2021-03-18,384,30,0.0,increase,False,15
141.0,2021-08-06,384,31,0.0,stable,False,16
110.0,2021-11-24,384,31,0.25,loss,True,17
170.0,2022-05-13,384,31,0.0,loss,True,18
167.0,2022-10-27,384,32,-0.4,loss,False,19
71.0,2023-01-06,384,33,-0.25,loss,False,20
349.0,2023-12-21,384,33,-0.3333333333333333,loss,False,21
155.0,2024-05-24,384,34,-0.3333333333333333,loss,False,22
220.0,2024-12-30,384,34,-0.25,loss,True,23
148.0,2025-05-27,384,35,-0.25,loss,True,24
,2017-03-03,385,18,,increase,,0
19.0,2017-03-22,385,18,,increase,,1
89.0,2017-06-19,385,18,,increase,,2
192.0,2017-12-28,385,19,2.0,increase,False,3
97.0,2018-04-04,385,19,5.0,loss,False,4
32.0,2018-05-06,385,19,5.0,loss,False,5
226.0,2018-12-18,385,20,-0.25,increase,False,6
139.0,2019-05-06,385,20,0.3333333333333333,loss,False,7
28.0,2019-06-03,385,20,0.0,stable,False,8
131.0,2019-10-12,385,21,0.5555555555555556,stable,True,9
297.0,2020-08-04,385,21,-0.1,loss,False,10
66.0,2020-10-09,385,21,-0.2857142857142857,stable,True,11
250.0,2021-06-16,385,22,0.0,stable,False,12
47.0,2021-08-02,385,22,0.0,increase,False,13
8.0,2021-08-10,385,23,0.1,increase,True,14
128.0,2021-12-16,385,23,0.1,increase,True,15
57.0,2022-02-11,385,24,1.5454545454545454,loss,False,16
40.0,2022-03-23,385,23,0.2727272727272727,increase,False,17
68.0,2022-05-30,385,23,0.6363636363636364,increase,False,18
112.0,2022-09-19,385,24,0.5714285714285714,increase,False,19
189.0,2023-03-27,385,24,0.45454545454545453,increase,False,20
92.0,2023-06-27,385,24,1.0,stable,False,21
174.0,2023-12-18,385,25,0.375,stable,False,22
79.0,2024-03-06,385,25,0.13636363636363635,stable,False,23
13.0,2024-03-19,385,25,0.13636363636363635,stable,False,24
207.0,2024-10-12,385,26,0.0,stable,False,25
230.0,2025-05-30,385,26,0.0,stable,True,26
105.0,2025-09-12,385,27,-0.12,stable,True,27
175.0,2026-03-06,385,27,-0.2,stable,False,28
,2021-11-24,386,22,,increase,,0
170.0,2022-05-13,386,22,,increase,,1
124.0,2022-09-14,386,22,0.25,increase,True,2
43.0,2022-10-27,386,23,0.25,increase,True,3
71.0,2023-01-06,386,23,0.25,increase,True,4
349.0,2023-12-21,386,24,0.52,stable,False,5
155.0,2024-05-24,386,24,0.6,stable,False,6
220.0,2024-12-30,386,25,0.0,increase,False,7
148.0,2025-05-27,386,25,1.0,increase,False,8
108.0,2025-09-12,386,26,3.0,increase,False,9
35.0,2025-10-17,386,26,1.5,increase,False,10
140.0,2026-03-06,386,26,1.5,stable,False,11
,2017-09-10,387,20,,increase,,0
329.0,2018-08-05,387,21,0.5,stable,False,1
135.0,2018-12-18,387,21,0.5,stable,True,2
204.0,2019-07-10,387,22,0.0,increase,True,3
327.0,2020-06-01,387,23,1.7777777777777777,increase,False,4
60.0,2020-07-31,387,23,2.3333333333333335,increase,False,5
4.0,2020-08-04,387,23,1.2222222222222223,increase,False,6
114.0,2020-11-26,387,23,6.222222222222222,loss,True,7
125.0,2021-03-31,387,24,1.25,increase,True,8
159.0,2021-09-06,387,24,-0.3076923076923077,increase,False,9
26.0,2021-10-02,387,24,0.4444444444444444,loss,False,10
11.0,2021-10-13,387,24,0.3333333333333333,loss,True,11
78.0,2021-12-30,387,25,0.5555555555555556,loss,True,12
66.0,2022-03-06,387,25,1.2222222222222223,loss,True,13
127.0,2022-07-11,387,25,-0.42857142857142855,stable,True,14
74.0,2022-09-23,387,25,-0.3,loss,True,15
263.0,2023-06-13,387,26,-0.42857142857142855,loss,False,16
122.0,2023-10-13,387,26,-0.5714285714285714,increase,False,17
70.0,2023-12-22,387,26,-0.25,increase,False,18
197.0,2024-07-06,387,27,0.6666666666666666,increase,False,19
174.0,2024-12-27,387,28,0.6666666666666666,increase,False,20
84.0,2025-03-21,387,28,0.6,increase,False,21
169.0,2025-09-06,387,28,0.6,increase,False,22
6.0,2025-09-12,387,28,1.4,increase,True,23
35.0,2025-10-17,387,28,0.25,increase,True,24
140.0,2026-03-06,387,29,0.625,stable,True,25
,2016-05-08,388,21,,increase,,0
2244.0,2022-06-30,388,27,7.0,stable,True,1
119.0,2022-10-27,388,27,7.0,increase,True,2
71.0,2023-01-06,388,28,0.0,increase,False,3
349.0,2023-12-21,388,29,0.5,stable,False,4
155.0,2024-05-24,388,29,0.5,stable,False,5
220.0,2024-12-30,388,30,-0.16666666666666666,stable,False,6
148.0,2025-05-27,388,30,-0.16666666666666666,loss,False,7
108.0,2025-09-12,388,31,-0.13333333333333333,loss,False,8
175.0,2026-03-06,388,31,-0.5333333333333333,increase,False,9
,2021-12-23,389,20,,increase,,0
174.0,2022-06-15,389,21,,increase,,1
134.0,2022-10-27,389,21,1.5,stable,True,2
71.0,2023-01-06,389,22,1.4,stable,True,3
349.0,2023-12-21,389,22,-0.16666666666666666,stable,False,4
155.0,2024-05-24,389,23,-0.16666666666666666,stable,False,5
220.0,2024-12-30,389,23,0.0,stable,False,6
148.0,2025-05-27,389,24,0.0,loss,False,7
108.0,2025-09-12,389,24,0.0,loss,False,8
,2025-08-26,390,19,,increase,,0
,2016-03-14,391,22,,increase,,0
200.0,2016-09-30,391,22,5.0,increase,False,1
273.0,2017-06-30,391,23,0.3333333333333333,increase,False,2
40.0,2017-08-09,391,23,0.3333333333333333,increase,True,3
198.0,2018-02-23,391,24,0.25,increase,False,4
126.0,2018-06-29,391,24,1.125,increase,False,5
250.0,2019-03-06,391,25,0.4117647058823529,increase,True,6
205.0,2019-09-27,391,25,2.3333333333333335,stable,False,7
35.0,2019-11-01,391,24,0.0,increase,True,8
48.0,2019-12-19,391,25,4.0,stable,False,9
80.0,2020-03-08,391,26,4.0,stable,False,10
149.0,2020-08-04,391,26,-0.2,increase,False,11
72.0,2020-10-15,391,26,0.0,increase,False,12
173.0,2021-04-06,391,27,2.75,stable,False,13
126.0,2021-08-10,391,27,1.3333333333333333,increase,False,14
25.0,2021-09-04,391,27,1.0,increase,False,15
103.0,2021-12-16,391,27,0.1111111111111111,increase,False,16
80.0,2022-03-06,391,28,2.6666666666666665,stable,True,17
15.0,2022-03-21,391,28,1.5,increase,True,18
112.0,2022-07-11,391,28,1.5,stable,True,19
74.0,2022-09-23,391,28,0.6666666666666666,stable,False,20
263.0,2023-06-13,391,29,0.0,loss,False,21
122.0,2023-10-13,391,29,-0.2,loss,False,22
70.0,2023-12-22,391,29,-0.36,loss,False,23
90.0,2024-03-21,391,30,-0.52,loss,False,24
107.0,2024-07-06,391,30,-0.4375,loss,False,25
174.0,2024-12-27,391,30,-0.3333333333333333,loss,False,26
253.0,2025-09-06,391,31,-0.375,stable,False,27
,2021-09-27,392,19,,increase,,0
276.0,2022-06-30,392,20,0.42857142857142855,increase,True,1
119.0,2022-10-27,392,20,1.0,increase,True,2
71.0,2023-01-06,392,21,6.2,increase,False,3
349.0,2023-12-21,392,21,1.7777777777777777,increase,False,4
155.0,2024-05-24,392,22,2.888888888888889,increase,False,5
220.0,2024-12-30,392,22,0.21428571428571427,increase,False,6
88.0,2025-03-28,392,23,0.42857142857142855,increase,False,7
60.0,2025-05-27,392,23,0.7142857142857143,increase,False,8
108.0,2025-09-12,392,23,1.1176470588235294,increase,False,9
35.0,2025-10-17,392,23,0.5,increase,False,10
140.0,2026-03-06,392,24,0.8333333333333334,stable,False,11
,2015-06-09,393,17,,increase,,0
298.0,2016-04-02,393,18,4.0,increase,False,1
102.0,2016-07-13,393,18,7.0,increase,False,2
177.0,2017-01-06,393,19,2.0,increase,True,3
10.0,2017-01-16,393,19,0.875,increase,True,4
328.0,2017-12-10,393,19,1.0,increase,False,5
45.0,2018-01-24,393,20,3.6666666666666665,increase,False,6
55.0,2018-03-20,393,20,4.333333333333333,increase,False,7
17.0,2018-04-06,393,20,8.333333333333334,stable,False,8
256.0,2018-12-18,393,21,0.0,increase,True,9
54.0,2019-02-10,393,21,0.5714285714285714,stable,True,10
85.0,2019-05-06,393,21,0.07142857142857142,increase,True,11
225.0,2019-12-17,393,22,0.6666666666666666,stable,False,12
231.0,2020-08-04,393,22,-0.2,increase,False,13
43.0,2020-09-16,393,22,-0.08,stable,False,14
355.0,2021-09-06,393,23,0.08695652173913043,stable,False,15
26.0,2021-10-02,393,23,0.0,stable,False,16
81.0,2021-12-22,393,24,0.08695652173913043,stable,False,17
51.0,2022-02-11,393,25,-0.13043478260869565,stable,True,18
207.0,2022-09-06,393,24,0.0,stable,True,19
294.0,2023-06-27,393,25,-0.1,loss,True,20
111.0,2023-10-16,393,25,-0.3,loss,True,21
63.0,2023-12-18,393,26,-0.4,stable,True,22
79.0,2024-03-06,393,26,-0.4444444444444444,stable,False,23
13.0,2024-03-19,393,26,-0.4444444444444444,stable,False,24
276.0,2024-12-20,393,27,0.0,increase,True,25
137.0,2025-05-06,393,27,0.0,increase,True,26
129.0,2025-09-12,393,28,0.5,stable,True,27
175.0,2026-03-06,393,28,0.6,stable,True,28
,2011-01-25,394,19,,increase,,0
317.0,2011-12-08,394,19,1.3333333333333333,increase,True,1
145.0,2012-05-01,394,20,4.0,increase,True,2
168.0,2012-10-16,394,21,1.8571428571428572,stable,False,3
252.0,2013-06-25,394,21,0.1,increase,False,4
368.0,2014-06-28,394,22,0.5909090909090909,increase,False,5
96.0,2014-10-02,394,22,0.5909090909090909,increase,False,6
173.0,2015-03-24,394,23,0.2857142857142857,increase,False,7
92.0,2015-06-24,394,23,0.7142857142857143,stable,False,8
7.0,2015-07-01,394,23,0.0,increase,False,9
113.0,2015-10-22,394,24,0.5555555555555556,stable,False,10
76.0,2016-01-06,394,24,0.7142857142857143,stable,False,11
99.0,2016-04-14,394,24,0.7142857142857143,increase,False,12
79.0,2016-07-02,394,24,0.0,increase,False,13
11.0,2016-07-13,394,24,0.0,increase,True,14
177.0,2017-01-06,394,25,0.2857142857142857,increase,True,15
10.0,2017-01-16,394,25,0.25,increase,False,16
373.0,2018-01-24,394,26,1.0,increase,False,17
72.0,2018-04-06,394,26,1.0,increase,False,18
201.0,2018-10-24,394,27,0.6666666666666666,stable,False,19
54.0,2018-12-17,394,27,1.3333333333333333,stable,False,20
79.0,2019-03-06,394,27,1.0,stable,False,21
288.0,2019-12-19,394,28,0.0,stable,False,22
229.0,2020-08-04,394,28,-0.2,loss,False,23
114.0,2020-11-26,394,29,-0.4,loss,True,24
125.0,2021-03-31,394,29,-0.5,increase,True,25
56.0,2021-05-26,394,29,-0.3333333333333333,loss,False,26
129.0,2021-10-02,394,29,0.5,loss,False,27
81.0,2021-12-22,394,30,-0.25,loss,False,28
258.0,2022-09-06,394,30,-0.2777777777777778,loss,False,29
5.0,2022-09-11,394,31,-0.2777777777777778,loss,False,30
284.0,2023-06-22,394,31,-0.23076923076923078,loss,False,31
118.0,2023-10-18,394,32,-0.5384615384615384,stable,False,32
57.0,2023-12-14,394,32,-0.6153846153846154,stable,False,33
92.0,2024-03-15,394,32,-0.5,stable,True,34
77.0,2024-05-31,394,32,-0.16666666666666666,stable,True,35
134.0,2024-10-12,394,33,-0.2,stable,True,36
145.0,2025-03-06,394,33,-0.2,stable,True,37
,2010-05-07,395,17,,increase,,0
141.0,2010-09-25,395,17,,increase,,1
88.0,2010-12-22,395,18,7.0,increase,False,2
86.0,2011-03-18,395,18,14.0,increase,False,3
89.0,2011-06-15,395,18,6.5,increase,False,4
183.0,2011-12-15,395,19,0.6666666666666666,increase,False,5
167.0,2012-05-30,395,19,4.666666666666667,stable,False,6
124.0,2012-10-01,395,19,1.4,increase,False,7
104.0,2013-01-13,395,20,-0.058823529411764705,increase,True,8
168.0,2013-06-30,395,20,0.25,increase,True,9
464.0,2014-10-07,395,21,0.3333333333333333,increase,False,10
56.0,2014-12-02,395,21,0.3333333333333333,increase,False,11
36.0,2015-01-07,395,22,1.6666666666666667,increase,False,12
85.0,2015-04-02,395,22,0.7333333333333333,increase,False,13
279.0,2016-01-06,395,23,1.6923076923076923,stable,False,14
2.0,2016-01-08,395,23,1.6923076923076923,stable,True,15
38.0,2016-02-15,395,23,0.9230769230769231,increase,False,16
371.0,2017-02-20,395,24,0.4,stable,True,17
128.0,2017-06-28,395,24,0.4,stable,True,18
218.0,2018-02-01,395,25,0.0,increase,False,19
116.0,2018-05-28,395,25,0.14285714285714285,increase,False,20
205.0,2018-12-19,395,26,0.25,loss,False,21
176.0,2019-06-13,395,26,0.125,loss,False,22
121.0,2019-10-12,395,27,-0.4,stable,False,23
58.0,2019-12-09,395,26,-0.2,loss,False,24
239.0,2020-08-04,395,27,-0.4,stable,False,25
70.0,2020-10-13,395,28,-0.3,loss,False,26
65.0,2020-12-17,395,28,-0.375,stable,False,27
91.0,2021-03-18,395,28,-0.08333333333333333,stable,False,28
68.0,2021-05-25,395,28,-0.21428571428571427,stable,False,29
212.0,2021-12-23,395,29,-0.09090909090909091,increase,False,30
78.0,2022-03-11,395,30,0.2727272727272727,stable,False,31
96.0,2022-06-15,395,29,-0.09090909090909091,stable,False,32
92.0,2022-09-15,395,29,-0.10714285714285714,stable,False,33
278.0,2023-06-20,395,30,-0.2,stable,False,34
177.0,2023-12-14,395,31,-0.2,stable,True,35
167.0,2024-05-29,395,31,0.0,stable,True,36
205.0,2024-12-20,395,32,-0.15,loss,False,37
137.0,2025-05-06,395,32,-0.4,loss,False,38
,2025-01-10,396,19,,loss,,0
,2021-08-10,397,17,,increase,,0
128.0,2021-12-16,397,17,,increase,,1
57.0,2022-02-11,397,18,9.0,stable,True,2
47.0,2022-03-30,397,18,0.0,increase,False,3
61.0,2022-05-30,397,18,1.0,increase,False,4
112.0,2022-09-19,397,18,0.0,increase,False,5
189.0,2023-03-27,397,19,0.3333333333333333,increase,False,6
92.0,2023-06-27,397,19,2.3333333333333335,increase,False,7
111.0,2023-10-16,397,19,3.5,stable,False,8
63.0,2023-12-18,397,19,3.5,stable,False,9
79.0,2024-03-06,397,20,0.8,stable,False,10
126.0,2024-07-10,397,20,0.1111111111111111,stable,False,11
94.0,2024-10-12,397,20,0.1111111111111111,increase,False,12
145.0,2025-03-06,397,21,0.0,increase,False,13
,2022-04-11,398,17,,increase,,0
89.0,2022-07-09,398,17,,increase,,1
11.0,2022-07-20,398,17,,increase,,2
413.0,2023-09-06,398,18,4.0,increase,False,3
47.0,2023-10-23,398,18,5.25,increase,True,4
57.0,2023-12-19,398,19,6.5,increase,True,5
53.0,2024-02-10,398,19,16.5,stable,True,6
41.0,2024-03-22,398,19,1.5,increase,True,7
15.0,2024-04-06,398,19,1.5,increase,True,8
220.0,2024-11-12,398,19,0.6,increase,False,9
134.0,2025-03-26,398,20,1.0,increase,False,10
170.0,2025-09-12,398,20,2.125,stable,True,11
35.0,2025-10-17,398,20,0.7,increase,True,12
50.0,2025-12-06,398,20,0.2,increase,False,13
90.0,2026-03-06,398,21,2.5,stable,True,14
,2019-09-30,399,19,,increase,,0
245.0,2020-06-01,399,19,1.9166666666666667,increase,False,1
64.0,2020-08-04,399,20,1.6666666666666667,increase,False,2
10.0,2020-08-14,399,20,4.0,increase,False,3
62.0,2020-10-15,399,20,6.5,stable,False,4
173.0,2021-04-06,399,21,0.6666666666666666,stable,False,5
86.0,2021-07-01,399,20,0.1111111111111111,increase,False,6
168.0,2021-12-16,399,21,0.0,increase,False,7
57.0,2022-02-11,399,22,1.4,loss,False,8
108.0,2022-05-30,399,22,0.2,increase,False,9
112.0,2022-09-19,399,22,-0.25,increase,False,10
189.0,2023-03-27,399,23,0.6666666666666666,increase,False,11
92.0,2023-06-27,399,23,1.2222222222222223,stable,False,12
174.0,2023-12-18,399,23,0.3333333333333333,stable,True,13
79.0,2024-03-06,399,24,-0.1,stable,True,14
226.0,2024-10-18,399,24,0.1111111111111111,stable,True,15
61.0,2024-12-18,399,24,0.0,stable,True,16
160.0,2025-05-27,399,25,-0.1,increase,True,17
108.0,2025-09-12,399,25,0.1111111111111111,increase,True,18
35.0,2025-10-17,399,25,0.1111111111111111,increase,True,19
140.0,2026-03-06,399,26,0.5555555555555556,stable,False,20
,2014-03-28,400,18,,increase,,0
166.0,2014-09-10,400,19,,increase,,1
170.0,2015-02-27,400,19,2.0,stable,False,2
209.0,2015-09-24,400,20,0.0,increase,False,3
107.0,2016-01-09,400,21,2.3333333333333335,stable,False,4
102.0,2016-04-20,400,21,2.3333333333333335,stable,False,5
313.0,2017-02-27,400,21,0.0,stable,False,6
203.0,2017-09-18,400,22,0.0,stable,False,7
371.0,2018-09-24,400,23,0.0,increase,False,8
156.0,2019-02-27,400,23,3.0,increase,False,9
121.0,2019-06-28,400,24,7.0,stable,False,10
244.0,2020-02-27,400,24,0.0,stable,False,11
159.0,2020-08-04,400,24,-0.2,increase,False,12
72.0,2020-10-15,400,25,-0.2,increase,False,13
258.0,2021-06-30,400,26,0.25,stable,False,14
95.0,2021-10-03,400,25,0.25,stable,False,15
52.0,2021-11-24,400,26,0.09375,stable,False,16
170.0,2022-05-13,400,27,-0.125,stable,False,17
167.0,2022-10-27,400,27,-0.08571428571428572,stable,False,18
71.0,2023-01-06,400,28,-0.08571428571428572,stable,False,19
349.0,2023-12-21,400,28,0.0,stable,False,20
155.0,2024-05-24,400,29,-0.0625,stable,False,21
220.0,2024-12-30,400,29,-0.06666666666666667,loss,True,22
72.0,2025-03-12,400,30,-0.3333333333333333,stable,True,23
76.0,2025-05-27,400,30,-0.26666666666666666,stable,True,24
,2021-06-25,401,17,,increase,,0
124.0,2021-10-27,401,18,,increase,,1
61.0,2021-12-27,401,18,3.6666666666666665,increase,True,2
41.0,2022-02-06,401,18,3.6666666666666665,increase,True,3
220.0,2022-09-14,401,19,0.42857142857142855,increase,True,4
43.0,2022-10-27,401,19,0.42857142857142855,increase,True,5
71.0,2023-01-06,401,19,1.8571428571428572,increase,True,6
349.0,2023-12-21,401,20,0.5,increase,False,7
155.0,2024-05-24,401,20,1.0,stable,False,8
220.0,2024-12-30,401,21,0.0,loss,False,9
38.0,2025-02-06,401,21,-0.375,stable,True,10
,2023-10-27,402,16,,stable,,0
55.0,2023-12-21,402,16,,increase,,1
155.0,2024-05-24,402,16,0.0,increase,False,2
123.0,2024-09-24,402,17,29.0,increase,False,3
97.0,2024-12-30,402,17,39.0,increase,False,4
88.0,2025-03-28,402,17,0.7777777777777778,increase,False,5
60.0,2025-05-27,402,17,1.2222222222222223,increase,False,6
,2022-04-11,403,17,,increase,,0
89.0,2022-07-09,403,17,,increase,,1
11.0,2022-07-20,403,17,,increase,,2
245.0,2023-03-22,403,17,4.0,increase,False,3
168.0,2023-09-06,403,18,6.0,increase,False,4
47.0,2023-10-23,403,18,2.0,increase,False,5
57.0,2023-12-19,403,18,3.0,increase,False,6
78.0,2024-03-06,403,19,4.357142857142857,increase,True,7
13.0,2024-03-19,403,18,3.2857142857142856,increase,True,8
207.0,2024-10-12,403,19,1.0833333333333333,stable,False,9
145.0,2025-03-06,403,20,1.5,stable,False,10
,2021-06-30,404,18,,increase,,0
183.0,2021-12-30,404,18,4.0,increase,True,1
102.0,2022-04-11,404,19,12.0,stable,True,2
70.0,2022-06-20,404,19,14.0,stable,True,3
235.0,2023-02-10,404,20,-0.2,increase,True,4
208.0,2023-09-06,404,19,0.25,stable,False,5
104.0,2023-12-19,404,20,0.0,increase,False,6
94.0,2024-03-22,404,20,0.0,stable,False,7
15.0,2024-04-06,404,20,0.0,stable,False,8
220.0,2024-11-12,404,21,0.0,increase,False,9
59.0,2025-01-10,404,22,2.0,increase,False,10
275.0,2025-10-12,404,22,0.5555555555555556,increase,False,11
55.0,2025-12-06,404,21,-0.5555555555555556,increase,False,12
90.0,2026-03-06,404,22,2.7777777777777777,stable,True,13
,2023-06-27,405,20,,increase,,0
118.0,2023-10-23,405,20,,increase,,1
57.0,2023-12-19,405,20,,increase,,2
157.0,2024-05-24,405,21,1.5,increase,True,3
40.0,2024-07-03,405,20,1.5,increase,True,4
83.0,2024-09-24,405,21,2.3333333333333335,increase,True,5
97.0,2024-12-30,405,21,2.0,increase,False,6
88.0,2025-03-28,405,21,1.75,increase,False,7
60.0,2025-05-27,405,22,2.0,stable,False,8
108.0,2025-09-12,405,22,0.3333333333333333,increase,False,9
175.0,2026-03-06,405,23,0.16666666666666666,stable,False,10
,2022-05-10,406,17,,stable,,0
226.0,2022-12-22,406,17,0.0,increase,False,1
159.0,2023-05-30,406,18,1.0,loss,True,2
203.0,2023-12-19,406,18,-0.3333333333333333,increase,False,3
53.0,2024-02-10,406,19,-0.16666666666666666,increase,False,4
56.0,2024-04-06,406,19,-0.4583333333333333,increase,False,5
220.0,2024-11-12,406,19,3.6153846153846154,increase,False,6
134.0,2025-03-26,406,19,11.307692307692308,increase,False,7
170.0,2025-09-12,406,20,6.333333333333333,stable,True,8
35.0,2025-10-17,406,20,1.5,increase,True,9
50.0,2025-12-06,406,20,0.0,increase,False,10
90.0,2026-03-06,406,21,2.125,stable,True,11
,2024-12-30,407,19,,increase,,0
67.0,2025-03-07,407,20,,increase,,1
290.0,2025-12-22,407,20,2.0,increase,False,2
74.0,2026-03-06,407,21,19.0,stable,True,3
,2019-01-07,408,17,,increase,,0
539.0,2020-06-29,408,18,1.0,increase,False,1
36.0,2020-08-04,408,18,-0.1,increase,False,2
81.0,2020-10-24,408,18,2.0,increase,False,3
68.0,2020-12-31,408,18,1.0,increase,False,4
75.0,2021-03-16,408,19,5.666666666666667,increase,False,5
64.0,2021-05-19,408,19,1.5,stable,False,6
217.0,2021-12-22,408,19,0.0,stable,True,7
227.0,2022-08-06,408,20,0.2,increase,True,8
39.0,2022-09-14,408,20,0.8666666666666667,stable,True,9
58.0,2022-11-11,408,20,0.8666666666666667,stable,True,10
126.0,2023-03-17,408,21,-0.07142857142857142,stable,False,11
98.0,2023-06-23,408,21,-0.14285714285714285,increase,False,12
175.0,2023-12-15,408,21,0.15384615384615385,increase,False,13
94.0,2024-03-18,408,22,1.0833333333333333,stable,False,14
74.0,2024-05-31,408,22,1.9166666666666667,stable,False,15
200.0,2024-12-17,408,22,-0.14285714285714285,loss,False,16
101.0,2025-03-28,408,23,-0.22857142857142856,loss,False,17
61.0,2025-05-28,408,23,-0.37142857142857144,increase,False,18
107.0,2025-09-12,408,23,-0.3333333333333333,increase,True,19
35.0,2025-10-17,408,23,-0.25925925925925924,increase,True,20
140.0,2026-03-06,408,24,0.36363636363636365,stable,True,21
,2018-06-09,409,18,,increase,,0
886.0,2020-11-11,409,20,3.6666666666666665,increase,True,1
226.0,2021-06-25,409,20,1.1428571428571428,increase,False,2
46.0,2021-08-10,409,21,3.2857142857142856,increase,True,3
128.0,2021-12-16,409,21,3.2857142857142856,increase,True,4
52.0,2022-02-06,409,21,1.0,stable,True,5
288.0,2022-11-21,409,22,-0.16666666666666666,stable,False,6
170.0,2023-05-10,409,23,-0.16666666666666666,stable,True,7
35.0,2023-06-14,409,22,0.2,loss,False,8
182.0,2023-12-13,409,23,-0.25,stable,True,9
115.0,2024-04-06,409,23,-0.3333333333333333,stable,True,10
268.0,2024-12-30,409,24,0.0,increase,True,11
88.0,2025-03-28,409,24,1.25,increase,True,12
60.0,2025-05-27,409,24,2.0,increase,True,13
,2022-06-15,411,19,,increase,,0
323.0,2023-05-04,411,20,1.5,increase,False,1
217.0,2023-12-07,411,20,5.0,stable,True,2
12.0,2023-12-19,411,21,5.0,stable,True,3
86.0,2024-03-14,411,21,6.2,stable,True,4
74.0,2024-05-27,411,21,6.2,stable,True,5
217.0,2024-12-30,411,22,0.0,increase,False,6
88.0,2025-03-28,411,22,0.1111111111111111,increase,False,7
60.0,2025-05-27,411,22,0.2222222222222222,stable,False,8
,2013-09-08,412,18,,increase,,0
276.0,2014-06-11,412,19,2.0,increase,False,1
19.0,2014-06-30,412,18,2.0,increase,False,2
191.0,2015-01-07,412,19,0.3333333333333333,increase,True,3
404.0,2016-02-15,412,20,0.5,stable,False,4
158.0,2016-07-22,412,21,0.5,stable,False,5
332.0,2017-06-19,412,21,0.16666666666666666,stable,False,6
13.0,2017-07-02,412,21,0.16666666666666666,loss,False,7
179.0,2017-12-28,412,22,0.0,loss,False,8
129.0,2018-05-06,412,22,-0.2857142857142857,stable,False,9
226.0,2018-12-18,412,23,0.0,increase,False,10
19.0,2019-01-06,412,23,0.4,increase,True,11
346.0,2019-12-18,412,24,0.7142857142857143,stable,True,12
230.0,2020-08-04,412,24,0.08333333333333333,increase,False,13
71.0,2020-10-14,412,25,0.08333333333333333,increase,False,14
50.0,2020-12-03,412,24,0.3333333333333333,stable,False,15
180.0,2021-06-01,412,25,0.0,loss,False,16
97.0,2021-09-06,412,25,0.0,loss,True,17
100.0,2021-12-15,412,26,-0.25,stable,True,18
183.0,2022-06-16,412,26,-0.16666666666666666,stable,False,19
87.0,2022-09-11,412,27,-0.16666666666666666,stable,False,20
284.0,2023-06-22,412,27,0.0,increase,False,21
175.0,2023-12-14,412,28,1.0,increase,False,22
104.0,2024-03-27,412,28,4.0,increase,False,23
63.0,2024-05-29,412,28,5.0,increase,False,24
104.0,2024-09-10,412,29,3.0,stable,False,25
101.0,2024-12-20,412,29,0.5,stable,False,26
137.0,2025-05-06,412,29,0.125,stable,False,27
,2011-08-15,413,18,,increase,,0
312.0,2012-06-22,413,19,4.0,stable,False,1
226.0,2013-02-03,413,20,0.0,loss,False,2
307.0,2013-12-07,413,20,-0.4,stable,False,3
237.0,2014-08-01,413,21,0.0,loss,False,4
207.0,2015-02-24,413,22,-0.3333333333333333,stable,False,5
234.0,2015-10-16,413,22,0.0,stable,True,6
187.0,2016-04-20,413,23,0.0,increase,True,7
366.0,2017-04-21,413,24,1.0,stable,True,8
1925.0,2022-07-29,413,29,0.0,stable,False,9
310.0,2023-06-04,413,30,0.0,stable,True,10
12.0,2023-06-16,413,30,0.0,stable,False,11
196.0,2023-12-29,413,30,0.0,stable,True,12
181.0,2024-06-27,413,31,-0.125,stable,False,13
186.0,2024-12-30,413,31,-0.14285714285714285,loss,True,14
148.0,2025-05-27,413,32,-0.42857142857142855,loss,True,15
,2021-02-06,414,18,,increase,,0
502.0,2022-06-23,414,19,0.5,stable,True,1
179.0,2022-12-19,414,19,0.75,stable,True,2
182.0,2023-06-19,414,20,-0.14285714285714285,stable,False,3
185.0,2023-12-21,414,20,-0.16666666666666666,increase,False,4
180.0,2024-06-18,414,21,1.4,increase,False,5
188.0,2024-12-23,414,21,1.9166666666666667,increase,True,6
45.0,2025-02-06,414,22,4.833333333333333,increase,True,7
39.0,2025-03-17,414,22,4.0,increase,True,8
281.0,2025-12-23,414,22,1.3333333333333333,increase,False,9
,2017-07-16,415,18,,increase,,0
175.0,2018-01-07,415,19,,increase,,1
45.0,2018-02-21,415,19,1.0,increase,False,2
236.0,2018-10-15,415,19,4.0,increase,True,3
66.0,2018-12-20,415,19,8.0,increase,True,4
176.0,2019-06-14,415,20,1.5,stable,False,5
192.0,2019-12-23,415,20,0.12,stable,False,6
219.0,2020-07-29,415,21,-0.10714285714285714,stable,False,7
6.0,2020-08-04,415,21,-0.10714285714285714,stable,False,8
316.0,2021-06-16,415,22,0.0,increase,True,9
47.0,2021-08-02,415,22,0.0,increase,True,10
149.0,2021-12-29,415,22,0.4,increase,True,11
39.0,2022-02-06,415,23,0.4,increase,True,12
278.0,2022-11-11,415,23,1.8571428571428572,stable,True,13
216.0,2023-06-15,415,24,0.0,stable,False,14
188.0,2023-12-20,415,24,0.0,increase,False,15
138.0,2024-05-06,415,25,0.0,increase,False,16
73.0,2024-07-18,415,25,0.5,stable,False,17
153.0,2024-12-18,415,25,0.8,stable,False,18
181.0,2025-06-17,415,26,0.0,stable,False,19
,2018-09-24,416,20,,increase,,0
156.0,2019-02-27,416,21,,increase,,1
121.0,2019-06-28,416,21,5.0,increase,False,2
111.0,2019-10-17,416,21,0.6666666666666666,stable,False,3
133.0,2020-02-27,416,22,0.6666666666666666,increase,False,4
159.0,2020-08-04,416,22,-0.2,increase,False,5
72.0,2020-10-15,416,22,1.8,increase,False,6
63.0,2020-12-17,416,23,3.0,stable,True,7
91.0,2021-03-18,416,23,4.0,stable,True,8
68.0,2021-05-25,416,23,0.42857142857142855,stable,True,9
212.0,2021-12-23,416,24,-0.2,stable,False,10
50.0,2022-02-11,416,25,-0.1,stable,True,11
124.0,2022-06-15,416,24,-0.2,stable,False,12
285.0,2023-03-27,416,25,0.0,loss,True,13
92.0,2023-06-27,416,25,-0.125,stable,True,14
122.0,2023-10-27,416,26,-0.375,increase,True,15
55.0,2023-12-21,416,26,-0.25,increase,True,16
155.0,2024-05-24,416,26,0.6,stable,False,17
220.0,2024-12-30,416,27,0.0,increase,False,18
88.0,2025-03-28,416,27,0.25,increase,False,19
60.0,2025-05-27,416,27,0.25,increase,False,20
108.0,2025-09-12,416,28,0.5,increase,False,21
175.0,2026-03-06,416,28,0.8,stable,False,22
,2014-02-14,417,17,,stable,,0
298.0,2014-12-09,417,17,0.0,increase,False,1
7.0,2014-12-16,417,18,9.0,increase,False,2
22.0,2015-01-07,417,18,79.0,stable,True,3
97.0,2015-04-14,417,18,29.0,increase,False,4
65.0,2015-06-18,417,18,2.0,increase,False,5
202.0,2016-01-06,417,19,1.6666666666666667,increase,True,6
40.0,2016-02-15,417,19,1.6666666666666667,increase,True,7
158.0,2016-07-22,417,19,0.25,increase,False,8
332.0,2017-06-19,417,20,0.4,increase,False,9
13.0,2017-07-02,417,20,0.4,increase,False,10
179.0,2017-12-28,417,21,0.7142857142857143,increase,False,11
97.0,2018-04-04,417,21,1.1428571428571428,increase,False,12
32.0,2018-05-06,417,21,1.4285714285714286,increase,False,13
108.0,2018-08-22,417,21,0.6666666666666666,increase,False,14
61.0,2018-10-22,417,22,0.5333333333333333,increase,False,15
57.0,2018-12-18,417,22,0.47058823529411764,increase,False,16
139.0,2019-05-06,417,22,0.30434782608695654,stable,False,17
28.0,2019-06-03,417,22,0.5217391304347826,stable,False,18
197.0,2019-12-17,417,23,0.0,stable,False,19
231.0,2020-08-04,417,23,-0.2,stable,False,20
43.0,2020-09-16,417,23,-0.14285714285714285,stable,False,21
251.0,2021-05-25,417,24,-0.06666666666666667,stable,False,22
46.0,2021-07-10,417,25,-0.16666666666666666,loss,False,23
84.0,2021-10-02,417,24,0.06666666666666667,loss,False,24
81.0,2021-12-22,417,25,-0.17857142857142858,loss,False,25
258.0,2022-09-06,417,25,-0.21739130434782608,stable,False,26
5.0,2022-09-11,417,26,-0.13043478260869565,stable,False,27
284.0,2023-06-22,417,26,-0.1,loss,False,28
118.0,2023-10-18,417,27,-0.3,loss,False,29
57.0,2023-12-14,417,27,-0.3,loss,False,30
104.0,2024-03-27,417,27,-0.4444444444444444,stable,False,31
63.0,2024-05-29,417,27,-0.2857142857142857,stable,False,32
205.0,2024-12-20,417,28,-0.2,stable,False,33
137.0,2025-05-06,417,28,-0.2,stable,False,34
,2016-12-15,418,17,,increase,,0
187.0,2017-06-20,418,18,0.3333333333333333,increase,False,1
150.0,2017-11-17,418,18,1.6666666666666667,increase,False,2
425.0,2019-01-16,418,19,0.5,increase,False,3
336.0,2019-12-18,418,20,1.0,stable,True,4
230.0,2020-08-04,418,20,-0.125,increase,False,5
71.0,2020-10-14,418,21,-0.125,increase,False,6
217.0,2021-05-19,418,22,2.4285714285714284,increase,False,7
83.0,2021-08-10,418,22,6.619047619047619,increase,True,8
24.0,2021-09-03,418,21,1.0952380952380953,increase,False,9
104.0,2021-12-16,418,22,1.2222222222222223,stable,True,10
57.0,2022-02-11,418,23,0.25,stable,False,11
40.0,2022-03-23,418,22,4.0,stable,True,12
68.0,2022-05-30,418,23,4.454545454545454,loss,True,13
393.0,2023-06-27,418,24,-0.25,stable,False,14
174.0,2023-12-18,418,24,-0.3333333333333333,increase,False,15
79.0,2024-03-06,418,25,0.1111111111111111,increase,False,16
220.0,2024-10-12,418,25,0.4,increase,False,17
145.0,2025-03-06,418,26,0.4,increase,False,18
18.0,2025-03-24,418,25,0.8,increase,False,19
172.0,2025-09-12,418,26,1.1428571428571428,increase,True,20
35.0,2025-10-17,418,26,0.3333333333333333,increase,True,21
140.0,2026-03-06,418,27,1.2222222222222223,stable,True,22
,2020-03-08,419,19,,increase,,0
221.0,2020-10-15,419,19,1.6666666666666667,increase,False,1
173.0,2021-04-06,419,20,2.3333333333333335,increase,False,2
126.0,2021-08-10,419,20,1.0,stable,True,3
128.0,2021-12-16,419,21,0.8,loss,True,4
57.0,2022-02-11,419,21,0.0,stable,False,5
108.0,2022-05-30,419,21,0.125,loss,False,6
393.0,2023-06-27,419,22,-0.2222222222222222,increase,False,7
111.0,2023-10-16,419,22,0.0,increase,False,8
63.0,2023-12-18,419,23,0.3333333333333333,stable,False,9
79.0,2024-03-06,419,23,0.7142857142857143,stable,False,10
220.0,2024-10-12,419,24,0.0,stable,False,11
145.0,2025-03-06,419,24,0.25,loss,False,12
,2018-09-24,420,18,,increase,,0
156.0,2019-02-27,420,18,,increase,,1
121.0,2019-06-28,420,18,27.0,stable,False,2
244.0,2020-02-27,420,19,0.0,stable,False,3
159.0,2020-08-04,420,19,-0.1,stable,False,4
70.0,2020-10-13,420,20,-0.1,stable,True,5
156.0,2021-03-18,420,20,0.1111111111111111,stable,True,6
141.0,2021-08-06,420,20,0.1111111111111111,loss,False,7
110.0,2021-11-24,420,21,-0.14285714285714285,loss,False,8
170.0,2022-05-13,420,21,-0.2857142857142857,loss,False,9
167.0,2022-10-27,420,22,-0.3333333333333333,stable,False,10
71.0,2023-01-06,420,22,-0.24,stable,False,11
347.0,2023-12-19,420,23,0.0,increase,False,12
160.0,2024-05-27,420,23,0.0,increase,False,13
120.0,2024-09-24,420,24,0.3157894736842105,increase,True,14
97.0,2024-12-30,420,24,0.4473684210526316,increase,True,15
148.0,2025-05-27,420,24,0.8,increase,False,16
108.0,2025-09-12,420,25,0.8181818181818182,stable,False,17
35.0,2025-10-17,420,25,0.8181818181818182,stable,False,18
140.0,2026-03-06,420,25,0.6666666666666666,stable,False,19
,2019-07-24,421,21,,increase,,0
80.0,2019-10-12,421,21,,increase,,1
292.0,2020-07-30,421,22,0.5,increase,False,2
5.0,2020-08-04,421,22,-0.1,increase,False,3
70.0,2020-10-13,421,22,1.5,increase,False,4
65.0,2020-12-17,421,22,3.25,stable,False,5
91.0,2021-03-18,421,23,3.7222222222222223,stable,False,6
141.0,2021-08-06,421,23,0.0,increase,False,7
139.0,2021-12-23,421,23,0.0,stable,False,8
78.0,2022-03-11,421,24,0.47058823529411764,stable,False,9
96.0,2022-06-15,421,24,0.47058823529411764,stable,False,10
370.0,2023-06-20,421,25,-0.2,loss,False,11
129.0,2023-10-27,421,25,-0.36,stable,False,12
55.0,2023-12-21,421,25,-0.25,stable,False,13
155.0,2024-05-24,421,26,-0.0625,stable,False,14
206.0,2024-12-16,421,26,0.0,stable,False,15
165.0,2025-05-30,421,27,-0.13333333333333333,stable,False,16
,2018-02-01,422,17,,increase,,0
321.0,2018-12-19,422,18,0.4,increase,False,1
135.0,2019-05-03,422,18,1.0,stable,False,2
41.0,2019-06-13,422,18,1.0,stable,False,3
187.0,2019-12-17,422,19,0.0,stable,True,4
231.0,2020-08-04,422,19,-0.1,increase,False,5
70.0,2020-10-13,422,20,-0.1,increase,True,6
65.0,2020-12-17,422,20,0.0,increase,True,7
91.0,2021-03-18,422,20,0.3333333333333333,increase,True,8
68.0,2021-05-25,422,20,0.6666666666666666,stable,False,9
217.0,2021-12-28,422,21,0.0,stable,True,10
190.0,2022-07-06,422,21,-0.13333333333333333,loss,False,11
128.0,2022-11-11,422,22,-0.4,stable,True,12
216.0,2023-06-15,422,22,0.0,increase,False,13
134.0,2023-10-27,422,23,0.3333333333333333,increase,True,14
55.0,2023-12-21,422,23,0.3333333333333333,increase,True,15
155.0,2024-05-24,422,23,0.3333333333333333,stable,False,16
40.0,2024-07-03,422,23,0.25,stable,False,17
180.0,2024-12-30,422,24,0.06666666666666667,increase,False,18
148.0,2025-05-27,422,24,0.3333333333333333,increase,False,19
108.0,2025-09-12,422,25,0.25,increase,False,20
175.0,2026-03-06,422,25,0.5,stable,False,21
,2017-02-08,423,18,,increase,,0
231.0,2017-09-27,423,18,1.0,increase,False,1
315.0,2018-08-08,423,19,1.0,loss,True,2
25.0,2018-09-02,423,19,0.5,stable,False,3
175.0,2019-02-24,423,20,-0.25,increase,False,4
154.0,2019-07-28,423,20,0.0,increase,True,5
207.0,2020-02-20,423,21,0.6666666666666666,increase,False,6
146.0,2020-07-15,423,21,1.6666666666666667,increase,True,7
257.0,2021-03-29,423,22,4.0,increase,False,8
79.0,2021-06-16,423,22,11.5,increase,False,9
24.0,2021-07-10,423,22,16.5,increase,True,10
23.0,2021-08-02,423,22,1.5,increase,False,11
142.0,2021-12-22,423,23,0.6,increase,True,12
92.0,2022-03-24,423,23,15.0,increase,True,13
166.0,2022-09-06,423,23,2.25,stable,False,14
5.0,2022-09-11,423,23,2.75,stable,False,15
284.0,2023-06-22,423,24,0.0,stable,False,16
175.0,2023-12-14,423,25,0.0,stable,True,17
167.0,2024-05-29,423,25,0.0,stable,True,18
205.0,2024-12-20,423,26,-0.2,increase,False,19
97.0,2025-03-27,423,26,-0.06666666666666667,increase,False,20
40.0,2025-05-06,423,26,-0.06666666666666667,increase,False,21
129.0,2025-09-12,423,27,0.6666666666666666,increase,True,22
35.0,2025-10-17,423,26,0.42857142857142855,increase,True,23
140.0,2026-03-06,423,27,1.0,stable,True,24
,2019-07-28,424,19,,stable,,0
142.0,2019-12-17,424,19,,stable,,1
274.0,2020-09-16,424,20,0.0,increase,False,2
355.0,2021-09-06,424,21,1.0,increase,False,3
26.0,2021-10-02,424,20,1.0,increase,False,4
74.0,2021-12-15,424,21,3.0,increase,False,5
183.0,2022-06-16,424,22,0.25,increase,False,6
87.0,2022-09-11,424,22,2.75,stable,False,7
284.0,2023-06-22,424,23,0.0,increase,False,8
127.0,2023-10-27,424,23,0.5,stable,True,9
55.0,2023-12-21,424,23,0.3333333333333333,increase,True,10
155.0,2024-05-24,424,24,0.1111111111111111,stable,False,11
40.0,2024-07-03,424,23,0.25,stable,False,12
180.0,2024-12-30,424,24,0.0,increase,False,13
148.0,2025-05-27,424,25,0.0,increase,False,14
108.0,2025-09-12,424,25,0.8,increase,False,15
35.0,2025-10-17,424,25,0.6,increase,False,16
140.0,2026-03-06,424,26,1.4,stable,False,17
,2017-02-14,425,19,,increase,,0
252.0,2017-10-24,425,19,1.0,increase,True,1
556.0,2019-05-03,425,21,15.666666666666666,increase,True,2
41.0,2019-06-13,425,21,45.666666666666664,increase,True,3
121.0,2019-10-12,425,22,145.66666666666666,loss,True,4
58.0,2019-12-09,425,21,6.2,stable,False,5
239.0,2020-08-04,425,22,-0.027777777777777776,stable,False,6
70.0,2020-10-13,425,22,-0.027777777777777776,stable,False,7
156.0,2021-03-18,425,23,-0.14285714285714285,stable,False,8
141.0,2021-08-06,425,23,-0.14285714285714285,increase,False,9
139.0,2021-12-23,425,24,-0.13333333333333333,stable,False,10
78.0,2022-03-11,425,25,0.4666666666666667,loss,False,11
96.0,2022-06-15,425,24,-0.13333333333333333,increase,False,12
92.0,2022-09-15,425,24,-0.3181818181818182,increase,False,13
278.0,2023-06-20,425,25,0.6666666666666666,stable,False,14
182.0,2023-12-19,425,26,0.0,stable,False,15
160.0,2024-05-27,425,26,0.0,stable,False,16
203.0,2024-12-16,425,27,0.0,loss,False,17
92.0,2025-03-18,425,27,-0.12,loss,False,18
73.0,2025-05-30,425,27,-0.2,loss,False,19
105.0,2025-09-12,425,28,-0.28,stable,True,20
35.0,2025-10-17,425,27,-0.2727272727272727,stable,True,21
140.0,2026-03-06,425,28,-0.25,stable,True,22
,2017-03-25,426,18,,stable,,0
402.0,2018-05-01,426,19,0.0,stable,False,1
365.0,2019-05-01,426,20,0.0,increase,False,2
57.0,2019-06-27,426,20,7.0,increase,False,3
184.0,2019-12-28,426,21,1.5,stable,False,4
220.0,2020-08-04,426,21,-0.1,increase,False,5
178.0,2021-01-29,426,22,0.5,stable,False,6
151.0,2021-06-29,426,22,0.8888888888888888,stable,False,7
169.0,2021-12-15,426,23,0.0,stable,True,8
183.0,2022-06-16,426,23,0.0,increase,False,9
151.0,2022-11-14,426,24,0.2,increase,False,10
39.0,2022-12-23,426,24,0.6666666666666666,stable,False,11
187.0,2023-06-28,426,24,0.0,increase,False,12
114.0,2023-10-20,426,25,-0.2,increase,False,13
56.0,2023-12-15,426,25,0.0,increase,False,14
98.0,2024-03-22,426,25,0.4,stable,False,15
76.0,2024-06-06,426,25,1.0,stable,False,16
207.0,2024-12-30,426,26,0.0,increase,True,17
88.0,2025-03-28,426,26,1.0,increase,True,18
60.0,2025-05-27,426,26,1.5,increase,True,19
,2018-11-07,427,17,,increase,,0
8.0,2018-11-15,427,18,,increase,,1
125.0,2019-03-20,427,18,,increase,,2
68.0,2019-05-27,427,18,4.333333333333333,increase,True,3
187.0,2019-11-30,427,19,0.875,stable,False,4
248.0,2020-08-04,427,19,-0.13333333333333333,increase,False,5
22.0,2020-08-26,427,19,1.6666666666666667,increase,False,6
79.0,2020-11-13,427,20,4.333333333333333,increase,False,7
35.0,2020-12-18,427,20,5.666666666666667,stable,False,8
50.0,2021-02-06,427,20,6.6923076923076925,stable,True,9
313.0,2021-12-16,427,21,0.2,increase,False,10
85.0,2022-03-11,427,22,2.0,stable,True,11
77.0,2022-05-27,427,21,1.5,stable,False,12
111.0,2022-09-15,427,21,0.0,stable,False,13
49.0,2022-11-03,427,21,-0.3333333333333333,increase,True,14
229.0,2023-06-20,427,22,0.25,loss,True,15
120.0,2023-10-18,427,22,-0.1,loss,True,16
57.0,2023-12-14,427,23,-0.3,loss,True,17
167.0,2024-05-29,427,23,-0.3333333333333333,stable,False,18
118.0,2024-09-24,427,23,-0.21428571428571427,increase,True,19
97.0,2024-12-30,427,24,0.0,increase,True,20
88.0,2025-03-28,427,24,0.2727272727272727,increase,False,21
60.0,2025-05-27,427,24,0.36363636363636365,increase,False,22
108.0,2025-09-12,427,25,0.25,stable,False,23
175.0,2026-03-06,427,25,0.4666666666666667,stable,False,24
,2018-04-24,428,17,,stable,,0
99.0,2018-08-01,428,17,,increase,,1
128.0,2018-12-07,428,18,0.0,increase,False,2
45.0,2019-01-21,428,18,1.0,increase,False,3
75.0,2019-04-06,428,19,19.0,stable,True,4
9.0,2019-04-15,428,18,9.0,increase,True,5
413.0,2020-06-01,428,19,1.0,stable,False,6
51.0,2020-07-22,428,20,1.25,loss,True,7
13.0,2020-08-04,428,19,0.8,stable,True,8
128.0,2020-12-10,428,20,-0.0625,loss,True,9
11.0,2020-12-21,428,20,-0.0625,increase,True,10
47.0,2021-02-06,428,21,-0.09722222222222222,increase,False,11
123.0,2021-06-09,428,21,-0.3333333333333333,increase,False,12
190.0,2021-12-16,428,21,1.4,increase,False,13
162.0,2022-05-27,428,22,2.6,increase,False,14
137.0,2022-10-11,428,22,1.0833333333333333,stable,False,15
160.0,2023-03-20,428,22,0.2222222222222222,stable,False,16
261.0,2023-12-06,428,23,-0.09090909090909091,loss,False,17
14.0,2023-12-20,428,23,-0.09090909090909091,loss,True,18
138.0,2024-05-06,428,24,-0.09090909090909091,loss,True,19
226.0,2024-12-18,428,24,-0.25,stable,False,20
181.0,2025-06-17,428,25,-0.13333333333333333,increase,True,21
,2022-02-11,429,17,,stable,,0
220.0,2022-09-19,429,17,0.0,increase,False,1
281.0,2023-06-27,429,18,14.0,increase,True,2
169.0,2023-12-13,429,18,24.0,increase,True,3
105.0,2024-03-27,429,18,4.0,stable,True,4
63.0,2024-05-29,429,19,4.0,stable,True,5
205.0,2024-12-20,429,19,0.0,increase,False,6
97.0,2025-03-27,429,19,0.2,increase,False,7
40.0,2025-05-06,429,20,1.2666666666666666,increase,False,8
161.0,2025-10-14,429,20,1.7777777777777777,stable,False,9
,2015-10-16,430,18,,increase,,0
839.0,2018-02-01,430,20,9.0,increase,True,1
235.0,2018-09-24,430,21,2.0,increase,True,2
156.0,2019-02-27,430,21,7.0,increase,True,3
106.0,2019-06-13,430,22,3.0,increase,True,4
121.0,2019-10-12,430,22,2.125,loss,True,5
58.0,2019-12-09,430,22,1.25,stable,True,6
239.0,2020-08-04,430,23,-0.027777777777777776,stable,False,7
30.0,2020-09-03,430,22,0.2222222222222222,loss,False,8
40.0,2020-10-13,430,23,-0.1111111111111111,stable,True,9
70.0,2020-12-22,430,23,-0.2222222222222222,stable,True,10
154.0,2021-05-25,430,24,0.0625,stable,True,11
131.0,2021-10-03,430,23,0.14285714285714285,stable,False,12
52.0,2021-11-24,430,24,-0.11764705882352941,stable,True,13
107.0,2022-03-11,430,25,0.0,loss,True,14
63.0,2022-05-13,430,25,0.0625,loss,True,15
307.0,2023-03-16,430,25,-0.23529411764705882,increase,False,16
96.0,2023-06-20,430,26,-0.058823529411764705,stable,False,17
182.0,2023-12-19,430,26,0.0625,stable,False,18
160.0,2024-05-27,430,27,0.0625,stable,False,19
203.0,2024-12-16,430,27,0.0,stable,False,20
165.0,2025-05-30,430,28,-0.11764705882352941,increase,False,21
105.0,2025-09-12,430,28,0.17647058823529413,increase,False,22
35.0,2025-10-17,430,28,0.058823529411764705,increase,False,23
140.0,2026-03-06,430,29,0.6666666666666666,stable,False,24
,2018-09-24,431,20,,increase,,0
156.0,2019-02-27,431,21,,increase,,1
121.0,2019-06-28,431,21,119.0,increase,False,2
106.0,2019-10-12,431,22,8.333333333333334,loss,True,3
58.0,2019-12-09,431,21,7.333333333333333,loss,True,4
234.0,2020-07-30,431,22,-0.24,stable,False,5
5.0,2020-08-04,431,22,-0.1,stable,False,6
70.0,2020-10-13,431,22,-0.36,stable,False,7
156.0,2021-03-18,431,23,-0.2,stable,False,8
68.0,2021-05-25,431,23,0.125,stable,False,9
212.0,2021-12-23,431,24,0.0,loss,True,10
78.0,2022-03-11,431,24,-0.1111111111111111,stable,True,11
96.0,2022-06-15,431,24,0.0,loss,True,12
274.0,2023-03-16,431,25,-0.2777777777777778,stable,True,13
96.0,2023-06-20,431,25,-0.3333333333333333,stable,False,14
184.0,2023-12-21,431,26,0.16666666666666666,stable,False,15
155.0,2024-05-24,431,26,0.16666666666666666,stable,False,16
220.0,2024-12-30,431,27,0.14285714285714285,stable,False,17
88.0,2025-03-28,431,27,0.2857142857142857,stable,False,18
60.0,2025-05-27,431,27,0.2857142857142857,loss,False,19
108.0,2025-09-12,431,28,-0.125,stable,False,20
35.0,2025-10-17,431,27,-0.1111111111111111,loss,False,21
140.0,2026-03-06,431,28,-0.4444444444444444,stable,False,22
,2016-01-09,432,19,,increase,,0
142.0,2016-05-30,432,19,,increase,,1
394.0,2017-06-28,432,20,34.0,increase,True,2
117.0,2017-10-23,432,20,79.0,increase,True,3
101.0,2018-02-01,432,20,2.4285714285714284,increase,False,4
116.0,2018-05-28,432,21,0.875,stable,False,5
205.0,2018-12-19,432,21,0.0,increase,False,6
176.0,2019-06-13,432,22,0.3333333333333333,stable,False,7
121.0,2019-10-12,432,22,0.4666666666666667,stable,False,8
297.0,2020-08-04,432,23,0.09090909090909091,increase,False,9
30.0,2020-09-03,432,22,0.36363636363636365,increase,False,10
40.0,2020-10-13,432,23,0.8181818181818182,stable,False,11
65.0,2020-12-17,432,23,1.0454545454545454,stable,False,12
91.0,2021-03-18,432,24,0.5,stable,False,13
71.0,2021-05-28,432,24,0.125,stable,False,14
209.0,2021-12-23,432,24,0.0,loss,False,15
78.0,2022-03-11,432,25,-0.3333333333333333,stable,False,16
18.0,2022-03-29,432,25,-0.06666666666666667,loss,False,17
78.0,2022-06-15,432,25,-0.1111111111111111,loss,False,18
274.0,2023-03-16,432,26,-0.375,stable,False,19
96.0,2023-06-20,432,26,-0.375,stable,False,20
182.0,2023-12-19,432,26,-0.12,stable,False,21
160.0,2024-05-27,432,27,-0.12,stable,False,22
203.0,2024-12-16,432,27,0.0,loss,False,23
92.0,2025-03-18,432,28,-0.09090909090909091,stable,False,24
73.0,2025-05-30,432,28,-0.2727272727272727,increase,False,25
105.0,2025-09-12,432,28,-0.3181818181818182,increase,True,26
175.0,2026-03-06,432,29,0.375,stable,True,27
,2018-09-24,433,19,,increase,,0
156.0,2019-02-27,433,20,,increase,,1
293.0,2019-12-17,433,21,3.0,stable,True,2
72.0,2020-02-27,433,21,3.0,stable,True,3
159.0,2020-08-04,433,21,-0.1,increase,True,4
73.0,2020-10-16,433,21,0.125,increase,True,5
167.0,2021-04-01,433,22,1.2222222222222223,increase,True,6
96.0,2021-07-06,433,22,1.6666666666666667,increase,False,7
169.0,2021-12-22,433,23,1.25,stable,True,8
258.0,2022-09-06,433,23,0.0,loss,False,9
5.0,2022-09-11,433,23,0.0,loss,False,10
199.0,2023-03-29,433,24,-0.2222222222222222,loss,False,11
85.0,2023-06-22,433,24,-0.3333333333333333,loss,False,12
175.0,2023-12-14,433,25,-0.35714285714285715,loss,False,13
104.0,2024-03-27,433,25,-0.4166666666666667,loss,False,14
63.0,2024-05-29,433,25,-0.5833333333333334,stable,False,15
205.0,2024-12-20,433,26,-0.2,increase,False,16
97.0,2025-03-27,433,26,-0.4,increase,False,17
40.0,2025-05-06,433,26,-0.4,increase,False,18
129.0,2025-09-12,433,26,1.0,increase,True,19
35.0,2025-10-17,433,26,0.6666666666666666,increase,True,20
140.0,2026-03-06,433,27,2.3333333333333335,stable,True,21
,2023-05-15,434,19,,increase,,0
220.0,2023-12-21,434,20,0.3333333333333333,increase,True,1
155.0,2024-05-24,434,20,0.3333333333333333,increase,True,2
220.0,2024-12-30,434,21,1.9166666666666667,stable,False,3
148.0,2025-05-27,434,21,1.9166666666666667,stable,False,4
,2010-02-23,435,17,,increase,,0
17.0,2010-03-12,435,18,,stable,,1
16.0,2010-03-28,435,18,,increase,,2
156.0,2010-08-31,435,18,4.0,increase,True,3
272.0,2011-05-30,435,19,1.4,increase,False,4
87.0,2011-08-25,435,19,4.0,increase,True,5
54.0,2011-10-18,435,19,11.0,increase,True,6
2.0,2011-10-20,435,19,19.0,increase,True,7
95.0,2012-01-23,435,19,11.5,stable,True,8
158.0,2012-06-29,435,20,0.6,stable,False,9
198.0,2013-01-13,435,20,0.125,increase,False,10
118.0,2013-05-11,435,21,0.375,increase,False,11
50.0,2013-06-30,435,21,0.1875,increase,False,12
464.0,2014-10-07,435,22,0.8947368421052632,stable,False,13
56.0,2014-12-02,435,21,0.8947368421052632,stable,False,14
36.0,2015-01-07,435,23,0.6842105263157895,stable,False,15
85.0,2015-04-02,435,22,0.6842105263157895,stable,False,16
279.0,2016-01-06,435,24,0.0,stable,False,17
40.0,2016-02-15,435,23,0.0,stable,False,18
158.0,2016-07-22,435,24,0.0,stable,False,19
332.0,2017-06-19,435,25,0.0,stable,False,20
13.0,2017-07-02,435,24,0.0,stable,False,21
179.0,2017-12-28,435,25,-0.125,increase,False,22
97.0,2018-04-04,435,26,0.125,increase,False,23
32.0,2018-05-06,435,26,0.25,increase,False,24
164.0,2018-10-17,435,26,0.2222222222222222,increase,True,25
63.0,2018-12-19,435,26,0.25,increase,True,26
176.0,2019-06-13,435,27,0.36363636363636365,stable,False,27
121.0,2019-10-12,435,27,0.4,stable,False,28
292.0,2020-07-30,435,28,-0.08571428571428572,loss,False,29
5.0,2020-08-04,435,28,-0.2,stable,False,30
70.0,2020-10-13,435,28,-0.08571428571428572,loss,False,31
85.0,2021-01-06,435,29,-0.37142857142857144,loss,False,32
71.0,2021-03-18,435,29,-0.10714285714285714,loss,False,33
53.0,2021-05-10,435,29,-0.4375,stable,False,34
227.0,2021-12-23,435,29,-0.1111111111111111,loss,False,35
78.0,2022-03-11,435,30,-0.4444444444444444,stable,True,36
18.0,2022-03-29,435,30,-0.4444444444444444,stable,False,37
78.0,2022-06-15,435,30,-0.5,increase,False,38
92.0,2022-09-15,435,30,0.0,stable,False,39
278.0,2023-06-20,435,31,0.2,stable,False,40
182.0,2023-12-19,435,31,0.08333333333333333,stable,False,41
160.0,2024-05-27,435,32,0.08333333333333333,stable,False,42
203.0,2024-12-16,435,32,-0.15384615384615385,loss,False,43
165.0,2025-05-30,435,33,-0.23076923076923078,loss,False,44
,2010-07-16,436,19,,increase,,0
165.0,2010-12-28,436,19,,increase,,1
147.0,2011-05-24,436,20,0.6666666666666666,increase,False,2
214.0,2011-12-24,436,20,0.6,increase,False,3
151.0,2012-05-23,436,21,1.0,increase,False,4
372.0,2013-05-30,436,22,0.4,increase,False,5
32.0,2013-07-01,436,21,0.0,increase,False,6
196.0,2014-01-13,436,22,1.0,increase,True,7
176.0,2014-07-08,436,23,1.0,increase,False,8
190.0,2015-01-14,436,23,0.5,increase,False,9
143.0,2015-06-06,436,24,1.0,increase,False,10
301.0,2016-04-02,436,24,0.25,stable,False,11
102.0,2016-07-13,436,25,0.75,stable,False,12
177.0,2017-01-06,436,26,0.0,increase,False,13
10.0,2017-01-16,436,25,-0.14285714285714285,increase,False,14
373.0,2018-01-24,436,26,0.3333333333333333,increase,True,15
72.0,2018-04-06,436,27,1.0,increase,True,16
64.0,2018-06-09,436,27,1.6666666666666667,stable,True,17
191.0,2018-12-17,436,27,0.0,increase,False,18
79.0,2019-03-06,436,28,1.125,stable,False,19
119.0,2019-07-03,436,27,0.5625,stable,False,20
86.0,2019-09-27,436,28,-0.17647058823529413,loss,True,21
83.0,2019-12-19,436,28,-0.17647058823529413,loss,True,22
229.0,2020-08-04,436,28,-0.21428571428571427,stable,False,23
128.0,2020-12-10,436,29,-0.21428571428571427,stable,False,24
117.0,2021-04-06,436,30,-0.09090909090909091,stable,False,25
190.0,2021-10-13,436,30,-0.1,loss,True,26
78.0,2021-12-30,436,30,-0.25,loss,True,27
66.0,2022-03-06,436,31,-0.5,stable,True,28
127.0,2022-07-11,436,31,-0.4666666666666667,stable,True,29
351.0,2023-06-27,436,32,0.0,stable,True,30
174.0,2023-12-18,436,32,0.0,loss,True,31
79.0,2024-03-06,436,33,-0.125,stable,False,32
220.0,2024-10-12,436,33,-0.14285714285714285,loss,False,33
145.0,2025-03-06,436,34,-0.5714285714285714,stable,False,34
18.0,2025-03-24,436,33,-0.42857142857142855,loss,False,35
,2023-05-15,437,19,,stable,,0
,2020-07-21,438,20,,increase,,0
181.0,2021-01-18,438,21,2.3333333333333335,increase,False,1
161.0,2021-06-28,438,21,1.6666666666666667,increase,False,2
186.0,2021-12-31,438,22,1.5,increase,False,3
178.0,2022-06-27,438,22,24.0,increase,False,4
79.0,2022-09-14,438,22,17.0,stable,True,5
58.0,2022-11-11,438,22,17.0,stable,True,6
224.0,2023-06-23,438,23,-0.16666666666666666,stable,False,7
179.0,2023-12-19,438,23,-0.1111111111111111,stable,True,8
160.0,2024-05-27,438,24,0.06666666666666667,stable,True,9
203.0,2024-12-16,438,24,0.0,increase,False,10
92.0,2025-03-18,438,25,0.5625,stable,False,11
73.0,2025-05-30,438,25,0.5625,stable,False,12
,2014-10-02,439,17,,increase,,0
37.0,2014-11-08,439,18,,increase,,1
60.0,2015-01-07,439,19,,increase,,2
40.0,2015-02-16,439,18,,increase,,3
441.0,2016-05-02,439,19,2.5,increase,False,4
74.0,2016-07-15,439,20,4.0,stable,False,5
20.0,2016-08-04,439,19,4.0,increase,False,6
167.0,2017-01-18,439,20,-0.1,increase,False,7
169.0,2017-07-06,439,21,0.5,stable,False,8
176.0,2017-12-29,439,21,0.6666666666666666,stable,True,9
189.0,2018-07-06,439,22,0.0,increase,False,10
157.0,2018-12-10,439,22,4.333333333333333,increase,False,11
10.0,2018-12-20,439,22,9.0,increase,False,12
14.0,2019-01-03,439,22,12.333333333333334,stable,False,13
154.0,2019-06-06,439,23,15.666666666666666,stable,False,14
196.0,2019-12-19,439,23,-0.04,loss,True,15
85.0,2020-03-13,439,23,-0.2,loss,True,16
144.0,2020-08-04,439,23,-0.3333333333333333,stable,False,17
70.0,2020-10-13,439,24,-0.35,increase,True,18
156.0,2021-03-18,439,24,-0.0625,increase,True,19
69.0,2021-05-26,439,24,0.6923076923076923,stable,False,20
211.0,2021-12-23,439,25,0.0,increase,True,21
78.0,2022-03-11,439,26,0.45454545454545453,stable,True,22
96.0,2022-06-15,439,26,0.13636363636363635,stable,True,23
92.0,2022-09-15,439,26,-0.125,stable,False,24
278.0,2023-06-20,439,27,0.07142857142857142,stable,False,25
182.0,2023-12-19,439,27,0.16666666666666666,stable,False,26
160.0,2024-05-27,439,27,0.16666666666666666,stable,False,27
203.0,2024-12-16,439,28,-0.08571428571428572,loss,True,28
165.0,2025-05-30,439,28,-0.22857142857142856,loss,True,29
,2019-03-12,440,18,,increase,,0
56.0,2019-05-07,440,18,,increase,,1
451.0,2020-07-31,440,19,4.333333333333333,increase,False,2
141.0,2020-12-19,440,19,7.0,increase,False,3
49.0,2021-02-06,440,20,1.5,increase,True,4
123.0,2021-06-09,440,20,2.25,increase,True,5
190.0,2021-12-16,440,20,0.5384615384615384,increase,False,6
162.0,2022-05-27,440,21,0.9230769230769231,increase,False,7
137.0,2022-10-11,440,21,0.5,stable,False,8
397.0,2023-11-12,440,22,0.16666666666666666,stable,False,9
24.0,2023-12-06,440,22,0.0,increase,False,10
167.0,2024-05-21,440,23,0.14285714285714285,stable,False,11
206.0,2024-12-13,440,23,0.0,increase,True,12
59.0,2025-02-10,440,24,0.875,stable,True,13
134.0,2025-06-24,440,24,0.25,increase,False,14
,2017-08-17,441,17,,increase,,0
137.0,2018-01-01,441,18,,stable,,1
67.0,2018-03-09,441,18,1.0,stable,False,2
82.0,2018-05-30,441,18,1.0,stable,False,3
265.0,2019-02-19,441,19,0.0,increase,False,4
130.0,2019-06-29,441,19,0.0,increase,False,5
102.0,2019-10-09,441,19,1.5,stable,False,6
300.0,2020-08-04,441,20,-0.08,increase,False,7
6.0,2020-08-10,441,20,0.2,increase,True,8
84.0,2020-11-02,441,20,0.0,increase,False,9
234.0,2021-06-24,441,21,1.4,stable,True,10
38.0,2021-08-01,441,21,0.2,increase,True,11
151.0,2021-12-30,441,22,0.0,stable,True,12
66.0,2022-03-06,441,22,1.6666666666666667,loss,True,13
15.0,2022-03-21,441,22,1.6666666666666667,loss,True,14
112.0,2022-07-11,441,22,0.0,stable,True,15
255.0,2023-03-23,441,23,-0.16666666666666666,stable,False,16
82.0,2023-06-13,441,23,-0.16666666666666666,stable,False,17
192.0,2023-12-22,441,24,0.0,stable,False,18
197.0,2024-07-06,441,24,0.2,stable,False,19
163.0,2024-12-16,441,25,0.2,loss,True,20
165.0,2025-05-30,441,25,-0.16666666666666666,increase,True,21
105.0,2025-09-12,441,26,-0.3333333333333333,increase,False,22
175.0,2026-03-06,441,26,0.6,stable,False,23
,2016-01-09,442,16,,increase,,0
415.0,2017-02-27,442,16,5.0,increase,False,1
203.0,2017-09-18,442,17,1.6666666666666667,increase,False,2
162.0,2018-02-27,442,17,7.333333333333333,increase,False,3
167.0,2018-08-13,442,18,3.375,stable,False,4
128.0,2018-12-19,442,18,0.4,stable,False,5
176.0,2019-06-13,442,19,0.0,loss,False,6
121.0,2019-10-12,442,19,0.0,loss,True,7
292.0,2020-07-30,442,20,-0.2857142857142857,loss,False,8
5.0,2020-08-04,442,19,-0.1,loss,False,9
114.0,2020-11-26,442,20,-0.42857142857142855,stable,True,10
284.0,2021-09-06,442,21,-0.1,increase,False,11
26.0,2021-10-02,442,20,0.0,stable,False,12
82.0,2021-12-23,442,21,-0.25,increase,True,13
78.0,2022-03-11,442,22,0.2222222222222222,stable,True,14
96.0,2022-06-15,442,22,-0.1,stable,True,15
92.0,2022-09-15,442,22,0.0,stable,False,16
278.0,2023-06-20,442,23,-0.18181818181818182,loss,False,17
182.0,2023-12-19,442,23,-0.2777777777777778,loss,False,18
160.0,2024-05-27,442,24,-0.4444444444444444,stable,False,19
203.0,2024-12-16,442,24,-0.1,increase,True,20
165.0,2025-05-30,442,25,0.5,increase,True,21
,2017-09-18,443,20,,increase,,0
162.0,2018-02-27,443,20,,increase,,1
209.0,2018-09-24,443,21,1.0,increase,True,2
388.0,2019-10-17,443,22,1.5,increase,False,3
133.0,2020-02-27,443,22,3.5,loss,False,4
159.0,2020-08-04,443,22,0.4,increase,False,5
70.0,2020-10-13,443,23,-0.2222222222222222,increase,True,6
65.0,2020-12-17,443,23,0.1111111111111111,increase,True,7
91.0,2021-03-18,443,23,1.0,increase,True,8
141.0,2021-08-06,443,23,0.4,increase,False,9
110.0,2021-11-24,443,24,0.2857142857142857,increase,False,10
107.0,2022-03-11,443,25,0.42857142857142855,stable,False,11
63.0,2022-05-13,443,24,0.14285714285714285,increase,False,12
307.0,2023-03-16,443,25,0.5,increase,False,13
96.0,2023-06-20,443,25,0.875,increase,False,14
182.0,2023-12-19,443,26,0.3333333333333333,increase,False,15
160.0,2024-05-27,443,26,0.6666666666666666,stable,False,16
203.0,2024-12-16,443,27,0.12,stable,False,17
92.0,2025-03-18,443,27,0.4,loss,False,18
73.0,2025-05-30,443,27,0.4,loss,False,19
105.0,2025-09-12,443,28,0.07142857142857142,stable,False,20
175.0,2026-03-06,443,28,-0.37142857142857144,stable,False,21
,2013-12-08,444,17,,increase,,0
298.0,2014-10-02,444,18,2.0,increase,False,1
37.0,2014-11-08,444,18,4.0,increase,True,2
60.0,2015-01-07,444,19,15.0,increase,True,3
40.0,2015-02-16,444,19,7.0,increase,True,4
268.0,2015-11-11,444,20,10.25,increase,False,5
173.0,2016-05-02,444,20,12.75,stable,False,6
74.0,2016-07-15,444,20,0.4444444444444444,stable,False,7
187.0,2017-01-18,444,21,-0.15384615384615385,increase,False,8
169.0,2017-07-06,444,21,-0.15384615384615385,increase,False,9
202.0,2018-01-24,444,22,0.8181818181818182,stable,True,10
72.0,2018-04-06,444,22,0.45454545454545453,stable,True,11
255.0,2018-12-17,444,23,0.0,stable,False,12
79.0,2019-03-06,444,23,0.0,stable,False,13
288.0,2019-12-19,444,24,-0.125,loss,False,14
229.0,2020-08-04,444,24,-0.21428571428571427,stable,False,15
70.0,2020-10-13,444,25,-0.21428571428571427,stable,True,16
156.0,2021-03-18,444,25,-0.09090909090909091,stable,True,17
141.0,2021-08-06,444,25,-0.09090909090909091,increase,False,18
110.0,2021-11-24,444,26,0.0,increase,False,19
107.0,2022-03-11,444,27,0.4,stable,False,20
63.0,2022-05-13,444,26,-0.2,increase,False,21
125.0,2022-09-15,444,26,0.0,increase,False,22
182.0,2023-03-16,444,27,0.7142857142857143,increase,False,23
96.0,2023-06-20,444,27,1.1428571428571428,stable,False,24
182.0,2023-12-19,444,28,0.0,stable,False,25
160.0,2024-05-27,444,28,0.0,stable,False,26
203.0,2024-12-16,444,29,0.0,loss,False,27
165.0,2025-05-30,444,29,-0.13333333333333333,loss,False,28
,2014-05-10,445,18,,increase,,0
410.0,2015-06-24,445,19,4.0,stable,False,1
7.0,2015-07-01,445,19,1.5,increase,False,2
367.0,2016-07-02,445,20,1.0,stable,False,3
13.0,2016-07-15,445,20,1.0,stable,False,4
190.0,2017-01-21,445,21,0.0,increase,False,5
136.0,2017-06-06,445,21,0.5,increase,False,6
129.0,2017-10-13,445,21,1.0,increase,True,7
77.0,2017-12-29,445,22,0.3333333333333333,increase,True,8
189.0,2018-07-06,445,22,0.25,increase,False,9
167.0,2018-12-20,445,23,0.25,increase,False,10
14.0,2019-01-03,445,23,1.0,increase,False,11
154.0,2019-06-06,445,23,2.6,stable,False,12
189.0,2019-12-12,445,24,0.1111111111111111,stable,False,13
236.0,2020-08-04,445,24,-0.2,increase,False,14
21.0,2020-08-25,445,24,-0.1,increase,False,15
49.0,2020-10-13,445,24,0.2,stable,True,16
156.0,2021-03-18,445,25,0.3333333333333333,stable,True,17
69.0,2021-05-26,445,25,0.16666666666666666,stable,False,18
211.0,2021-12-23,445,26,0.0,stable,False,19
78.0,2022-03-11,445,26,0.0,stable,False,20
96.0,2022-06-15,445,26,0.0,stable,False,21
370.0,2023-06-20,445,27,-0.10714285714285714,loss,False,22
82.0,2023-09-10,445,27,-0.39285714285714285,stable,True,23
100.0,2023-12-19,445,28,-0.32,stable,True,24
160.0,2024-05-27,445,28,0.0,stable,False,25
203.0,2024-12-16,445,29,-0.11764705882352941,loss,False,26
165.0,2025-05-30,445,29,-0.23529411764705882,loss,False,27
,2015-08-19,446,17,,increase,,0
130.0,2015-12-27,446,17,,increase,,1
357.0,2016-12-18,446,18,1.6666666666666667,increase,False,2
34.0,2017-01-21,446,18,4.0,increase,True,3
68.0,2017-03-30,446,19,7.333333333333333,increase,True,4
68.0,2017-06-06,446,19,10.666666666666666,increase,True,5
136.0,2017-10-20,446,19,1.6,increase,False,6
137.0,2018-03-06,446,20,1.5714285714285714,increase,False,7
179.0,2018-09-01,446,19,0.38461538461538464,increase,False,8
69.0,2018-11-09,446,20,0.3333333333333333,increase,False,9
48.0,2018-12-27,446,20,0.8888888888888888,increase,False,10
283.0,2019-10-06,446,21,0.29411764705882354,stable,False,11
68.0,2019-12-13,446,21,0.29411764705882354,stable,False,12
235.0,2020-08-04,446,22,-0.09090909090909091,stable,True,13
70.0,2020-10-13,446,22,-0.18181818181818182,stable,True,14
156.0,2021-03-18,446,23,-0.1,stable,False,15
141.0,2021-08-06,446,23,0.0,stable,False,16
110.0,2021-11-24,446,23,0.0,stable,False,17
170.0,2022-05-13,446,24,-0.1111111111111111,increase,False,18
167.0,2022-10-27,446,24,-0.1111111111111111,increase,False,19
71.0,2023-01-06,446,25,0.25,stable,False,20
77.0,2023-03-24,446,25,0.125,stable,False,21
270.0,2023-12-19,446,25,0.1111111111111111,stable,True,22
160.0,2024-05-27,446,26,0.1111111111111111,stable,True,23
203.0,2024-12-16,446,26,0.0,increase,True,24
92.0,2025-03-18,446,27,0.25,stable,True,25
73.0,2025-05-30,446,27,0.25,stable,True,26
,2016-01-08,447,20,,loss,,0
238.0,2016-09-02,447,19,-0.75,increase,False,1
52.0,2016-10-24,447,20,1.0,increase,False,2
119.0,2017-02-20,447,20,1.5,stable,False,3
128.0,2017-06-28,447,21,0.25,stable,False,4
218.0,2018-02-01,447,21,0.0,increase,False,5
116.0,2018-05-28,447,22,0.5,increase,False,6
142.0,2018-10-17,447,22,0.8,increase,False,7
63.0,2018-12-19,447,22,0.6666666666666666,increase,False,8
176.0,2019-06-13,447,23,0.3888888888888889,stable,False,9
121.0,2019-10-12,447,23,0.28,loss,True,10
58.0,2019-12-09,447,23,0.28,loss,True,11
239.0,2020-08-04,447,23,-0.203125,stable,False,12
70.0,2020-10-13,447,24,-0.203125,stable,False,13
156.0,2021-03-18,447,24,-0.13725490196078433,stable,False,14
141.0,2021-08-06,447,25,-0.13725490196078433,stable,False,15
139.0,2021-12-23,447,25,-0.18181818181818182,increase,False,16
78.0,2022-03-11,447,26,0.13636363636363635,stable,False,17
96.0,2022-06-15,447,26,-0.18181818181818182,increase,False,18
92.0,2022-09-15,447,26,-0.12,increase,False,19
278.0,2023-06-20,447,27,0.2727272727272727,stable,False,20
182.0,2023-12-19,447,27,0.0,stable,True,21
160.0,2024-05-27,447,28,-0.10714285714285714,stable,True,22
203.0,2024-12-16,447,28,0.0,stable,False,23
165.0,2025-05-30,447,29,0.12,loss,False,24
,2023-07-13,448,19,,increase,,0
106.0,2023-10-27,448,19,,stable,,1
55.0,2023-12-21,448,20,,stable,,2
155.0,2024-05-24,448,20,0.0,stable,False,3
40.0,2024-07-03,448,20,-0.09090909090909091,stable,False,4
180.0,2024-12-30,448,21,0.0,increase,True,5
72.0,2025-03-12,448,22,0.2,increase,False,6
76.0,2025-05-27,448,21,0.0,increase,True,7
14.0,2025-06-10,448,21,0.2,increase,False,8
,2022-02-09,449,18,,increase,,0
135.0,2022-06-24,449,17,,increase,,1
173.0,2022-12-14,449,18,1.0,increase,False,2
195.0,2023-06-27,449,19,1.25,increase,False,3
113.0,2023-10-18,449,19,3.25,increase,True,4
57.0,2023-12-14,449,19,6.0,increase,True,5
167.0,2024-05-29,449,19,0.6470588235294118,increase,False,6
205.0,2024-12-20,449,20,0.25,stable,False,7
97.0,2025-03-27,449,20,0.42857142857142855,stable,False,8
40.0,2025-05-06,449,20,0.42857142857142855,stable,False,9
,2023-12-09,450,19,,increase,,0
11.0,2023-12-20,450,19,,stable,,1
187.0,2024-06-24,450,20,0.0,stable,False,2
177.0,2024-12-18,450,20,0.0,stable,False,3
189.0,2025-06-25,450,21,0.0,stable,False,4
,2014-09-11,451,19,,increase,,0
118.0,2015-01-07,451,20,,loss,,1
329.0,2015-12-02,451,20,-0.5,increase,False,2
37.0,2016-01-08,451,21,0.0,stable,False,3
238.0,2016-09-02,451,21,0.0,loss,False,4
171.0,2017-02-20,451,22,0.0,loss,False,5
128.0,2017-06-28,451,22,-0.3333333333333333,stable,False,6
244.0,2018-02-27,451,23,0.0,stable,True,7
209.0,2018-09-24,451,23,0.0,increase,True,8
156.0,2019-02-27,451,24,0.5,increase,True,9
106.0,2019-06-13,451,24,1.0,increase,True,10
259.0,2020-02-27,451,25,0.5,increase,True,11
159.0,2020-08-04,451,25,0.2,increase,True,12
70.0,2020-10-13,451,25,2.0,stable,False,13
156.0,2021-03-18,451,26,3.1666666666666665,stable,False,14
141.0,2021-08-06,451,26,0.1111111111111111,increase,False,15
110.0,2021-11-24,451,26,0.0,increase,False,16
107.0,2022-03-11,451,27,0.5,stable,False,17
63.0,2022-05-13,451,27,0.0,increase,False,18
403.0,2023-06-20,451,28,0.8,stable,False,19
182.0,2023-12-19,451,28,0.0,loss,False,20
22.0,2024-01-10,451,29,-0.2777777777777778,stable,False,21
138.0,2024-05-27,451,29,-0.16666666666666666,loss,False,22
203.0,2024-12-16,451,29,-0.26666666666666666,loss,False,23
92.0,2025-03-18,451,30,-0.5333333333333333,loss,False,24
73.0,2025-05-30,451,30,-0.6,loss,False,25
,2010-07-30,452,19,,increase,,0
14.0,2010-08-13,452,19,,increase,,1
679.0,2012-06-22,452,21,0.3333333333333333,loss,False,2
10.0,2012-07-02,452,21,0.6666666666666666,loss,False,3
216.0,2013-02-03,452,22,-0.4,stable,False,4
277.0,2013-11-07,452,22,0.0,increase,False,5
267.0,2014-08-01,452,22,0.6,increase,True,6
18.0,2014-08-19,452,23,1.6666666666666667,increase,True,7
189.0,2015-02-24,452,24,0.5,increase,False,8
212.0,2015-09-24,452,24,0.3333333333333333,stable,True,9
107.0,2016-01-09,452,25,1.0,stable,True,10
102.0,2016-04-20,452,25,0.0,increase,False,11
313.0,2017-02-27,452,26,0.75,increase,False,12
203.0,2017-09-18,452,26,0.42857142857142855,increase,False,13
162.0,2018-02-27,452,27,1.1428571428571428,stable,False,14
167.0,2018-08-13,452,27,0.8,stable,False,15
128.0,2018-12-19,452,27,0.0,stable,False,16
176.0,2019-06-13,452,28,-0.16666666666666666,stable,False,17
259.0,2020-02-27,452,29,0.0,loss,False,18
159.0,2020-08-04,452,29,-0.2,loss,False,19
70.0,2020-10-13,452,29,-0.4,stable,False,20
156.0,2021-03-18,452,30,-0.25,loss,False,21
141.0,2021-08-06,452,30,0.0,loss,False,22
110.0,2021-11-24,452,30,-0.3333333333333333,loss,False,23
107.0,2022-03-11,452,31,-0.7777777777777778,increase,False,24
63.0,2022-05-13,452,31,-0.4444444444444444,loss,False,25
125.0,2022-09-15,452,31,0.5,loss,False,26
278.0,2023-06-20,452,32,-0.3333333333333333,stable,False,27
182.0,2023-12-19,452,32,0.0,stable,False,28
160.0,2024-05-27,452,33,0.0,stable,False,29
203.0,2024-12-16,452,33,0.0,loss,False,30
165.0,2025-05-30,452,34,-0.25,loss,False,31
,2024-03-14,453,17,,stable,,0
277.0,2024-12-16,453,17,0.0,increase,True,1
92.0,2025-03-18,453,18,4.0,increase,True,2
73.0,2025-05-30,453,18,4.0,increase,True,3
,2019-05-06,454,18,,loss,,0
149.0,2019-10-02,454,18,,loss,,1
10.0,2019-10-12,454,19,,stable,,2
138.0,2020-02-27,454,19,-0.25,stable,True,3
159.0,2020-08-04,454,19,-0.1,increase,True,4
70.0,2020-10-13,454,20,-0.1,increase,True,5
156.0,2021-03-18,454,20,3.814814814814815,increase,True,6
53.0,2021-05-10,454,21,9.37037037037037,increase,False,7
88.0,2021-08-06,454,20,5.666666666666667,increase,False,8
139.0,2021-12-23,454,21,0.35714285714285715,stable,False,9
78.0,2022-03-11,454,22,1.1111111111111112,stable,False,10
18.0,2022-03-29,454,21,1.2222222222222223,stable,False,11
78.0,2022-06-15,454,21,1.2222222222222223,stable,False,12
370.0,2023-06-20,454,22,-0.125,loss,False,13
82.0,2023-09-10,454,23,-0.25,loss,False,14
100.0,2023-12-19,454,23,-0.2857142857142857,increase,False,15
22.0,2024-01-10,454,24,-0.2,stable,True,16
138.0,2024-05-27,454,23,-0.26666666666666666,increase,False,17
203.0,2024-12-16,454,24,0.45454545454545453,loss,True,18
165.0,2025-05-30,454,24,0.36363636363636365,loss,True,19
,2023-08-21,455,18,,stable,,0
121.0,2023-12-20,455,19,,stable,,1
187.0,2024-06-24,455,19,0.0,loss,False,2
177.0,2024-12-18,455,20,-0.4,stable,False,3
189.0,2025-06-25,455,20,0.0,increase,False,4
113.0,2025-10-16,455,20,0.6666666666666666,increase,False,5
,2023-11-12,456,20,,increase,,0
23.0,2023-12-05,456,20,,increase,,1
104.0,2024-03-18,456,21,,stable,,2
80.0,2024-06-06,456,21,11.0,stable,True,3
194.0,2024-12-17,456,21,0.0,increase,False,4
,2023-09-10,457,20,,increase,,0
100.0,2023-12-19,457,20,,increase,,1
86.0,2024-03-14,457,20,1.5,stable,False,2
74.0,2024-05-27,457,20,1.5,stable,False,3
203.0,2024-12-16,457,21,0.0,stable,False,4
165.0,2025-05-30,457,21,0.0,stable,False,5
105.0,2025-09-12,457,22,0.0,stable,False,6
35.0,2025-10-17,457,22,0.2,stable,False,7
140.0,2026-03-06,457,22,0.12,stable,True,8
,2023-08-21,458,19,,increase,,0
53.0,2023-10-13,458,19,,increase,,1
68.0,2023-12-20,458,19,,stable,,2
187.0,2024-06-24,458,20,0.0,increase,False,3
177.0,2024-12-18,458,20,1.0,increase,False,4
54.0,2025-02-10,458,21,14.0,stable,True,5
45.0,2025-03-27,458,21,4.0,increase,False,6
90.0,2025-06-25,458,21,3.0,increase,True,7
,2021-05-28,459,20,,stable,,0
97.0,2021-09-02,459,19,,increase,,1
83.0,2021-11-24,459,20,0.0,increase,True,2
170.0,2022-05-13,459,21,5.666666666666667,stable,True,3
167.0,2022-10-27,459,21,0.6666666666666666,stable,True,4
71.0,2023-01-06,459,22,0.0,stable,False,5
347.0,2023-12-19,459,22,0.0,increase,False,6
86.0,2024-03-14,459,22,1.0,increase,False,7
74.0,2024-05-27,459,23,3.0,stable,False,8
203.0,2024-12-16,459,23,0.0,increase,False,9
165.0,2025-05-30,459,24,0.0,stable,False,10
,2023-08-12,460,16,,increase,,0
320.0,2024-06-27,460,16,3.0,increase,True,1
135.0,2024-11-09,460,17,7.333333333333333,stable,True,2
51.0,2024-12-30,460,17,1.0833333333333333,increase,True,3
176.0,2025-06-24,460,17,0.0,stable,False,4
,2013-07-25,461,19,,increase,,0
174.0,2014-01-15,461,19,,stable,,1
357.0,2015-01-07,461,21,0.0,increase,False,2
51.0,2015-02-27,461,20,0.0,increase,True,3
209.0,2015-09-24,461,21,1.0,increase,True,4
106.0,2016-01-08,461,22,3.0,stable,True,5
238.0,2016-09-02,461,21,0.0,increase,False,6
171.0,2017-02-20,461,22,4.0,increase,False,7
128.0,2017-06-28,461,23,14.0,increase,False,8
218.0,2018-02-01,461,23,0.3333333333333333,increase,True,9
116.0,2018-05-28,461,24,1.0,increase,True,10
49.0,2018-07-16,461,24,1.3333333333333333,stable,True,11
156.0,2018-12-19,461,24,0.3333333333333333,stable,False,12
176.0,2019-06-13,461,25,0.14285714285714285,loss,False,13
121.0,2019-10-12,461,25,-0.125,stable,False,14
297.0,2020-08-04,461,26,-0.2,loss,False,15
70.0,2020-10-13,461,26,-0.2571428571428571,stable,False,16
156.0,2021-03-18,461,27,-0.21428571428571427,stable,False,17
71.0,2021-05-28,461,27,-0.15384615384615385,stable,False,18
48.0,2021-07-15,461,27,-0.038461538461538464,stable,False,19
161.0,2021-12-23,461,27,0.13636363636363635,stable,False,20
78.0,2022-03-11,461,28,0.12,stable,False,21
96.0,2022-06-15,461,28,-0.2,increase,False,22
92.0,2022-09-15,461,28,0.0,stable,False,23
182.0,2023-03-16,461,29,-0.10714285714285714,stable,False,24
96.0,2023-06-20,461,29,-0.21428571428571427,stable,False,25
182.0,2023-12-19,461,29,0.0,stable,False,26
160.0,2024-05-27,461,30,0.0,stable,False,27
203.0,2024-12-16,461,30,-0.09090909090909091,loss,False,28
165.0,2025-05-30,461,31,-0.18181818181818182,loss,False,29
,2019-06-13,462,20,,stable,,0
121.0,2019-10-12,462,20,,stable,,1
292.0,2020-07-30,462,21,0.0,increase,True,2
77.0,2020-10-15,462,21,1.0,stable,True,3
258.0,2021-06-30,462,22,0.0,increase,False,4
95.0,2021-10-03,462,21,0.0,increase,False,5
52.0,2021-11-24,462,22,2.0,increase,False,6
107.0,2022-03-11,462,23,3.0,stable,False,7
63.0,2022-05-13,462,22,4.0,stable,False,8
403.0,2023-06-20,462,24,-0.2,increase,False,9
129.0,2023-10-27,462,24,0.4,stable,False,10
53.0,2023-12-19,462,24,0.75,stable,False,11
160.0,2024-05-27,462,25,0.0,stable,False,12
203.0,2024-12-16,462,25,0.14285714285714285,stable,False,13
162.0,2025-05-27,462,26,0.14285714285714285,loss,True,14
,2016-11-10,463,21,,increase,,0
162.0,2017-04-21,463,22,,increase,,1
798.0,2019-06-28,463,24,1.0,increase,False,2
628.0,2021-03-17,463,26,1.0,stable,True,3
69.0,2021-05-25,463,26,1.0,stable,True,4
740.0,2023-06-04,463,28,-0.125,stable,True,5
19.0,2023-06-23,463,28,-0.125,stable,True,6
179.0,2023-12-19,463,28,0.14285714285714285,stable,True,7
160.0,2024-05-27,463,29,0.14285714285714285,stable,True,8
203.0,2024-12-16,463,29,0.0,loss,False,9
165.0,2025-05-30,463,30,0.0,loss,False,10
,2020-07-30,464,18,,increase,,0
75.0,2020-10-13,464,18,,increase,,1
297.0,2021-08-06,464,18,0.5,stable,False,2
58.0,2021-10-03,464,18,0.5,stable,True,3
81.0,2021-12-23,464,19,0.5,stable,False,4
174.0,2022-06-15,464,19,0.0,increase,True,5
149.0,2022-11-11,464,20,0.0,increase,True,6
126.0,2023-03-17,464,20,1.3333333333333333,increase,True,7
98.0,2023-06-23,464,20,2.3333333333333335,increase,False,8
79.0,2023-09-10,464,21,5.0,increase,True,9
100.0,2023-12-19,464,21,2.5714285714285716,increase,True,10
86.0,2024-03-14,464,21,0.6666666666666666,increase,False,11
74.0,2024-05-27,464,21,1.3333333333333333,stable,False,12
203.0,2024-12-16,464,22,0.0,stable,False,13
92.0,2025-03-18,464,22,0.19047619047619047,stable,False,14
73.0,2025-05-30,464,22,0.19047619047619047,stable,False,15
,2011-03-02,465,18,,increase,,0
1122.0,2014-03-28,465,21,3.0,increase,True,1
333.0,2015-02-24,465,22,0.75,stable,False,2
212.0,2015-09-24,465,22,0.0,increase,False,3
106.0,2016-01-08,465,23,4.714285714285714,stable,True,4
103.0,2016-04-20,465,23,4.714285714285714,stable,True,5
306.0,2017-02-20,465,24,0.0,increase,False,6
128.0,2017-06-28,465,24,0.0,increase,False,7
117.0,2017-10-23,465,24,0.5,increase,False,8
101.0,2018-02-01,465,25,2.0,increase,False,9
116.0,2018-05-28,465,25,4.0,stable,False,10
205.0,2018-12-19,465,26,0.0,increase,False,11
176.0,2019-06-13,465,26,0.2,stable,False,12
121.0,2019-10-12,465,27,0.6666666666666666,stable,False,13
297.0,2020-08-04,465,27,-0.2,increase,False,14
70.0,2020-10-13,465,27,0.12,stable,False,15
156.0,2021-03-18,465,28,0.25,stable,False,16
141.0,2021-08-06,465,28,-0.10714285714285714,stable,False,17
139.0,2021-12-23,465,29,-0.12,stable,False,18
78.0,2022-03-11,465,29,-0.12,stable,True,19
96.0,2022-06-15,465,29,-0.12,stable,False,20
370.0,2023-06-20,465,30,-0.18181818181818182,loss,True,21
182.0,2023-12-19,465,31,-0.2777777777777778,loss,False,22
160.0,2024-05-27,465,31,-0.2777777777777778,loss,False,23
203.0,2024-12-16,465,32,-0.23076923076923078,loss,False,24
165.0,2025-05-30,465,32,-0.3076923076923077,loss,False,25
,2012-06-24,466,19,,increase,,0
321.0,2013-05-11,466,20,2.0,increase,True,1
447.0,2014-08-01,466,20,0.6666666666666666,increase,True,2
419.0,2015-09-24,466,22,3.0,increase,True,3
69.0,2015-12-02,466,22,3.0,increase,True,4
37.0,2016-01-08,466,23,15.0,increase,True,5
103.0,2016-04-20,466,23,1.25,increase,False,6
306.0,2017-02-20,466,24,1.6666666666666667,increase,False,7
128.0,2017-06-28,466,24,3.0,stable,False,8
218.0,2018-02-01,466,24,0.1111111111111111,stable,True,9
116.0,2018-05-28,466,25,0.1111111111111111,increase,True,10
142.0,2018-10-17,466,25,0.1,increase,False,11
63.0,2018-12-19,466,25,0.25,stable,False,12
176.0,2019-06-13,466,26,0.36363636363636365,loss,False,13
121.0,2019-10-12,466,26,0.2,loss,False,14
297.0,2020-08-04,466,27,-0.3333333333333333,increase,False,15
30.0,2020-09-03,466,27,-0.16666666666666666,stable,False,16
40.0,2020-10-13,466,27,-0.06666666666666667,stable,False,17
156.0,2021-03-18,466,28,0.12,stable,False,18
141.0,2021-08-06,466,28,-0.10714285714285714,loss,False,19
139.0,2021-12-23,466,28,-0.10714285714285714,loss,False,20
78.0,2022-03-11,466,29,-0.44,stable,False,21
18.0,2022-03-29,466,29,-0.12,loss,False,22
78.0,2022-06-15,466,29,-0.2,loss,False,23
92.0,2022-09-15,466,29,0.14285714285714285,loss,False,24
182.0,2023-03-16,466,30,-0.375,loss,False,25
96.0,2023-06-20,466,30,-0.375,loss,False,26
182.0,2023-12-19,466,30,-0.3,stable,False,27
160.0,2024-05-27,466,31,-0.4,stable,False,28
203.0,2024-12-16,466,31,0.0,loss,False,29
165.0,2025-05-30,466,32,-0.16666666666666666,loss,False,30
,2018-06-08,467,19,,increase,,0
126.0,2018-10-12,467,19,,increase,,1
50.0,2018-12-01,467,18,,increase,,2
111.0,2019-03-22,467,19,3.0,increase,False,3
90.0,2019-06-20,467,20,29.0,increase,False,4
294.0,2020-04-09,467,21,1.1666666666666667,stable,False,5
114.0,2020-08-01,467,20,0.6666666666666666,increase,False,6
3.0,2020-08-04,467,20,0.5,increase,False,7
163.0,2021-01-14,467,21,0.15384615384615385,stable,False,8
133.0,2021-05-27,467,21,0.8888888888888888,stable,False,9
207.0,2021-12-20,467,22,0.0,increase,False,10
81.0,2022-03-11,467,23,0.29411764705882354,stable,True,11
18.0,2022-03-29,467,22,0.058823529411764705,increase,True,12
78.0,2022-06-15,467,23,0.058823529411764705,increase,True,13
370.0,2023-06-20,467,24,0.3888888888888889,stable,False,14
182.0,2023-12-19,467,24,0.12,stable,False,15
160.0,2024-05-27,467,24,0.12,stable,False,16
203.0,2024-12-16,467,25,0.0,stable,False,17
165.0,2025-05-30,467,26,0.0,stable,False,18
,2021-01-08,468,20,,increase,,0
487.0,2022-05-10,468,21,11.0,increase,True,1
36.0,2022-06-15,468,21,5.0,increase,True,2
190.0,2022-12-22,468,21,2.3333333333333335,increase,True,3
159.0,2023-05-30,468,22,3.6666666666666665,increase,True,4
139.0,2023-10-16,468,22,2.0,increase,True,5
63.0,2023-12-18,468,22,3.2857142857142856,increase,True,6
23.0,2024-01-10,468,23,20.428571428571427,stable,True,7
56.0,2024-03-06,468,23,16.142857142857142,increase,True,8
13.0,2024-03-19,468,22,11.857142857142858,increase,True,9
272.0,2024-12-16,468,23,0.6666666666666666,stable,True,10
165.0,2025-05-30,468,24,1.0,stable,True,11
105.0,2025-09-12,468,24,0.06666666666666667,stable,False,12
175.0,2026-03-06,468,25,0.0,stable,False,13
,2015-05-06,469,17,,increase,,0
141.0,2015-09-24,469,18,,increase,,1
209.0,2016-04-20,469,18,2.0,increase,False,2
551.0,2017-10-23,469,20,1.0,increase,True,3
101.0,2018-02-01,469,20,5.666666666666667,increase,True,4
116.0,2018-05-28,469,20,3.6666666666666665,stable,False,5
205.0,2018-12-19,469,21,0.0,increase,False,6
176.0,2019-06-13,469,21,0.7142857142857143,increase,False,7
121.0,2019-10-12,469,22,1.5714285714285714,stable,False,8
58.0,2019-12-09,469,22,1.5714285714285714,stable,False,9
239.0,2020-08-04,469,22,-0.19444444444444445,increase,False,10
70.0,2020-10-13,469,23,0.0,stable,False,11
156.0,2021-03-18,469,23,0.2413793103448276,loss,True,12
141.0,2021-08-06,469,23,-0.1111111111111111,loss,False,13
139.0,2021-12-23,469,24,-0.3333333333333333,stable,True,14
78.0,2022-03-11,469,25,-0.5,stable,True,15
117.0,2022-07-06,469,24,-0.16666666666666666,stable,True,16
349.0,2023-06-20,469,25,-0.2,loss,True,17
118.0,2023-10-16,469,26,-0.4,increase,True,18
63.0,2023-12-18,469,26,-0.375,increase,True,19
79.0,2024-03-06,469,26,0.125,stable,True,20
13.0,2024-03-19,469,26,-0.125,increase,True,21
207.0,2024-10-12,469,27,0.42857142857142855,stable,False,22
145.0,2025-03-06,469,27,0.7142857142857143,stable,False,23
,2019-10-12,470,18,,stable,,0
297.0,2020-08-04,470,19,-0.1,increase,False,1
72.0,2020-10-15,470,19,0.0,increase,True,2
68.0,2020-12-22,470,19,0.16666666666666666,stable,True,3
285.0,2021-10-03,470,19,0.14285714285714285,increase,True,4
52.0,2021-11-24,470,20,0.14285714285714285,increase,True,5
107.0,2022-03-11,470,21,3.0,loss,True,6
63.0,2022-05-13,470,21,0.75,increase,False,7
125.0,2022-09-15,470,21,-0.21428571428571427,increase,False,8
278.0,2023-06-20,470,22,0.2727272727272727,increase,False,9
170.0,2023-12-07,470,22,0.45454545454545453,increase,False,10
12.0,2023-12-19,470,22,0.42857142857142855,stable,False,11
86.0,2024-03-14,470,23,0.5714285714285714,stable,False,12
74.0,2024-05-27,470,23,0.5714285714285714,stable,False,13
203.0,2024-12-16,470,23,-0.09090909090909091,increase,False,14
165.0,2025-05-30,470,24,-0.18181818181818182,increase,False,15
105.0,2025-09-12,470,24,0.25,increase,False,16
35.0,2025-10-17,470,24,0.1,increase,False,17
140.0,2026-03-06,470,25,1.5,loss,False,18
,2021-10-03,471,18,,increase,,0
389.0,2022-10-27,471,20,1.5,increase,True,1
71.0,2023-01-06,471,20,24.0,increase,True,2
77.0,2023-03-24,471,20,19.0,increase,True,3
217.0,2023-10-27,471,21,2.5,stable,False,4
55.0,2023-12-21,471,21,2.5,stable,False,5
155.0,2024-05-24,471,21,0.0,stable,False,6
220.0,2024-12-30,471,22,0.14285714285714285,increase,False,7
72.0,2025-03-12,471,23,2.5714285714285716,stable,False,8
16.0,2025-03-28,471,22,0.42857142857142855,increase,False,9
60.0,2025-05-27,471,22,0.7142857142857143,increase,False,10
14.0,2025-06-10,471,23,1.8571428571428572,increase,False,11
,2012-02-09,472,18,,stable,,0
22.0,2012-03-02,472,17,,increase,,1
151.0,2012-07-31,472,18,,increase,,2
166.0,2013-01-13,472,18,0.6,increase,True,3
168.0,2013-06-30,472,19,0.6,increase,False,4
427.0,2014-08-31,472,20,0.25,stable,True,5
32.0,2014-10-02,472,19,0.25,stable,True,6
130.0,2015-02-09,472,21,0.75,stable,True,7
113.0,2015-06-02,472,20,0.0,stable,False,8
233.0,2016-01-21,472,21,0.2,stable,False,9
322.0,2016-12-08,472,22,0.16666666666666666,increase,False,10
4.0,2016-12-12,472,22,0.6666666666666666,increase,False,11
105.0,2017-03-27,472,23,1.5,increase,False,12
86.0,2017-06-21,472,23,0.5,increase,False,13
180.0,2017-12-18,472,23,0.3333333333333333,stable,False,14
50.0,2018-02-06,472,24,0.3333333333333333,stable,False,15
317.0,2018-12-20,472,24,0.0,increase,True,16
168.0,2019-06-06,472,25,0.0,increase,True,17
133.0,2019-10-17,472,25,0.5,stable,True,18
133.0,2020-02-27,472,25,1.0,stable,True,19
159.0,2020-08-04,472,26,0.06666666666666667,increase,False,20
72.0,2020-10-15,472,26,0.0,increase,False,21
207.0,2021-05-10,472,27,0.5,increase,False,22
16.0,2021-05-26,472,27,-0.125,increase,False,23
130.0,2021-10-03,472,27,-0.125,increase,False,24
81.0,2021-12-23,472,27,1.2857142857142858,increase,False,25
78.0,2022-03-11,472,28,3.0,stable,False,26
18.0,2022-03-29,472,28,1.8571428571428572,increase,False,27
78.0,2022-06-15,472,28,3.0,stable,False,28
370.0,2023-06-20,472,29,0.14285714285714285,increase,False,29
182.0,2023-12-19,472,29,0.25,loss,False,30
160.0,2024-05-27,472,30,0.125,stable,False,31
203.0,2024-12-16,472,30,-0.16666666666666666,loss,False,32
92.0,2025-03-18,472,31,-0.3333333333333333,loss,False,33
73.0,2025-05-30,472,31,-0.3888888888888889,loss,False,34
105.0,2025-09-12,472,31,-0.4,loss,True,35
175.0,2026-03-06,472,32,-0.5454545454545454,increase,True,36
,2020-12-22,473,22,,stable,,0
285.0,2021-10-03,473,22,0.1111111111111111,increase,False,1
81.0,2021-12-23,473,23,0.1111111111111111,increase,True,2
78.0,2022-03-11,473,24,10.11111111111111,loss,True,3
18.0,2022-03-29,473,23,1.7777777777777777,increase,True,4
78.0,2022-06-15,473,23,3.0,increase,True,5
92.0,2022-09-15,473,24,-0.25,increase,False,6
182.0,2023-03-16,473,24,0.6666666666666666,stable,False,7
96.0,2023-06-20,473,24,0.6666666666666666,stable,False,8
129.0,2023-10-27,473,25,0.2,stable,False,9
55.0,2023-12-21,473,25,0.2,stable,False,10
155.0,2024-05-24,473,25,0.0,stable,False,11
206.0,2024-12-16,473,26,-0.06666666666666667,stable,True,12
92.0,2025-03-18,473,26,-0.26666666666666666,stable,True,13
73.0,2025-05-30,473,26,-0.3333333333333333,increase,True,14
105.0,2025-09-12,473,27,0.0,stable,True,15
35.0,2025-10-17,473,27,0.13636363636363635,increase,True,16
140.0,2026-03-06,473,27,0.75,stable,True,17
,2021-01-20,474,18,,increase,,0
65.0,2021-03-26,474,18,,increase,,1
80.0,2021-06-14,474,18,,increase,,2
121.0,2021-10-13,474,19,1.6666666666666667,stable,False,3
63.0,2021-12-15,474,19,1.6666666666666667,stable,False,4
183.0,2022-06-16,474,19,0.0,increase,False,5
87.0,2022-09-11,474,20,1.5,stable,True,6
10.0,2022-09-21,474,20,1.5,stable,True,7
274.0,2023-06-22,474,20,0.0,increase,False,8
118.0,2023-10-18,474,21,0.5,increase,False,9
57.0,2023-12-14,474,21,2.0,increase,False,10
104.0,2024-03-27,474,21,4.0,stable,False,11
63.0,2024-05-29,474,21,3.0,stable,False,12
205.0,2024-12-20,474,22,0.0,increase,False,13
137.0,2025-05-06,474,22,0.0,increase,False,14
,2021-08-02,475,18,,increase,,0
79.0,2021-10-20,475,18,,increase,,1
216.0,2022-05-24,475,19,4.333333333333333,increase,False,2
16.0,2022-06-09,475,19,4.666666666666667,increase,False,3
139.0,2022-10-26,475,19,4.666666666666667,increase,False,4
141.0,2023-03-16,475,20,0.4117647058823529,increase,True,5
96.0,2023-06-20,475,20,0.7647058823529411,stable,True,6
184.0,2023-12-21,475,21,0.0,stable,False,7
137.0,2024-05-06,475,21,0.0,stable,True,8
129.0,2024-09-12,475,22,-0.06666666666666667,stable,True,9
260.0,2025-05-30,475,22,0.0,stable,True,10
,2024-12-16,476,17,,increase,,0
86.0,2025-03-12,476,18,,increase,,1
76.0,2025-05-27,476,18,,increase,,2
283.0,2026-03-06,476,19,14.0,stable,True,3
,2013-07-25,477,17,,increase,,0
158.0,2013-12-30,477,18,,increase,,1
131.0,2014-05-10,477,19,5.666666666666667,increase,False,2
242.0,2015-01-07,477,19,3.5,loss,False,3
329.0,2015-12-02,477,19,-0.7777777777777778,increase,False,4
38.0,2016-01-09,477,20,0.0,stable,False,5
237.0,2016-09-02,477,20,0.0,stable,False,6
178.0,2017-02-27,477,21,0.1111111111111111,stable,False,7
203.0,2017-09-18,477,22,0.0,increase,False,8
371.0,2018-09-24,477,23,3.0,increase,False,9
277.0,2019-06-28,477,23,0.25,increase,False,10
106.0,2019-10-12,477,24,0.75,stable,False,11
292.0,2020-07-30,477,24,0.14285714285714285,increase,False,12
5.0,2020-08-04,477,24,-0.12857142857142856,increase,False,13
30.0,2020-09-03,477,24,0.08571428571428572,increase,False,14
40.0,2020-10-13,477,25,0.2857142857142857,increase,False,15
65.0,2020-12-17,477,25,0.42857142857142855,increase,False,16
91.0,2021-03-18,477,25,0.5789473684210527,increase,False,17
53.0,2021-05-10,477,26,1.2222222222222223,stable,True,18
18.0,2021-05-28,477,25,0.4444444444444444,increase,False,19
209.0,2021-12-23,477,26,0.23076923076923078,stable,True,20
78.0,2022-03-11,477,27,0.07692307692307693,stable,True,21
96.0,2022-06-15,477,26,0.07692307692307693,stable,True,22
370.0,2023-06-20,477,27,0.07142857142857142,stable,False,23
182.0,2023-12-19,477,28,-0.06666666666666667,loss,False,24
22.0,2024-01-10,477,29,-0.26666666666666666,stable,False,25
64.0,2024-03-14,477,28,-0.13333333333333333,loss,False,26
74.0,2024-05-27,477,28,-0.2,loss,False,27
203.0,2024-12-16,477,29,-0.25,loss,False,28
92.0,2025-03-18,477,29,-0.4166666666666667,loss,False,29
73.0,2025-05-30,477,29,-0.5333333333333333,loss,False,30
,2025-03-18,478,19,,increase,,0
73.0,2025-05-30,478,19,,increase,,1
3.0,2025-06-02,478,19,,increase,,2
,2021-06-30,479,20,,increase,,0
147.0,2021-11-24,479,20,,increase,,1
107.0,2022-03-11,479,21,49.0,stable,False,2
63.0,2022-05-13,479,20,36.5,increase,False,3
125.0,2022-09-15,479,21,0.0,increase,False,4
182.0,2023-03-16,479,21,0.5,increase,False,5
96.0,2023-06-20,479,22,0.9,increase,False,6
82.0,2023-09-10,479,22,1.4,stable,True,7
100.0,2023-12-19,479,22,0.2631578947368421,stable,True,8
160.0,2024-05-27,479,23,0.0,stable,False,9
203.0,2024-12-16,479,23,0.041666666666666664,loss,False,10
165.0,2025-05-30,479,24,-0.16666666666666666,loss,False,11
,2024-01-10,480,18,,increase,,0
341.0,2024-12-16,480,18,3.4,increase,False,1
92.0,2025-03-18,480,19,4.0,increase,False,2
73.0,2025-05-30,480,19,4.0,loss,False,3
105.0,2025-09-12,480,19,0.36363636363636365,loss,True,4
35.0,2025-10-17,480,19,0.4,loss,True,5
140.0,2026-03-06,480,20,-0.32,increase,True,6
,2022-05-10,481,19,,increase,,0
226.0,2022-12-22,481,20,1.5714285714285714,stable,False,1
159.0,2023-05-30,481,20,2.7142857142857144,loss,False,2
142.0,2023-10-19,481,20,0.1111111111111111,increase,True,3
63.0,2023-12-21,481,21,-0.23076923076923078,increase,True,4
98.0,2024-03-28,481,21,0.9230769230769231,increase,True,5
64.0,2024-05-31,481,21,3.0,increase,False,6
163.0,2024-11-10,481,21,4.6,increase,True,7
47.0,2024-12-27,481,22,2.5,increase,True,8
253.0,2025-09-06,481,22,0.42857142857142855,increase,False,9
,2017-01-07,482,17,,increase,,0
361.0,2018-01-03,482,18,1.0,increase,False,1
97.0,2018-04-10,482,18,15.0,increase,False,2
80.0,2018-06-29,482,18,2.0,increase,False,3
182.0,2018-12-28,482,18,12.333333333333334,increase,False,4
75.0,2019-03-13,482,19,19.0,stable,False,5
268.0,2019-12-06,482,19,0.0,stable,False,6
12.0,2019-12-18,482,19,0.0,stable,True,7
194.0,2020-06-29,482,20,0.0,increase,False,8
36.0,2020-08-04,482,20,-0.13333333333333333,increase,False,9
71.0,2020-10-14,482,20,0.4666666666666667,increase,False,10
78.0,2020-12-31,482,20,0.4666666666666667,increase,False,11
139.0,2021-05-19,482,21,0.2727272727272727,stable,False,12
218.0,2021-12-23,482,21,0.0,loss,True,13
323.0,2022-11-11,482,22,-0.2857142857142857,stable,True,14
23.0,2022-12-04,482,22,-0.21428571428571427,stable,True,15
201.0,2023-06-23,482,23,-0.09090909090909091,increase,True,16
142.0,2023-11-12,482,23,0.36363636363636365,stable,True,17
191.0,2024-05-21,482,24,0.0,increase,False,18
142.0,2024-10-10,482,24,0.3333333333333333,increase,False,19
68.0,2024-12-17,482,24,0.3333333333333333,increase,False,20
171.0,2025-06-06,482,25,0.25,increase,False,21
,2014-07-11,483,18,,stable,,0
462.0,2015-10-16,483,19,0.0,stable,False,1
187.0,2016-04-20,483,20,0.0,increase,False,2
18.0,2016-05-08,483,20,0.0,increase,True,3
295.0,2017-02-27,483,21,0.5,increase,True,4
121.0,2017-06-28,483,21,1.5,increase,True,5
453.0,2018-09-24,483,22,2.0,increase,True,6
156.0,2019-02-27,483,23,3.0,stable,True,7
106.0,2019-06-13,483,23,0.3333333333333333,stable,True,8
259.0,2020-02-27,483,24,0.0,stable,True,9
159.0,2020-08-04,483,24,-0.2,stable,True,10
70.0,2020-10-13,483,24,-0.2,stable,True,11
156.0,2021-03-18,483,25,0.0,stable,True,12
141.0,2021-08-06,483,25,0.0,stable,False,13
357.0,2022-07-29,483,26,0.0,increase,True,14
279.0,2023-05-04,483,27,0.25,stable,False,15
125.0,2023-09-06,483,27,0.5,loss,False,16
51.0,2023-10-27,483,27,0.125,stable,False,17
55.0,2023-12-21,483,28,-0.1,stable,False,18
155.0,2024-05-24,483,28,0.0,stable,False,19
206.0,2024-12-16,483,29,0.0,increase,False,20
86.0,2025-03-12,483,30,-0.1111111111111111,increase,False,21
6.0,2025-03-18,483,29,0.6666666666666666,stable,False,22
73.0,2025-05-30,483,29,0.1111111111111111,stable,False,23
,2021-08-06,484,24,,stable,,0
110.0,2021-11-24,484,25,,increase,,1
170.0,2022-05-13,484,25,0.2,increase,False,2
167.0,2022-10-27,484,26,1.0,increase,False,3
71.0,2023-01-06,484,26,2.0,increase,False,4
349.0,2023-12-21,484,27,0.3333333333333333,stable,False,5
155.0,2024-05-24,484,27,0.3333333333333333,stable,False,6
220.0,2024-12-30,484,28,0.0,stable,False,7
72.0,2025-03-12,484,29,-0.16666666666666666,stable,True,8
79.0,2025-05-30,484,28,-0.16666666666666666,stable,True,9
,2009-08-25,485,20,,increase,,0
344.0,2010-08-04,485,21,1.5,increase,True,1
767.0,2012-09-09,485,23,5.0,loss,True,2
147.0,2013-02-03,485,24,3.0,stable,True,3
307.0,2013-12-07,485,24,-0.2,stable,False,4
444.0,2015-02-24,485,25,0.0,stable,True,5
212.0,2015-09-24,485,26,0.0,stable,False,6
107.0,2016-01-09,485,27,4.0,stable,True,7
102.0,2016-04-20,485,27,0.0,increase,False,8
313.0,2017-02-27,485,28,4.0,stable,True,9
203.0,2017-09-18,485,28,0.0,loss,False,10
162.0,2018-02-27,485,29,-0.25,stable,False,11
295.0,2018-12-19,485,29,0.0,stable,True,12
176.0,2019-06-13,485,30,0.0,stable,True,13
121.0,2019-10-12,485,30,0.0,stable,False,14
297.0,2020-08-04,485,31,-0.2,stable,False,15
70.0,2020-10-13,485,31,-0.2,stable,True,16
156.0,2021-03-18,485,32,-0.16666666666666666,stable,True,17
141.0,2021-08-06,485,32,-0.16666666666666666,loss,False,18
110.0,2021-11-24,485,32,-0.2,loss,False,19
170.0,2022-05-13,485,33,-0.5,loss,False,20
167.0,2022-10-27,485,33,-0.5625,loss,False,21
71.0,2023-01-06,485,34,-0.5,loss,False,22
355.0,2023-12-27,485,34,-0.3,loss,True,23
184.0,2024-06-28,485,35,-0.2857142857142857,stable,False,24
182.0,2024-12-27,485,35,-0.2,loss,False,25
75.0,2025-03-12,485,36,-0.6,stable,True,26
98.0,2025-06-18,485,36,-0.6,stable,False,27
,2019-10-17,486,20,,increase,,0
133.0,2020-02-27,486,20,,stable,,1
159.0,2020-08-04,486,21,5.0,increase,False,2
70.0,2020-10-13,486,21,-0.1,increase,False,3
65.0,2020-12-17,486,21,1.5,stable,False,4
91.0,2021-03-18,486,22,2.3333333333333335,stable,False,5
141.0,2021-08-06,486,22,0.2,stable,False,6
110.0,2021-11-24,486,22,0.0,increase,False,7
170.0,2022-05-13,486,23,0.0,increase,False,8
167.0,2022-10-27,486,23,0.3333333333333333,increase,False,9
71.0,2023-01-06,486,24,0.6666666666666666,increase,False,10
77.0,2023-03-24,486,24,0.6666666666666666,increase,False,11
270.0,2023-12-19,486,24,0.4,increase,True,12
22.0,2024-01-10,486,25,1.0,increase,True,13
138.0,2024-05-27,486,25,0.4,increase,True,14
203.0,2024-12-16,486,25,1.0,stable,True,15
86.0,2025-03-12,486,26,1.1428571428571428,stable,True,16
79.0,2025-05-30,486,26,1.0,stable,True,17
11.0,2025-06-10,486,26,1.1428571428571428,stable,True,18
,2021-06-30,487,20,,increase,,0
147.0,2021-11-24,487,21,,increase,,1
170.0,2022-05-13,487,21,6.5,increase,False,2
124.0,2022-09-14,487,22,5.0,increase,False,3
43.0,2022-10-27,487,22,7.0,increase,False,4
71.0,2023-01-06,487,22,1.4444444444444444,increase,False,5
349.0,2023-12-21,487,23,0.2727272727272727,increase,False,6
20.0,2024-01-10,487,24,0.8181818181818182,stable,True,7
135.0,2024-05-24,487,23,0.36363636363636365,increase,False,8
206.0,2024-12-16,487,24,0.3333333333333333,loss,True,9
86.0,2025-03-12,487,25,0.06666666666666667,stable,True,10
79.0,2025-05-30,487,24,0.2,loss,True,11
,2016-01-11,488,19,,loss,,0
3.0,2016-01-14,488,19,,increase,,1
79.0,2016-04-02,488,19,,increase,,2
102.0,2016-07-13,488,19,7.333333333333333,increase,False,3
177.0,2017-01-06,488,20,14.0,increase,False,4
10.0,2017-01-16,488,20,0.6,increase,False,5
373.0,2018-01-24,488,21,2.75,increase,False,6
55.0,2018-03-20,488,21,4.5,stable,False,7
17.0,2018-04-06,488,21,4.5,stable,False,8
257.0,2018-12-19,488,21,0.13636363636363635,increase,True,9
135.0,2019-05-03,488,22,0.36363636363636365,stable,True,10
41.0,2019-06-13,488,22,0.5909090909090909,stable,True,11
121.0,2019-10-12,488,22,0.4,stable,False,12
297.0,2020-08-04,488,23,-0.2,loss,False,13
70.0,2020-10-13,488,23,-0.2857142857142857,loss,False,14
65.0,2020-12-17,488,23,-0.42857142857142855,loss,False,15
79.0,2021-03-06,488,24,-0.35714285714285715,loss,False,16
12.0,2021-03-18,488,24,-0.35714285714285715,loss,False,17
53.0,2021-05-10,488,24,-0.4,stable,False,18
227.0,2021-12-23,488,24,-0.2,stable,False,19
78.0,2022-03-11,488,25,0.0,stable,True,20
96.0,2022-06-15,488,25,-0.3333333333333333,increase,False,21
92.0,2022-09-15,488,25,-0.13333333333333333,increase,False,22
182.0,2023-03-16,488,26,0.38461538461538464,increase,False,23
96.0,2023-06-20,488,26,0.38461538461538464,increase,False,24
82.0,2023-09-10,488,26,0.6923076923076923,stable,False,25
100.0,2023-12-19,488,26,0.2222222222222222,stable,False,26
160.0,2024-05-27,488,27,-0.09090909090909091,stable,False,27
203.0,2024-12-16,488,27,0.0,loss,False,28
92.0,2025-03-18,488,28,-0.2,loss,False,29
73.0,2025-05-30,488,28,-0.3,loss,False,30
,2018-04-03,489,21,,increase,,0
174.0,2018-09-24,489,21,,increase,,1
277.0,2019-06-28,489,22,0.5,stable,False,2
244.0,2020-02-27,489,23,0.0,stable,False,3
159.0,2020-08-04,489,23,-0.2,stable,False,4
70.0,2020-10-13,489,23,-0.2,stable,True,5
266.0,2021-07-06,489,24,-0.16666666666666666,stable,True,6
141.0,2021-11-24,489,24,-0.16666666666666666,increase,False,7
170.0,2022-05-13,489,25,-0.2,increase,True,8
167.0,2022-10-27,489,25,0.5,increase,True,9
71.0,2023-01-06,489,26,1.75,stable,False,10
77.0,2023-03-24,489,26,1.25,increase,True,11
272.0,2023-12-21,489,27,0.3888888888888889,stable,True,12
155.0,2024-05-24,489,27,0.3888888888888889,stable,True,13
141.0,2024-10-12,489,28,0.2,stable,True,14
145.0,2025-03-06,489,28,0.2,loss,True,15
6.0,2025-03-12,489,28,-0.2,stable,True,16
90.0,2025-06-10,489,28,-0.16666666666666666,stable,True,17
,2019-06-28,490,19,,stable,,0
244.0,2020-02-27,490,20,0.0,stable,False,1
229.0,2020-10-13,490,20,0.0,increase,False,2
65.0,2020-12-17,490,20,3.0,increase,False,3
91.0,2021-03-18,490,21,4.0,increase,False,4
141.0,2021-08-06,490,21,1.0,stable,False,5
110.0,2021-11-24,490,21,0.6,increase,True,6
170.0,2022-05-13,490,22,0.0,increase,True,7
356.0,2023-05-04,490,23,0.25,increase,True,8
125.0,2023-09-06,490,23,0.5,increase,True,9
51.0,2023-10-27,490,23,1.5,increase,True,10
55.0,2023-12-21,490,23,3.0,increase,False,11
20.0,2024-01-10,490,24,14.0,increase,False,12
135.0,2024-05-24,490,24,3.5,increase,False,13
40.0,2024-07-03,490,24,0.5,increase,False,14
166.0,2024-12-16,490,24,1.7777777777777777,stable,False,15
86.0,2025-03-12,490,25,2.3333333333333335,stable,False,16
79.0,2025-05-30,490,25,2.6666666666666665,stable,False,17
,2022-03-30,491,16,,increase,,0
61.0,2022-05-30,491,16,,increase,,1
866.0,2024-10-12,491,19,0.5,increase,True,2
145.0,2025-03-06,491,19,11.0,increase,True,3
18.0,2025-03-24,491,19,7.0,increase,True,4
,2015-11-09,492,19,,stable,,0
367.0,2016-11-10,492,20,0.0,increase,True,1
109.0,2017-02-27,492,21,1.0,increase,True,2
203.0,2017-09-18,492,21,1.5,stable,False,3
162.0,2018-02-27,492,22,1.5,stable,False,4
209.0,2018-09-24,492,22,0.0,increase,False,5
277.0,2019-06-28,492,23,0.5,increase,False,6
111.0,2019-10-17,492,23,2.0,increase,True,7
133.0,2020-02-27,492,24,4.333333333333333,stable,True,8
159.0,2020-08-04,492,24,1.1333333333333333,increase,False,9
70.0,2020-10-13,492,24,-0.2,increase,False,10
156.0,2021-03-18,492,25,0.40625,stable,False,11
141.0,2021-08-06,492,25,0.5625,stable,False,12
110.0,2021-11-24,492,26,0.1111111111111111,loss,False,13
170.0,2022-05-13,492,26,0.0,loss,False,14
167.0,2022-10-27,492,26,-0.3,stable,False,15
71.0,2023-01-06,492,27,-0.3,stable,False,16
349.0,2023-12-21,492,28,0.0,stable,False,17
155.0,2024-05-24,492,28,0.0,stable,False,18
220.0,2024-12-30,492,29,-0.14285714285714285,stable,False,19
72.0,2025-03-12,492,30,-0.14285714285714285,stable,True,20
76.0,2025-05-27,492,29,-0.2,stable,False,21
14.0,2025-06-10,492,29,0.0,loss,True,22
,2016-09-30,493,17,,increase,,0
273.0,2017-06-30,493,17,13.0,increase,False,1
40.0,2017-08-09,493,18,19.0,increase,True,2
198.0,2018-02-23,493,18,0.7,increase,False,3
126.0,2018-06-29,493,18,1.0,increase,False,4
262.0,2019-03-18,493,19,9.0,loss,True,5
110.0,2019-07-06,493,19,14.0,stable,True,6
149.0,2019-12-02,493,19,-0.65,increase,False,7
28.0,2019-12-30,493,20,1.0,stable,False,8
218.0,2020-08-04,493,20,-0.1,loss,False,9
13.0,2020-08-17,493,20,-0.1,loss,False,10
115.0,2020-12-10,493,21,-0.1,loss,True,11
117.0,2021-04-06,493,21,-0.4444444444444444,stable,True,12
86.0,2021-07-01,493,21,-0.2777777777777778,loss,False,13
65.0,2021-09-04,493,21,-0.4444444444444444,loss,False,14
117.0,2021-12-30,493,22,-0.3076923076923077,stable,True,15
12.0,2022-01-11,493,23,0.15384615384615385,loss,True,16
54.0,2022-03-06,493,22,-0.5,increase,True,17
15.0,2022-03-21,493,22,-0.2,increase,True,18
179.0,2022-09-16,493,23,0.6,increase,True,19
140.0,2023-02-03,493,23,1.5,stable,True,20
133.0,2023-06-16,493,23,1.5,stable,False,21
194.0,2023-12-27,493,24,0.0,stable,False,22
162.0,2024-06-06,493,24,0.0,stable,False,23
196.0,2024-12-19,493,25,0.0,stable,False,24
102.0,2025-03-31,493,25,0.1,loss,False,25
60.0,2025-05-30,493,25,0.1,loss,False,26
105.0,2025-09-12,493,26,0.1,stable,True,27
175.0,2026-03-06,493,26,-0.2727272727272727,increase,True,28
,2016-11-21,494,18,,increase,,0
73.0,2017-02-02,494,18,,increase,,1
139.0,2017-06-21,494,19,2.0,increase,False,2
196.0,2018-01-03,494,19,0.3333333333333333,increase,True,3
177.0,2018-06-29,494,20,1.0,increase,True,4
257.0,2019-03-13,494,20,2.6666666666666665,increase,True,5
268.0,2019-12-06,494,21,0.8181818181818182,stable,False,6
10.0,2019-12-16,494,21,0.8181818181818182,stable,True,7
232.0,2020-08-04,494,21,-0.1,increase,False,8
71.0,2020-10-14,494,22,2.5,increase,False,9
55.0,2020-12-08,494,22,2.0,increase,False,10
162.0,2021-05-19,494,23,0.42857142857142855,stable,False,11
13.0,2021-06-01,494,22,0.42857142857142855,stable,False,12
198.0,2021-12-16,494,23,0.0,increase,True,13
57.0,2022-02-11,494,24,0.2,increase,True,14
40.0,2022-03-23,494,23,0.2,increase,True,15
68.0,2022-05-30,494,24,0.4,stable,True,16
393.0,2023-06-27,494,25,0.07142857142857142,increase,False,17
111.0,2023-10-16,494,25,0.2857142857142857,increase,False,18
63.0,2023-12-18,494,25,0.42857142857142855,stable,False,19
79.0,2024-03-06,494,26,0.6,stable,True,20
13.0,2024-03-19,494,25,0.7333333333333333,stable,True,21
207.0,2024-10-12,494,26,-0.07692307692307693,stable,False,22
145.0,2025-03-06,494,27,-0.38461538461538464,increase,False,23
6.0,2025-03-12,494,27,-0.15384615384615385,stable,True,24
12.0,2025-03-24,494,26,-0.23076923076923078,stable,False,25
78.0,2025-06-10,494,27,-0.08333333333333333,stable,True,26
,2016-06-02,495,17,,increase,,0
67.0,2016-08-08,495,17,,increase,,1
398.0,2017-09-10,495,19,4.0,increase,True,2
329.0,2018-08-05,495,19,1.5,increase,False,3
135.0,2018-12-18,495,20,12.333333333333334,stable,False,4
145.0,2019-05-12,495,21,5.666666666666667,stable,False,5
27.0,2019-06-08,495,20,4.333333333333333,stable,False,6
423.0,2020-08-04,495,21,0.125,loss,True,7
3.0,2020-08-07,495,21,-0.1,loss,True,8
236.0,2021-03-31,495,22,-0.2777777777777778,increase,False,9
101.0,2021-07-10,495,23,-0.16666666666666666,stable,False,10
58.0,2021-09-06,495,22,-0.2777777777777778,stable,False,11
26.0,2021-10-02,495,22,0.38461538461538464,stable,False,12
81.0,2021-12-22,495,23,0.15384615384615385,stable,False,13
258.0,2022-09-06,495,23,0.0,increase,False,14
5.0,2022-09-11,495,24,0.0,increase,False,15
284.0,2023-06-22,495,24,0.4666666666666667,increase,False,16
118.0,2023-10-18,495,25,1.3333333333333333,increase,False,17
57.0,2023-12-14,495,25,1.6666666666666667,stable,False,18
167.0,2024-05-29,495,25,0.2857142857142857,stable,False,19
205.0,2024-12-20,495,26,-0.1111111111111111,loss,False,20
137.0,2025-05-06,495,26,-0.1111111111111111,loss,False,21
161.0,2025-10-14,495,27,-0.25,stable,False,22
,2020-10-11,496,20,,increase,,0
376.0,2021-10-22,496,21,63.0,stable,False,1
12.0,2021-11-03,496,21,31.0,increase,False,2
145.0,2022-03-28,496,22,63.0,increase,False,3
80.0,2022-06-16,496,22,0.875,increase,False,4
90.0,2022-09-14,496,22,4.0,increase,True,5
43.0,2022-10-27,496,22,2.75,stable,True,6
71.0,2023-01-06,496,23,2.3333333333333335,stable,True,7
349.0,2023-12-21,496,23,0.0,stable,False,8
155.0,2024-05-24,496,24,0.0,stable,False,9
220.0,2024-12-30,496,24,0.0,increase,False,10
72.0,2025-03-12,496,25,0.8,stable,True,11
76.0,2025-05-27,496,25,0.2,increase,False,12
14.0,2025-06-10,496,25,0.6,increase,True,13
,2014-11-11,497,18,,increase,,0
216.0,2015-06-15,497,18,1.0,increase,False,1
161.0,2015-11-23,497,19,5.0,stable,False,2
188.0,2016-05-29,497,19,0.16666666666666666,stable,False,3
248.0,2017-02-01,497,20,0.0,increase,True,4
55.0,2017-03-28,497,20,1.1428571428571428,loss,True,5
131.0,2017-08-06,497,20,2.142857142857143,loss,False,6
148.0,2018-01-01,497,21,-0.3333333333333333,increase,True,7
149.0,2018-05-30,497,21,-0.3181818181818182,stable,True,8
204.0,2018-12-20,497,22,-0.06666666666666667,increase,True,9
14.0,2019-01-03,497,22,0.3333333333333333,increase,True,10
154.0,2019-06-06,497,22,1.6666666666666667,stable,True,11
189.0,2019-12-12,497,23,0.0,stable,False,12
236.0,2020-08-04,497,23,-0.2,increase,False,13
21.0,2020-08-25,497,24,-0.125,increase,False,14
126.0,2020-12-29,497,24,0.25,increase,False,15
67.0,2021-03-06,497,24,0.42857142857142855,increase,False,16
297.0,2021-12-28,497,25,0.6,increase,False,17
77.0,2022-03-15,497,25,1.4,stable,False,18
113.0,2022-07-06,497,25,0.875,stable,False,19
128.0,2022-11-11,497,26,0.08333333333333333,stable,False,20
221.0,2023-06-20,497,26,-0.07692307692307693,stable,True,21
182.0,2023-12-19,497,27,-0.16666666666666666,stable,False,22
160.0,2024-05-27,497,27,-0.16666666666666666,stable,False,23
203.0,2024-12-16,497,28,0.0,stable,False,24
165.0,2025-05-30,497,28,0.4,loss,False,25
,2021-06-30,498,23,,stable,,0
147.0,2021-11-24,498,23,,increase,,1
170.0,2022-05-13,498,23,0.0,increase,False,2
356.0,2023-05-04,498,24,0.7142857142857143,increase,False,3
125.0,2023-09-06,498,24,1.5714285714285714,stable,False,4
106.0,2023-12-21,498,25,0.5,increase,True,5
155.0,2024-05-24,498,25,0.0,increase,True,6
206.0,2024-12-16,498,26,0.6666666666666666,stable,False,7
86.0,2025-03-12,498,27,0.6666666666666666,stable,False,8
79.0,2025-05-30,498,26,0.6666666666666666,stable,False,9
,2021-12-23,499,20,,stable,,0
528.0,2023-06-04,499,21,-0.16666666666666666,increase,True,1
145.0,2023-10-27,499,21,2.0,stable,True,2
55.0,2023-12-21,499,22,2.6,stable,True,3
155.0,2024-05-24,499,22,0.0,stable,False,4
206.0,2024-12-16,499,23,0.0,increase,False,5
86.0,2025-03-12,499,24,12.333333333333334,stable,True,6
79.0,2025-05-30,499,23,1.2222222222222223,increase,False,7
11.0,2025-06-10,499,23,12.333333333333334,stable,True,8
,2020-02-03,500,16,,increase,,0
254.0,2020-10-14,500,16,1.0,increase,False,1
170.0,2021-04-02,500,17,2.2,increase,True,2
163.0,2021-09-12,500,17,10.0,increase,True,3
55.0,2021-11-06,500,17,5.875,increase,False,4
125.0,2022-03-11,500,18,1.0,increase,True,5
96.0,2022-06-15,500,18,1.0,increase,False,6
370.0,2023-06-20,500,19,1.0,stable,True,7
182.0,2023-12-19,500,19,0.0,stable,False,8
160.0,2024-05-27,500,20,0.0,stable,False,9
203.0,2024-12-16,500,20,0.0,stable,False,10
165.0,2025-05-30,500,21,0.0,stable,True,11
,2020-12-22,501,19,,increase,,0
190.0,2021-06-30,501,20,1.0,increase,False,1
95.0,2021-10-03,501,20,0.6666666666666666,increase,False,2
299.0,2022-07-29,501,21,1.0,increase,False,3
161.0,2023-01-06,501,22,3.8,stable,True,4
77.0,2023-03-24,501,22,2.0,stable,True,5
272.0,2023-12-21,501,22,-0.2,increase,False,6
155.0,2024-05-24,501,23,0.2,stable,False,7
220.0,2024-12-30,501,23,0.0,increase,False,8
72.0,2025-03-12,501,24,4.555555555555555,increase,False,9
16.0,2025-03-28,501,24,0.9444444444444444,increase,False,10
60.0,2025-05-27,501,24,2.888888888888889,increase,False,11
14.0,2025-06-10,501,24,4.0,increase,False,12
,2021-08-06,502,19,,increase,,0
139.0,2021-12-23,502,19,,increase,,1
141.0,2022-05-13,502,20,5.0,stable,True,2
167.0,2022-10-27,502,20,4.0,increase,True,3
71.0,2023-01-06,502,21,-0.06666666666666667,increase,True,4
294.0,2023-10-27,502,21,0.7857142857142857,increase,True,5
55.0,2023-12-21,502,21,1.8571428571428572,increase,True,6
155.0,2024-05-24,502,22,2.0,stable,False,7
40.0,2024-07-03,502,22,0.5,increase,False,8
166.0,2024-12-16,502,22,0.0,increase,True,9
86.0,2025-03-12,502,23,0.5,stable,True,10
6.0,2025-03-18,502,23,0.5,stable,True,11
73.0,2025-05-30,502,23,0.3333333333333333,increase,True,12
,2019-02-27,503,18,,increase,,0
121.0,2019-06-28,503,18,,stable,,1
244.0,2020-02-27,503,19,0.0,stable,True,2
159.0,2020-08-04,503,19,-0.1,stable,True,3
70.0,2020-10-13,503,19,-0.1,stable,True,4
297.0,2021-08-06,503,20,-0.07407407407407407,loss,False,5
58.0,2021-10-03,503,20,-0.07407407407407407,loss,True,6
81.0,2021-12-23,503,21,-0.07407407407407407,stable,False,7
174.0,2022-06-15,503,21,-0.3,increase,True,8
134.0,2022-10-27,503,21,-0.2,increase,True,9
71.0,2023-01-06,503,22,2.4285714285714284,increase,True,10
77.0,2023-03-24,503,22,1.2857142857142858,increase,True,11
217.0,2023-10-27,503,22,0.875,stable,False,12
55.0,2023-12-21,503,23,0.875,stable,False,13
155.0,2024-05-24,503,23,0.0,stable,False,14
206.0,2024-12-16,503,24,0.0,stable,True,15
86.0,2025-03-12,503,25,0.0,stable,True,16
79.0,2025-05-30,503,24,0.0,stable,True,17
,2016-06-22,504,18,,stable,,0
276.0,2017-03-25,504,19,0.0,increase,True,1
402.0,2018-05-01,504,20,6.0,increase,False,2
365.0,2019-05-01,504,21,1.0,increase,True,3
57.0,2019-06-27,504,21,1.2857142857142858,increase,True,4
186.0,2019-12-30,504,22,0.25,stable,True,5
218.0,2020-08-04,504,22,-0.2,increase,False,6
178.0,2021-01-29,504,23,-0.15,increase,True,7
151.0,2021-06-29,504,23,0.375,increase,True,8
199.0,2022-01-14,504,24,0.45454545454545453,increase,True,9
164.0,2022-06-27,504,24,2.1818181818181817,increase,True,10
140.0,2022-11-14,504,25,1.5,increase,False,11
39.0,2022-12-23,504,25,2.125,stable,False,12
89.0,2023-03-22,504,25,0.7142857142857143,increase,False,13
51.0,2023-05-12,504,26,0.8571428571428571,stable,False,14
45.0,2023-06-26,504,25,0.2,increase,False,15
229.0,2024-02-10,504,26,0.25,increase,False,16
31.0,2024-03-12,504,27,0.3333333333333333,increase,False,17
79.0,2024-05-30,504,26,0.16666666666666666,increase,False,18
383.0,2025-06-17,504,27,1.1428571428571428,stable,False,19
117.0,2025-10-12,504,28,1.0,stable,False,20
,2021-02-23,505,16,,increase,,0
115.0,2021-06-18,505,17,,increase,,1
207.0,2022-01-11,505,18,5.0,loss,True,2
171.0,2022-07-01,505,17,0.0,increase,True,3
77.0,2022-09-16,505,18,-0.6,increase,False,4
273.0,2023-06-16,505,19,2.3333333333333335,increase,False,5
133.0,2023-10-27,505,19,4.0,increase,True,6
55.0,2023-12-21,505,19,0.75,increase,True,7
20.0,2024-01-10,505,20,2.25,stable,True,8
135.0,2024-05-24,505,20,0.6666666666666666,increase,False,9
206.0,2024-12-16,505,20,0.3,increase,False,10
86.0,2025-03-12,505,21,1.0,stable,False,11
79.0,2025-05-30,505,21,0.1,increase,False,12
11.0,2025-06-10,505,21,0.8,increase,False,13
,2023-12-21,506,17,,increase,,0
266.0,2024-09-12,506,18,34.0,increase,True,1
24.0,2024-10-06,506,17,0.25,increase,True,2
157.0,2025-03-12,506,19,1.8571428571428572,stable,True,3
90.0,2025-06-10,506,19,79.0,stable,True,4
6.0,2025-06-16,506,18,59.0,stable,False,5
,2017-06-21,507,18,,increase,,0
196.0,2018-01-03,507,19,1.5,increase,True,1
97.0,2018-04-10,507,20,11.0,increase,True,2
80.0,2018-06-29,507,19,4.0,increase,True,3
182.0,2018-12-28,507,20,2.6,stable,True,4
343.0,2019-12-06,507,20,-0.16666666666666666,stable,False,5
42.0,2020-01-17,507,21,-0.16666666666666666,stable,True,6
164.0,2020-06-29,507,21,0.06666666666666667,increase,True,7
36.0,2020-08-04,507,21,-0.1,increase,False,8
71.0,2020-10-14,507,22,0.06666666666666667,increase,True,9
217.0,2021-05-19,507,22,0.5,stable,False,10
13.0,2021-06-01,507,22,0.125,increase,False,11
94.0,2021-09-03,507,22,0.25,stable,False,12
240.0,2022-05-01,507,23,0.2,increase,False,13
97.0,2022-08-06,507,23,1.0,increase,False,14
39.0,2022-09-14,507,24,1.5,increase,True,15
43.0,2022-10-27,507,24,2.0,increase,True,16
71.0,2023-01-06,507,24,2.5,stable,True,17
349.0,2023-12-21,507,25,0.0,stable,False,18
155.0,2024-05-24,507,25,0.0,stable,False,19
220.0,2024-12-30,507,26,-0.047619047619047616,increase,True,20
148.0,2025-05-27,507,26,0.5476190476190477,increase,True,21
108.0,2025-09-12,507,27,1.5,stable,False,22
35.0,2025-10-17,507,27,1.0,increase,False,23
140.0,2026-03-06,507,27,0.8461538461538461,stable,False,24
,2022-08-19,508,18,,increase,,0
87.0,2022-11-14,508,18,,increase,,1
253.0,2023-07-25,508,19,0.5,stable,False,2
110.0,2023-11-12,508,19,0.5,stable,False,3
137.0,2024-03-28,508,19,0.0,increase,False,4
168.0,2024-09-12,508,20,0.0,increase,True,5
189.0,2025-03-20,508,20,1.0,increase,True,6
90.0,2025-06-18,508,20,1.3333333333333333,increase,True,7
,2013-07-25,509,17,,increase,,0
791.0,2015-09-24,509,19,3.0,stable,True,1
69.0,2015-12-02,509,19,3.0,stable,False,2
37.0,2016-01-08,509,20,3.0,stable,True,3
103.0,2016-04-20,509,20,0.0,stable,False,4
313.0,2017-02-27,509,21,0.0,stable,True,5
121.0,2017-06-28,509,21,0.0,stable,True,6
218.0,2018-02-01,509,22,0.0,increase,False,7
33.0,2018-03-06,509,22,0.2,increase,True,8
128.0,2018-07-12,509,23,0.25,increase,True,9
313.0,2019-05-21,509,23,1.4,stable,False,10
42.0,2019-07-02,509,23,0.2,increase,False,11
169.0,2019-12-18,509,24,0.0,stable,False,12
112.0,2020-04-08,509,24,1.1333333333333333,stable,False,13
118.0,2020-08-04,509,24,-0.2,increase,False,14
72.0,2020-10-15,509,25,0.09375,stable,True,15
88.0,2021-01-11,509,26,0.0,stable,False,16
170.0,2021-06-30,509,25,-0.08571428571428572,stable,False,17
95.0,2021-10-03,509,25,0.0,stable,True,18
338.0,2022-09-06,509,26,0.0,increase,True,19
51.0,2022-10-27,509,27,-0.125,increase,False,20
71.0,2023-01-06,509,27,2.75,stable,False,21
77.0,2023-03-24,509,27,1.1875,increase,True,22
266.0,2023-12-15,509,28,0.7142857142857143,stable,True,23
168.0,2024-05-31,509,28,0.7142857142857143,loss,True,24
136.0,2024-10-14,509,29,-0.16666666666666666,loss,False,25
64.0,2024-12-17,509,29,-0.3333333333333333,loss,False,26
79.0,2025-03-06,509,29,-0.4166666666666667,loss,True,27
6.0,2025-03-12,509,30,-0.5,stable,True,28
,2022-07-29,510,21,,increase,,0
279.0,2023-05-04,510,21,0.2857142857142857,increase,False,1
176.0,2023-10-27,510,22,1.8571428571428572,increase,True,2
55.0,2023-12-21,510,22,2.3333333333333335,stable,True,3
155.0,2024-05-24,510,22,0.5,stable,False,4
220.0,2024-12-30,510,23,0.0,increase,True,5
72.0,2025-03-12,510,24,1.0,increase,True,6
79.0,2025-05-30,510,23,0.0,increase,True,7
11.0,2025-06-10,510,24,0.3333333333333333,increase,True,8
,2010-04-18,511,16,,increase,,0
2007.0,2015-10-16,511,22,9.0,stable,True,1
85.0,2016-01-09,511,23,9.0,stable,True,2
142.0,2016-05-30,511,22,0.0,stable,False,3
273.0,2017-02-27,511,23,0.0,increase,True,4
203.0,2017-09-18,511,24,2.0,stable,False,5
371.0,2018-09-24,511,25,0.0,stable,False,6
277.0,2019-06-28,511,25,0.0,increase,False,7
111.0,2019-10-17,511,26,0.3333333333333333,increase,True,8
133.0,2020-02-27,511,26,1.3333333333333333,stable,True,9
159.0,2020-08-04,511,26,0.4,increase,False,10
72.0,2020-10-15,511,27,0.0,stable,False,11
68.0,2020-12-22,511,27,0.14285714285714285,stable,False,12
190.0,2021-06-30,511,27,0.0,loss,False,13
95.0,2021-10-03,511,27,0.0,loss,False,14
52.0,2021-11-24,511,28,-0.25,loss,False,15
170.0,2022-05-13,511,28,-0.375,stable,False,16
167.0,2022-10-27,511,29,-0.4,stable,False,17
236.0,2023-06-20,511,29,0.1111111111111111,stable,True,18
182.0,2023-12-19,511,30,0.0,stable,False,19
160.0,2024-05-27,511,30,0.0,stable,False,20
203.0,2024-12-16,511,31,0.0,loss,False,21
165.0,2025-05-30,511,31,-0.25,loss,False,22
,2016-01-09,512,24,,stable,,0
780.0,2018-02-27,512,25,0.0,stable,True,1
961.0,2020-10-15,512,28,0.0,increase,True,2
258.0,2021-06-30,512,28,3.0,loss,False,3
95.0,2021-10-03,512,28,1.5,stable,False,4
52.0,2021-11-24,512,29,2.0,increase,False,5
170.0,2022-05-13,512,29,0.2,increase,False,6
167.0,2022-10-27,512,30,0.6666666666666666,increase,False,7
71.0,2023-01-06,512,30,2.0,stable,False,8
349.0,2023-12-21,512,31,-0.1111111111111111,stable,False,9
155.0,2024-05-24,512,31,-0.1111111111111111,stable,False,10
220.0,2024-12-30,512,32,-0.125,loss,False,11
72.0,2025-03-12,512,33,-0.375,loss,False,12
76.0,2025-05-27,512,32,-0.25,loss,False,13
,2020-07-30,513,19,,loss,,0
75.0,2020-10-13,513,19,,loss,,1
654.0,2022-07-29,513,21,-0.25,increase,True,2
279.0,2023-05-04,513,22,2.0,increase,True,3
125.0,2023-09-06,513,22,2.0,increase,False,4
51.0,2023-10-27,513,22,12.333333333333334,increase,True,5
55.0,2023-12-21,513,22,4.555555555555555,stable,True,6
155.0,2024-05-24,513,23,0.25,stable,False,7
220.0,2024-12-30,513,23,0.0,increase,False,8
72.0,2025-03-12,513,24,3.0,increase,False,9
76.0,2025-05-27,513,24,0.2,increase,False,10
14.0,2025-06-10,513,24,0.4,increase,False,11
,2021-05-10,514,18,,stable,,0
295.0,2022-03-01,514,18,0.0,increase,True,1
158.0,2022-08-06,514,18,3.0,increase,True,2
66.0,2022-10-11,514,19,15.0,increase,False,3
168.0,2023-03-28,514,19,4.0,increase,False,4
100.0,2023-07-06,514,19,4.0,increase,False,5
105.0,2023-10-19,514,20,5.0,increase,False,6
63.0,2023-12-21,514,20,9.0,increase,False,7
98.0,2024-03-28,514,20,3.0,stable,False,8
64.0,2024-05-31,514,20,2.1666666666666665,stable,False,9
203.0,2024-12-20,514,21,0.0,loss,True,10
97.0,2025-03-27,514,21,-0.21052631578947367,stable,True,11
40.0,2025-05-06,514,21,-0.21052631578947367,stable,True,12
,2017-09-18,515,24,,increase,,0
162.0,2018-02-27,515,24,,increase,,1
597.0,2019-10-17,515,26,3.0,stable,True,2
133.0,2020-02-27,515,26,5.0,stable,True,3
159.0,2020-08-04,515,26,0.2,increase,False,4
72.0,2020-10-15,515,27,0.16666666666666666,increase,False,5
258.0,2021-06-30,515,28,1.0,increase,False,6
95.0,2021-10-03,515,27,0.42857142857142855,increase,False,7
81.0,2021-12-23,515,28,1.8571428571428572,increase,False,8
78.0,2022-03-11,515,29,0.7142857142857143,stable,False,9
96.0,2022-06-15,515,29,1.4,stable,False,10
370.0,2023-06-20,515,30,0.16666666666666666,stable,False,11
182.0,2023-12-19,515,30,0.07142857142857142,loss,False,12
22.0,2024-01-10,515,31,-0.2857142857142857,stable,False,13
138.0,2024-05-27,515,30,-0.14285714285714285,loss,False,14
203.0,2024-12-16,515,31,-0.3333333333333333,loss,False,15
165.0,2025-05-30,515,32,-0.4166666666666667,loss,False,16
,2019-09-19,516,19,,increase,,0
90.0,2019-12-18,516,19,,increase,,1
370.0,2020-12-22,516,20,0.5,increase,True,2
190.0,2021-06-30,516,21,0.6666666666666666,increase,False,3
95.0,2021-10-03,516,21,0.6666666666666666,increase,False,4
52.0,2021-11-24,516,21,2.3333333333333335,increase,False,5
170.0,2022-05-13,516,22,1.8,increase,False,6
167.0,2022-10-27,516,22,0.4,increase,False,7
71.0,2023-01-06,516,23,0.42857142857142855,increase,False,8
349.0,2023-12-21,516,23,0.8,increase,True,9
155.0,2024-05-24,516,24,2.0,stable,True,10
40.0,2024-07-03,516,24,0.3888888888888889,stable,False,11
180.0,2024-12-30,516,24,0.2,stable,False,12
72.0,2025-03-12,516,25,0.2,stable,False,13
76.0,2025-05-27,516,25,0.2,stable,False,14
,2019-06-28,517,20,,increase,,0
1127.0,2022-07-29,517,23,4.0,increase,False,1
279.0,2023-05-04,517,24,0.4,increase,False,2
125.0,2023-09-06,517,24,1.0,increase,False,3
106.0,2023-12-21,517,25,0.7142857142857143,increase,False,4
155.0,2024-05-24,517,25,1.0,stable,False,5
206.0,2024-12-16,517,26,0.0,stable,False,6
86.0,2025-03-12,517,27,0.0,stable,True,7
79.0,2025-05-30,517,26,0.0,stable,False,8
,2017-04-21,519,18,,increase,,0
521.0,2018-09-24,519,20,1.0,increase,True,1
156.0,2019-02-27,519,20,5.0,increase,True,2
106.0,2019-06-13,519,21,5.0,increase,False,3
259.0,2020-02-27,519,21,0.5,stable,False,4
159.0,2020-08-04,519,21,0.3333333333333333,loss,False,5
72.0,2020-10-15,519,22,-0.1111111111111111,loss,False,6
257.0,2021-06-29,519,23,-0.25,stable,False,7
96.0,2021-10-03,519,22,-0.25,stable,False,8
52.0,2021-11-24,519,23,-0.25,stable,False,9
170.0,2022-05-13,519,24,-0.16666666666666666,stable,False,10
167.0,2022-10-27,519,24,-0.16666666666666666,stable,False,11
71.0,2023-01-06,519,25,-0.12,stable,False,12
349.0,2023-12-21,519,25,-0.09090909090909091,stable,True,13
155.0,2024-05-24,519,26,0.0,stable,True,14
220.0,2024-12-30,519,26,0.0,increase,False,15
72.0,2025-03-12,519,27,1.7272727272727273,increase,False,16
76.0,2025-05-27,519,27,0.8181818181818182,increase,False,17
14.0,2025-06-10,519,27,1.0454545454545454,increase,False,18
,2013-11-02,520,19,,increase,,0
146.0,2014-03-28,520,21,,increase,,1
333.0,2015-02-24,520,21,4.0,increase,False,2
212.0,2015-09-24,520,22,1.0,stable,False,3
107.0,2016-01-09,520,23,1.0,stable,True,4
102.0,2016-04-20,520,23,0.0,stable,False,5
313.0,2017-02-27,520,23,0.0,stable,True,6
203.0,2017-09-18,520,24,0.0,stable,False,7
371.0,2018-09-24,520,25,0.0,stable,False,8
277.0,2019-06-28,520,26,0.0,stable,False,9
244.0,2020-02-27,520,26,0.0,stable,True,10
159.0,2020-08-04,520,27,-0.2,increase,True,11
72.0,2020-10-15,520,27,0.0,stable,False,12
258.0,2021-06-30,520,28,0.0,stable,False,13
95.0,2021-10-03,520,27,0.0,stable,False,14
52.0,2021-11-24,520,28,-0.1,stable,False,15
170.0,2022-05-13,520,29,-0.1,stable,True,16
167.0,2022-10-27,520,29,0.0,stable,True,17
71.0,2023-01-06,520,30,0.1111111111111111,stable,False,18
349.0,2023-12-21,520,30,-0.1,loss,False,19
155.0,2024-05-24,520,31,-0.25,stable,False,20
220.0,2024-12-30,520,31,-0.2,loss,False,21
72.0,2025-03-12,520,32,-0.4666666666666667,loss,False,22
76.0,2025-05-27,520,32,-0.3333333333333333,loss,False,23
,2019-01-08,521,18,,increase,,0
254.0,2019-09-19,521,19,3.0,increase,False,1
90.0,2019-12-18,521,19,5.0,stable,False,2
230.0,2020-08-04,521,19,-0.1111111111111111,increase,True,3
71.0,2020-10-14,521,20,-0.1111111111111111,increase,False,4
217.0,2021-05-19,521,20,1.125,stable,False,5
13.0,2021-06-01,521,20,0.25,increase,False,6
94.0,2021-09-03,521,20,0.875,increase,False,7
240.0,2022-05-01,521,21,0.3333333333333333,increase,True,8
97.0,2022-08-06,521,21,2.3333333333333335,increase,True,9
97.0,2022-11-11,521,22,3.0,increase,False,10
126.0,2023-03-17,521,22,1.0,stable,False,11
98.0,2023-06-23,521,22,0.75,loss,False,12
126.0,2023-10-27,521,23,0.0,increase,True,13
55.0,2023-12-21,521,23,-0.2857142857142857,increase,True,14
155.0,2024-05-24,521,23,0.4,increase,False,15
123.0,2024-09-24,521,24,0.6,increase,False,16
97.0,2024-12-30,521,24,0.2857142857142857,increase,False,17
72.0,2025-03-12,521,25,1.2857142857142858,stable,False,18
76.0,2025-05-27,521,24,0.25,increase,False,19
14.0,2025-06-10,521,25,0.5,increase,False,20
,2021-03-18,522,18,,stable,,0
454.0,2022-06-15,522,19,0.2,increase,False,1
91.0,2022-09-14,522,19,5.0,stable,True,2
43.0,2022-10-27,522,20,5.0,stable,True,3
365.0,2023-10-27,522,21,0.2,increase,True,4
55.0,2023-12-21,522,21,0.4666666666666667,stable,True,5
158.0,2024-05-27,522,21,0.2222222222222222,stable,True,6
217.0,2024-12-30,522,22,0.0,increase,True,7
72.0,2025-03-12,522,23,0.8181818181818182,loss,True,8
76.0,2025-05-27,522,22,0.13636363636363635,stable,True,9
14.0,2025-06-10,522,22,0.8181818181818182,loss,True,10
,2014-08-28,523,19,,increase,,0
14.0,2014-09-11,523,19,,increase,,1
118.0,2015-01-07,523,19,,stable,,2
329.0,2015-12-02,523,19,0.0,stable,False,3
38.0,2016-01-09,523,21,0.0,stable,True,4
237.0,2016-09-02,523,20,0.0,loss,True,5
178.0,2017-02-27,523,21,-0.25,loss,False,6
121.0,2017-06-28,523,21,-0.25,loss,False,7
118.0,2017-10-24,523,22,-0.3333333333333333,stable,True,8
335.0,2018-09-24,523,23,0.0,increase,True,9
156.0,2019-02-27,523,23,0.5,increase,True,10
121.0,2019-06-28,523,23,1.5,increase,False,11
111.0,2019-10-17,523,24,1.3333333333333333,stable,False,12
133.0,2020-02-27,523,24,1.0,increase,False,13
159.0,2020-08-04,523,24,0.14285714285714285,increase,False,14
72.0,2020-10-15,523,25,0.4,stable,False,15
258.0,2021-06-30,523,25,0.0,stable,False,16
95.0,2021-10-03,523,25,0.0,stable,False,17
52.0,2021-11-24,523,26,0.0,stable,False,18
170.0,2022-05-13,523,26,0.0,stable,False,19
167.0,2022-10-27,523,27,0.0,stable,False,20
71.0,2023-01-06,523,27,0.0,stable,False,21
349.0,2023-12-21,523,28,0.0,stable,False,22
155.0,2024-05-24,523,28,0.0,stable,False,23
220.0,2024-12-30,523,29,-0.14285714285714285,stable,False,24
72.0,2025-03-12,523,30,-0.35714285714285715,stable,True,25
76.0,2025-05-27,523,29,-0.2857142857142857,stable,True,26
14.0,2025-06-10,523,30,-0.35714285714285715,stable,True,27
,2024-09-12,524,18,,increase,,0
277.0,2025-06-16,524,19,19.0,increase,True,1
182.0,2025-12-15,524,19,5.0,increase,False,2
,2018-12-21,525,19,,stable,,0
185.0,2019-06-24,525,19,0.0,stable,False,1
181.0,2019-12-22,525,20,-0.2,increase,True,2
222.0,2020-07-31,525,21,0.25,increase,False,3
145.0,2020-12-23,525,21,1.0,stable,True,4
104.0,2021-04-06,525,21,0.8,stable,True,5
421.0,2022-06-01,525,22,0.0,loss,True,6
103.0,2022-09-12,525,23,0.1111111111111111,increase,True,7
83.0,2022-12-04,525,22,-0.2222222222222222,increase,False,8
207.0,2023-06-29,525,23,1.2857142857142858,increase,True,9
10.0,2023-07-09,525,24,2.4285714285714284,increase,True,10
159.0,2023-12-15,525,24,3.2857142857142856,increase,True,11
161.0,2024-05-24,525,24,0.6666666666666666,stable,True,12
40.0,2024-07-03,525,24,0.3333333333333333,stable,True,13
180.0,2024-12-30,525,25,0.0,increase,False,14
72.0,2025-03-12,525,26,5.0,stable,False,15
76.0,2025-05-27,525,25,0.1,increase,False,16
14.0,2025-06-10,525,26,1.5,increase,False,17
,2016-07-15,526,19,,stable,,0
187.0,2017-01-18,526,19,0.0,stable,False,1
169.0,2017-07-06,526,19,0.4,stable,False,2
181.0,2018-01-03,526,20,-0.14285714285714285,increase,True,3
177.0,2018-06-29,526,21,0.42857142857142855,stable,True,4
182.0,2018-12-28,526,21,0.2,increase,True,5
343.0,2019-12-06,526,21,0.25,stable,False,6
12.0,2019-12-18,526,22,0.25,stable,False,7
230.0,2020-08-04,526,22,0.06666666666666667,increase,False,8
72.0,2020-10-15,526,23,1.0,increase,True,9
49.0,2020-12-03,526,22,0.3333333333333333,increase,False,10
19.0,2020-12-22,526,23,1.6666666666666667,stable,True,11
190.0,2021-06-30,526,24,0.0,increase,False,12
95.0,2021-10-03,526,23,0.0,increase,False,13
52.0,2021-11-24,526,24,0.25,stable,False,14
170.0,2022-05-13,526,24,0.5,increase,False,15
167.0,2022-10-27,526,25,0.2,increase,False,16
71.0,2023-01-06,526,25,1.6666666666666667,increase,False,17
77.0,2023-03-24,526,25,0.5,increase,False,18
170.0,2023-09-10,526,26,1.0,stable,True,19
100.0,2023-12-19,526,26,2.5555555555555554,stable,True,20
160.0,2024-05-27,526,26,-0.0625,stable,False,21
217.0,2024-12-30,526,27,0.0,stable,False,22
72.0,2025-03-12,526,28,0.06666666666666667,stable,False,23
76.0,2025-05-27,526,27,0.06666666666666667,stable,False,24
,2020-11-09,527,20,,increase,,0
233.0,2021-06-30,527,21,1.5,stable,False,1
95.0,2021-10-03,527,20,0.0,increase,False,2
52.0,2021-11-24,527,21,1.5,stable,False,3
170.0,2022-05-13,527,22,1.5,increase,False,4
167.0,2022-10-27,527,22,0.2,increase,False,5
71.0,2023-01-06,527,23,7.0,increase,False,6
294.0,2023-10-27,527,23,1.25,increase,False,7
55.0,2023-12-21,527,23,1.5,stable,False,8
155.0,2024-05-24,527,24,0.5555555555555556,stable,False,9
40.0,2024-07-03,527,23,0.2,stable,False,10
180.0,2024-12-30,527,24,0.16666666666666666,increase,False,11
72.0,2025-03-12,527,25,0.16666666666666666,increase,False,12
76.0,2025-05-27,527,25,0.16666666666666666,increase,False,13
,2017-06-09,528,19,,stable,,0
192.0,2017-12-18,528,19,0.0,increase,False,1
50.0,2018-02-06,528,20,15.0,loss,False,2
318.0,2018-12-21,528,20,-0.25,increase,False,3
228.0,2019-08-06,528,21,1.5,increase,False,4
138.0,2019-12-22,528,21,4.0,increase,False,5
222.0,2020-07-31,528,22,0.3333333333333333,increase,False,6
4.0,2020-08-04,528,22,-0.1,increase,False,7
141.0,2020-12-23,528,22,1.0,increase,False,8
104.0,2021-04-06,528,23,1.2222222222222223,increase,False,9
34.0,2021-05-10,528,23,2.3333333333333335,stable,True,10
227.0,2021-12-23,528,23,0.1111111111111111,stable,False,11
78.0,2022-03-11,528,24,0.0,stable,False,12
96.0,2022-06-15,528,24,0.0,stable,False,13
370.0,2023-06-20,528,25,-0.1111111111111111,stable,False,14
182.0,2023-12-19,528,25,0.125,stable,False,15
160.0,2024-05-27,528,26,0.125,stable,False,16
207.0,2024-12-20,528,26,0.0,loss,True,17
97.0,2025-03-27,528,27,-0.2222222222222222,stable,True,18
40.0,2025-05-06,528,27,-0.2222222222222222,stable,True,19
129.0,2025-09-12,528,27,-0.2222222222222222,stable,True,20
,2022-07-29,529,21,,increase,,0
90.0,2022-10-27,529,21,,increase,,1
71.0,2023-01-06,529,21,,increase,,2
294.0,2023-10-27,529,22,0.6666666666666666,stable,False,3
55.0,2023-12-21,529,22,0.6666666666666666,stable,False,4
155.0,2024-05-24,529,22,-0.04,increase,False,5
123.0,2024-09-24,529,23,0.1,increase,True,6
97.0,2024-12-30,529,23,0.25,increase,True,7
72.0,2025-03-12,529,24,2.125,stable,True,8
16.0,2025-03-28,529,23,0.45454545454545453,increase,False,9
60.0,2025-05-27,529,23,1.1818181818181819,increase,False,10
14.0,2025-06-10,529,24,1.7272727272727273,stable,False,11
,2018-10-24,530,17,,increase,,0
54.0,2018-12-17,530,17,,increase,,1
79.0,2019-03-06,530,18,,increase,,2
288.0,2019-12-19,530,18,9.0,increase,True,3
85.0,2020-03-13,530,19,19.0,stable,True,4
144.0,2020-08-04,530,19,0.8,increase,False,5
72.0,2020-10-15,530,19,0.0,increase,False,6
173.0,2021-04-06,530,20,0.6666666666666666,loss,False,7
86.0,2021-07-01,530,19,0.6666666666666666,loss,False,8
259.0,2022-03-17,530,21,-0.5,loss,True,9
25.0,2022-04-11,530,21,-0.6,stable,True,10
20.0,2022-05-01,530,20,-0.3,loss,True,11
97.0,2022-08-06,530,21,-0.5,loss,True,12
396.0,2023-09-06,530,22,-0.28,increase,True,13
104.0,2023-12-19,530,22,0.0,increase,True,14
78.0,2024-03-06,530,23,1.2222222222222223,increase,True,15
13.0,2024-03-19,530,23,0.9444444444444444,increase,True,16
207.0,2024-10-12,530,23,0.7142857142857143,increase,False,17
145.0,2025-03-06,530,24,1.2857142857142858,increase,False,18
18.0,2025-03-24,530,24,1.2857142857142858,increase,False,19
,2023-05-04,531,23,,increase,,0
125.0,2023-09-06,531,23,,increase,,1
112.0,2023-12-27,531,24,1.25,increase,False,2
189.0,2024-07-03,531,24,4.0,stable,False,3
180.0,2024-12-30,531,25,0.0,increase,True,4
72.0,2025-03-12,531,26,0.7777777777777778,increase,True,5
76.0,2025-05-27,531,25,0.4444444444444444,increase,True,6
14.0,2025-06-10,531,26,0.7777777777777778,increase,True,7
,2021-06-08,532,17,,increase,,0
63.0,2021-08-10,532,18,,increase,,1
128.0,2021-12-16,532,18,5.666666666666667,stable,False,2
165.0,2022-05-30,532,18,1.0,stable,False,3
151.0,2022-10-28,532,19,0.0,stable,True,4
231.0,2023-06-16,532,19,-0.1,increase,False,5
147.0,2023-11-10,532,20,0.2,increase,True,6
40.0,2023-12-20,532,20,0.6666666666666666,increase,True,7
138.0,2024-05-06,532,20,3.4444444444444446,loss,True,8
211.0,2024-12-03,532,20,-0.375,increase,False,9
15.0,2024-12-18,532,21,0.25,stable,True,10
181.0,2025-06-17,532,21,0.0,increase,False,11
,2019-05-01,533,22,,increase,,0
57.0,2019-06-27,533,22,,increase,,1
184.0,2019-12-28,533,23,1.25,stable,False,2
220.0,2020-08-04,533,23,-0.19444444444444445,increase,True,3
178.0,2021-01-29,533,24,0.1111111111111111,increase,True,4
151.0,2021-06-29,533,24,0.6551724137931034,stable,False,5
199.0,2022-01-14,533,25,0.16666666666666666,stable,True,6
87.0,2022-04-11,533,26,0.0,stable,True,7
237.0,2022-12-04,533,25,0.16666666666666666,loss,False,8
276.0,2023-09-06,533,26,-0.2857142857142857,increase,False,9
51.0,2023-10-27,533,27,0.2857142857142857,increase,True,10
55.0,2023-12-21,533,27,0.42857142857142855,increase,True,11
155.0,2024-05-24,533,27,0.3888888888888889,stable,False,12
40.0,2024-07-03,533,27,0.25,stable,False,13
180.0,2024-12-30,533,28,0.0,increase,False,14
72.0,2025-03-12,533,29,0.8,stable,False,15
76.0,2025-05-27,533,28,0.8,stable,False,16
,2023-08-24,534,16,,increase,,0
111.0,2023-12-13,534,16,,increase,,1
210.0,2024-07-10,534,17,9.0,stable,False,2
94.0,2024-10-12,534,17,9.0,increase,False,3
25.0,2024-11-06,534,17,0.0,increase,False,4
120.0,2025-03-06,534,18,-0.2,increase,False,5
218.0,2025-10-10,534,18,1.5,increase,False,6
,2017-10-17,535,19,,loss,,0
51.0,2017-12-07,535,19,,increase,,1
46.0,2018-01-22,535,19,,stable,,2
148.0,2018-06-19,535,20,0.5,increase,True,3
182.0,2018-12-18,535,20,0.3333333333333333,stable,True,4
139.0,2019-05-06,535,21,0.6666666666666666,stable,True,5
226.0,2019-12-18,535,21,-0.2,stable,True,6
230.0,2020-08-04,535,22,-0.125,increase,False,7
141.0,2020-12-23,535,22,1.5,increase,True,8
104.0,2021-04-06,535,23,1.2857142857142858,increase,True,9
248.0,2021-12-10,535,23,0.75,increase,True,10
27.0,2022-01-06,535,24,2.125,stable,True,11
84.0,2022-03-31,535,24,0.875,increase,True,12
1.0,2022-04-01,535,23,0.75,increase,True,13
165.0,2022-09-13,535,24,0.12,increase,False,14
44.0,2022-10-27,535,24,1.4285714285714286,increase,False,15
138.0,2023-03-14,535,24,1.1428571428571428,stable,False,16
145.0,2023-08-06,535,25,0.7647058823529411,stable,False,17
82.0,2023-10-27,535,25,0.16666666666666666,stable,True,18
55.0,2023-12-21,535,25,0.16666666666666666,increase,True,19
155.0,2024-05-24,535,26,0.0,increase,False,20
220.0,2024-12-30,535,26,0.21428571428571427,increase,False,21
72.0,2025-03-12,535,27,0.7142857142857143,stable,False,22
76.0,2025-05-27,535,27,0.14285714285714285,increase,False,23
14.0,2025-06-10,535,27,0.42857142857142855,increase,False,24
,2022-09-14,536,23,,increase,,0
43.0,2022-10-27,536,23,,increase,,1
71.0,2023-01-06,536,24,,increase,,2
349.0,2023-12-21,536,24,0.5,increase,False,3
155.0,2024-05-24,536,25,2.0,stable,False,4
40.0,2024-07-03,536,25,0.8666666666666667,stable,False,5
180.0,2024-12-30,536,26,0.07142857142857142,increase,True,6
72.0,2025-03-12,536,26,3.2857142857142856,stable,True,7
76.0,2025-05-27,536,26,0.25,increase,True,8
14.0,2025-06-10,536,26,0.42857142857142855,increase,True,9
,2021-12-23,537,20,,increase,,0
218.0,2022-07-29,537,21,1.0,increase,True,1
47.0,2022-09-14,537,21,3.0,increase,True,2
43.0,2022-10-27,537,21,3.0,increase,True,3
140.0,2023-03-16,537,22,2.3333333333333335,increase,True,4
96.0,2023-06-20,537,22,2.3333333333333335,increase,True,5
129.0,2023-10-27,537,22,0.5,stable,True,6
55.0,2023-12-21,537,22,0.25,stable,True,7
155.0,2024-05-24,537,23,0.16666666666666666,stable,False,8
40.0,2024-07-03,537,23,0.2,stable,False,9
180.0,2024-12-30,537,23,0.08333333333333333,increase,False,10
72.0,2025-03-12,537,24,0.3333333333333333,increase,False,11
76.0,2025-05-27,537,24,0.0,increase,False,12
,2015-03-09,538,18,,stable,,0
304.0,2016-01-07,538,18,0.0,stable,True,1
300.0,2016-11-02,538,18,0.0,increase,True,2
77.0,2017-01-18,538,19,0.16666666666666666,increase,True,3
169.0,2017-07-06,538,19,0.3333333333333333,increase,True,4
243.0,2018-03-06,538,20,2.75,stable,True,5
24.0,2018-03-30,538,20,2.0,increase,True,6
155.0,2018-09-01,538,20,1.0,increase,True,7
117.0,2018-12-27,538,21,0.25,increase,True,8
97.0,2019-04-03,538,21,1.5,increase,False,9
186.0,2019-10-06,538,21,1.25,loss,False,10
72.0,2019-12-17,538,22,1.0,stable,True,11
231.0,2020-08-04,538,22,-0.2,increase,False,12
340.0,2021-07-10,538,24,1.5,increase,True,13
58.0,2021-09-06,538,23,0.5625,increase,True,14
26.0,2021-10-02,538,23,0.40625,increase,True,15
81.0,2021-12-22,538,24,3.6875,increase,True,16
79.0,2022-03-11,538,25,3.0,increase,True,17
179.0,2022-09-06,538,24,0.3333333333333333,increase,False,18
287.0,2023-06-20,538,25,0.25,stable,True,19
82.0,2023-09-10,538,26,0.5,stable,True,20
100.0,2023-12-19,538,26,0.12,loss,False,21
160.0,2024-05-27,538,26,-0.06666666666666667,loss,False,22
203.0,2024-12-16,538,27,-0.21428571428571427,loss,False,23
92.0,2025-03-18,538,27,-0.35714285714285715,loss,False,24
73.0,2025-05-30,538,27,-0.42857142857142855,loss,False,25
105.0,2025-09-12,538,28,-0.45454545454545453,loss,False,26
35.0,2025-10-17,538,28,-0.2222222222222222,loss,False,27
140.0,2026-03-06,538,28,-0.5,stable,False,28
,2020-04-08,539,17,,increase,,0
246.0,2020-12-10,539,17,2.0,increase,False,1
32.0,2021-01-11,539,18,7.0,loss,False,2
325.0,2021-12-02,539,18,-0.375,increase,False,3
207.0,2022-06-27,539,19,0.6,increase,False,4
14.0,2022-07-11,539,19,0.6,increase,False,5
231.0,2023-02-27,539,20,0.25,stable,False,6
84.0,2023-05-22,539,20,0.25,stable,False,7
212.0,2023-12-20,539,21,0.0,increase,False,8
162.0,2024-05-30,539,21,0.3333333333333333,increase,False,9
4.0,2024-06-03,539,21,-0.2,increase,False,10
115.0,2024-09-26,539,21,1.6666666666666667,increase,False,11
83.0,2024-12-18,539,22,4.0,increase,False,12
86.0,2025-03-14,539,22,5.666666666666667,increase,False,13
70.0,2025-05-23,539,22,1.5,increase,False,14
123.0,2025-09-23,539,22,0.625,increase,False,15
,2011-08-15,540,18,,increase,,0
312.0,2012-06-22,540,19,19.0,increase,False,1
10.0,2012-07-02,540,18,4.0,increase,False,2
216.0,2013-02-03,540,19,19.0,stable,False,3
4.0,2013-02-07,540,20,19.0,stable,True,4
342.0,2014-01-15,540,20,0.0,stable,False,5
327.0,2014-12-08,540,21,0.0,loss,False,6
30.0,2015-01-07,540,22,-0.2,stable,False,7
329.0,2015-12-02,540,21,-0.125,increase,False,8
37.0,2016-01-08,540,23,1.25,stable,False,9
238.0,2016-09-02,540,22,0.0,increase,False,10
171.0,2017-02-20,540,23,0.0,increase,False,11
128.0,2017-06-28,540,24,0.6666666666666666,stable,False,12
218.0,2018-02-01,540,24,0.2,stable,False,13
116.0,2018-05-28,540,25,0.4666666666666667,stable,False,14
275.0,2019-02-27,540,25,-0.18181818181818182,loss,False,15
121.0,2019-06-28,540,26,-0.3181818181818182,loss,False,16
110.0,2019-10-16,540,26,-0.3333333333333333,loss,False,17
134.0,2020-02-27,540,26,-0.4666666666666667,loss,False,18
159.0,2020-08-04,540,27,-0.4583333333333333,loss,False,19
72.0,2020-10-15,540,27,-0.5625,loss,False,20
154.0,2021-03-18,540,28,-0.5384615384615384,loss,True,21
141.0,2021-08-06,540,28,-0.42857142857142855,loss,True,22
139.0,2021-12-23,540,28,-0.3333333333333333,increase,False,23
78.0,2022-03-11,540,29,-0.25,increase,False,24
96.0,2022-06-15,540,29,-0.1,increase,False,25
331.0,2023-05-12,540,30,0.6666666666666666,stable,True,26
39.0,2023-06-20,540,30,-0.16666666666666666,increase,True,27
94.0,2023-09-22,540,30,0.1111111111111111,increase,True,28
172.0,2024-03-12,540,31,1.0,loss,True,29
79.0,2024-05-30,540,31,0.5,loss,False,30
383.0,2025-06-17,540,32,-0.5,stable,False,31
117.0,2025-10-12,540,32,-0.5,stable,False,32
,2017-04-21,541,21,,increase,,0
909.0,2019-10-17,541,24,9.0,stable,False,1
133.0,2020-02-27,541,24,14.0,loss,False,2
159.0,2020-08-04,541,24,0.2,increase,False,3
140.0,2020-12-22,541,25,-0.3333333333333333,increase,True,4
190.0,2021-06-30,541,26,1.0,stable,False,5
95.0,2021-10-03,541,25,0.0,increase,False,6
52.0,2021-11-24,541,26,0.6,loss,False,7
138.0,2022-04-11,541,27,0.6,loss,True,8
32.0,2022-05-13,541,26,0.6,loss,False,9
313.0,2023-03-22,541,27,-0.25,loss,True,10
168.0,2023-09-06,541,27,-0.4375,loss,True,11
106.0,2023-12-21,541,28,-0.5,stable,True,12
155.0,2024-05-24,541,28,-0.4444444444444444,stable,True,13
217.0,2024-12-27,541,29,0.1,loss,False,14
75.0,2025-03-12,541,30,0.0,stable,True,15
98.0,2025-06-18,541,30,0.1,loss,False,16
,2023-12-27,542,20,,stable,,0
184.0,2024-06-28,542,20,0.2,increase,False,1
88.0,2024-09-24,542,20,6.0,stable,True,2
97.0,2024-12-30,542,21,4.833333333333333,increase,True,3
72.0,2025-03-12,542,22,7.333333333333333,increase,True,4
76.0,2025-05-27,542,21,0.0,increase,False,5
,2025-03-06,543,17,,increase,,0
179.0,2025-09-01,543,17,,increase,,1
134.0,2026-01-13,543,18,0.875,increase,False,2
,2023-06-04,544,18,,stable,,0
12.0,2023-06-16,544,18,,stable,,1
187.0,2023-12-20,544,19,0.0,increase,True,2
187.0,2024-06-24,544,19,19.0,increase,False,3
177.0,2024-12-18,544,20,19.0,increase,False,4
189.0,2025-06-25,544,20,3.0,increase,False,5
,2014-07-10,545,19,,increase,,0
181.0,2015-01-07,545,20,17.0,loss,False,1
329.0,2015-12-02,545,19,-0.6666666666666666,increase,False,2
35.0,2016-01-06,545,21,0.0,stable,False,3
2.0,2016-01-08,545,21,-0.1111111111111111,stable,False,4
238.0,2016-09-02,545,20,0.125,stable,False,5
171.0,2017-02-20,545,21,0.0,stable,True,6
128.0,2017-06-28,545,22,-0.1111111111111111,loss,True,7
82.0,2017-09-18,545,22,-0.125,increase,False,8
162.0,2018-02-27,545,22,-0.25,increase,False,9
209.0,2018-09-24,545,23,0.5,loss,True,10
277.0,2019-06-28,545,24,-0.3333333333333333,stable,False,11
244.0,2020-02-27,545,24,-0.16666666666666666,stable,False,12
159.0,2020-08-04,545,24,-0.3333333333333333,increase,False,13
72.0,2020-10-15,545,25,0.12,increase,False,14
68.0,2020-12-22,545,25,0.2,increase,False,15
190.0,2021-06-30,545,26,0.6666666666666666,stable,False,16
95.0,2021-10-03,545,25,0.3333333333333333,increase,False,17
52.0,2021-11-24,545,26,1.0,loss,False,18
170.0,2022-05-13,545,27,0.5,loss,False,19
167.0,2022-10-27,545,27,-0.25,stable,False,20
71.0,2023-01-06,545,28,-0.25,stable,False,21
349.0,2023-12-21,545,28,0.0,loss,False,22
155.0,2024-05-24,545,29,-0.2222222222222222,stable,False,23
220.0,2024-12-30,545,29,-0.14285714285714285,stable,True,24
127.0,2025-05-06,545,30,-0.14285714285714285,stable,True,25
190.0,2025-11-12,545,30,-0.06666666666666667,loss,False,26
,2014-09-10,546,21,,increase,,0
170.0,2015-02-27,546,22,,stable,,1
231.0,2015-10-16,546,22,0.0,increase,False,2
85.0,2016-01-09,546,23,2.3333333333333335,increase,True,3
142.0,2016-05-30,546,23,1.6666666666666667,increase,False,4
273.0,2017-02-27,546,24,0.875,increase,True,5
203.0,2017-09-18,546,24,1.0,increase,False,6
371.0,2018-09-24,546,25,1.6666666666666667,increase,True,7
277.0,2019-06-28,546,26,0.375,increase,False,8
106.0,2019-10-12,546,27,1.5,increase,False,9
58.0,2019-12-09,546,26,0.75,increase,False,10
234.0,2020-07-30,546,27,0.8571428571428571,loss,False,11
5.0,2020-08-04,546,27,0.35714285714285715,stable,False,12
30.0,2020-09-03,546,27,0.7142857142857143,stable,False,13
40.0,2020-10-13,546,27,0.8571428571428571,loss,False,14
156.0,2021-03-18,546,28,-0.16666666666666666,loss,False,15
141.0,2021-08-06,546,28,-0.3076923076923077,loss,False,16
110.0,2021-11-24,546,29,-0.3,stable,False,17
170.0,2022-05-13,546,29,-0.2222222222222222,stable,False,18
167.0,2022-10-27,546,30,0.0,loss,False,19
71.0,2023-01-06,546,30,-0.14285714285714285,stable,False,20
347.0,2023-12-19,546,31,-0.16666666666666666,loss,False,21
160.0,2024-05-27,546,31,-0.3333333333333333,loss,False,22
120.0,2024-09-24,546,31,-0.6,loss,True,23
97.0,2024-12-30,546,32,-0.55,loss,True,24
72.0,2025-03-12,546,33,-0.7,stable,True,25
76.0,2025-05-27,546,32,-0.35,loss,True,26
,2015-09-24,547,21,,increase,,0
107.0,2016-01-09,547,22,,stable,,1
415.0,2017-02-27,547,23,0.0,increase,True,2
574.0,2018-09-24,547,24,1.0,increase,False,3
277.0,2019-06-28,547,25,2.3333333333333335,increase,False,4
111.0,2019-10-17,547,25,5.666666666666667,increase,True,5
133.0,2020-02-27,547,26,4.0,stable,True,6
159.0,2020-08-04,547,26,1.0,increase,False,7
70.0,2020-10-13,547,26,0.0,stable,False,8
156.0,2021-03-18,547,27,0.25,stable,False,9
141.0,2021-08-06,547,27,0.2,loss,False,10
110.0,2021-11-24,547,28,0.0,loss,False,11
170.0,2022-05-13,547,28,-0.3333333333333333,loss,False,12
167.0,2022-10-27,547,28,-0.3,loss,False,13
71.0,2023-01-06,547,29,-0.375,loss,False,14
349.0,2023-12-21,547,30,-0.28,loss,False,15
155.0,2024-05-24,547,30,-0.4,stable,False,16
220.0,2024-12-30,547,31,-0.2,loss,False,17
72.0,2025-03-12,547,32,-0.4,loss,True,18
76.0,2025-05-27,547,31,-0.3333333333333333,loss,False,19
,2020-10-15,548,20,,increase,,0
25.0,2020-11-09,548,20,,increase,,1
43.0,2020-12-22,548,20,,stable,,2
285.0,2021-10-03,548,21,0.0,increase,True,3
52.0,2021-11-24,548,21,0.5384615384615384,increase,True,4
170.0,2022-05-13,548,22,1.3076923076923077,increase,True,5
124.0,2022-09-14,548,22,2.0,stable,True,6
43.0,2022-10-27,548,22,2.0,stable,True,7
71.0,2023-01-06,548,23,2.0,loss,True,8
77.0,2023-03-24,548,23,0.16666666666666666,loss,False,9
170.0,2023-09-10,548,23,-0.3333333333333333,loss,True,10
100.0,2023-12-19,548,23,-0.35714285714285715,stable,True,11
157.0,2024-05-24,548,24,-0.25,stable,True,12
123.0,2024-09-24,548,24,0.1111111111111111,stable,True,13
97.0,2024-12-30,548,24,0.0,increase,False,14
72.0,2025-03-12,548,25,0.5555555555555556,increase,False,15
76.0,2025-05-27,548,25,-0.1,increase,True,16
,2014-09-11,549,19,,increase,,0
118.0,2015-01-07,549,19,,loss,,1
329.0,2015-12-02,549,19,-0.625,increase,False,2
37.0,2016-01-08,549,20,0.5,stable,False,3
238.0,2016-09-02,549,20,0.0,stable,False,4
171.0,2017-02-20,549,21,0.0,stable,False,5
128.0,2017-06-28,549,21,0.0,stable,False,6
218.0,2018-02-01,549,22,0.0,increase,False,7
193.0,2018-08-13,549,22,1.3333333333333333,stable,False,8
128.0,2018-12-19,549,23,1.3333333333333333,increase,False,9
176.0,2019-06-13,549,23,0.0,increase,False,10
121.0,2019-10-12,549,24,0.8571428571428571,stable,True,11
58.0,2019-12-09,549,23,0.42857142857142855,stable,True,12
239.0,2020-08-04,549,24,0.05,increase,False,13
70.0,2020-10-13,549,25,0.05,increase,False,14
156.0,2021-03-18,549,25,0.6190476190476191,stable,False,15
141.0,2021-08-06,549,25,0.6190476190476191,stable,False,16
139.0,2021-12-23,549,26,0.0,loss,False,17
78.0,2022-03-11,549,27,-0.11764705882352941,stable,True,18
96.0,2022-06-15,549,26,0.0,loss,False,19
370.0,2023-06-20,549,27,-0.23529411764705882,loss,True,20
182.0,2023-12-19,549,28,-0.23076923076923078,stable,False,21
22.0,2024-01-10,549,29,-0.38461538461538464,stable,False,22
138.0,2024-05-27,549,28,-0.23076923076923078,stable,False,23
203.0,2024-12-16,549,29,-0.2,loss,False,24
86.0,2025-03-12,549,30,-0.65,stable,True,25
79.0,2025-05-30,549,29,-0.5,loss,False,26
11.0,2025-06-10,549,30,-0.55,loss,True,27
,2022-06-15,550,18,,increase,,0
91.0,2022-09-14,550,18,,increase,,1
43.0,2022-10-27,550,18,,increase,,2
71.0,2023-01-06,550,19,4.0,increase,True,3
294.0,2023-10-27,550,19,0.75,increase,True,4
55.0,2023-12-21,550,19,1.25,stable,True,5
155.0,2024-05-24,550,20,0.2857142857142857,stable,False,6
208.0,2024-12-18,550,20,0.0,loss,True,7
97.0,2025-03-25,550,21,-0.2222222222222222,increase,True,8
84.0,2025-06-17,550,21,-0.2222222222222222,increase,False,9
23.0,2025-07-10,550,21,1.2222222222222223,increase,False,10
,2016-01-09,551,20,,stable,,0
415.0,2017-02-27,551,21,0.0,stable,False,1
851.0,2019-06-28,551,23,0.0,increase,False,2
733.0,2021-06-30,551,25,0.6,increase,True,3
147.0,2021-11-24,551,26,1.0,increase,True,4
170.0,2022-05-13,551,26,0.25,increase,False,5
167.0,2022-10-27,551,27,0.6,increase,False,6
71.0,2023-01-06,551,27,0.6,increase,False,7
349.0,2023-12-21,551,28,0.5,increase,False,8
155.0,2024-05-24,551,28,1.25,stable,False,9
220.0,2024-12-30,551,29,-0.1111111111111111,loss,False,10
72.0,2025-03-12,551,30,-0.2777777777777778,stable,False,11
76.0,2025-05-27,551,29,-0.16666666666666666,stable,False,12
,2020-01-08,552,16,,increase,,0
281.0,2020-10-15,552,17,0.3333333333333333,increase,False,1
173.0,2021-04-06,552,17,7.0,stable,False,2
86.0,2021-07-01,552,17,1.0,increase,False,3
65.0,2021-09-04,552,17,5.0,stable,False,4
103.0,2021-12-16,552,18,-0.16666666666666666,stable,False,5
165.0,2022-05-30,552,18,-0.16666666666666666,stable,False,6
134.0,2022-10-11,552,19,0.2,stable,True,7
397.0,2023-11-12,552,20,0.0,loss,False,8
24.0,2023-12-06,552,19,0.0,loss,False,9
167.0,2024-05-21,552,20,-0.25,stable,False,10
210.0,2024-12-17,552,21,-0.1111111111111111,stable,False,11
182.0,2025-06-17,552,21,0.0,loss,True,12
97.0,2025-09-22,552,22,-0.25,stable,False,13
,2022-05-13,553,22,,increase,,0
167.0,2022-10-27,553,23,,increase,,1
71.0,2023-01-06,553,23,7.75,stable,False,2
77.0,2023-03-24,553,23,6.0,increase,False,3
272.0,2023-12-21,553,24,0.25,stable,False,4
155.0,2024-05-24,553,24,0.25,stable,False,5
220.0,2024-12-30,553,25,0.0,increase,False,6
72.0,2025-03-12,553,26,0.0,increase,False,7
76.0,2025-05-27,553,25,0.0,increase,False,8
,2022-01-01,554,17,,increase,,0
170.0,2022-06-20,554,18,,increase,,1
193.0,2022-12-30,554,18,1.0,increase,False,2
133.0,2023-05-12,554,19,9.0,stable,False,3
63.0,2023-07-14,554,19,1.5,increase,False,4
328.0,2024-06-06,554,20,0.8666666666666667,stable,False,5
207.0,2024-12-30,554,20,0.0,loss,True,6
148.0,2025-05-27,554,21,-0.10714285714285714,loss,True,7
105.0,2025-09-09,554,21,-0.2857142857142857,loss,True,8
33.0,2025-10-12,554,21,-0.4642857142857143,stable,True,9
,2023-06-19,555,16,,increase,,0
192.0,2023-12-28,555,17,0.6666666666666666,increase,True,1
76.0,2024-03-13,555,17,1.0,increase,True,2
71.0,2024-05-23,555,17,2.3333333333333335,increase,True,3
126.0,2024-09-26,555,17,2.0,increase,True,4
83.0,2024-12-18,555,17,11.0,increase,True,5
86.0,2025-03-14,555,18,29.0,increase,True,6
70.0,2025-05-23,555,18,25.666666666666668,increase,False,7
123.0,2025-09-23,555,18,1.0,increase,False,8
,2022-06-15,556,18,,increase,,0
134.0,2022-10-27,556,19,,increase,,1
71.0,2023-01-06,556,19,1.0,stable,False,2
77.0,2023-03-24,556,19,0.6,stable,True,3
270.0,2023-12-19,556,20,0.0,increase,True,4
22.0,2024-01-10,556,21,1.5,stable,True,5
138.0,2024-05-27,556,20,0.0,increase,True,6
203.0,2024-12-16,556,21,1.5,stable,True,7
165.0,2025-05-30,556,21,1.25,increase,True,8
105.0,2025-09-12,556,22,0.2,increase,False,9
35.0,2025-10-17,556,22,0.1,increase,False,10
140.0,2026-03-06,556,22,1.0,stable,False,11
,2022-09-12,557,17,,increase,,0
290.0,2023-06-29,557,17,1.0,increase,False,1
10.0,2023-07-09,557,17,13.0,increase,False,2
159.0,2023-12-15,557,18,17.0,increase,False,3
277.0,2024-09-17,557,18,2.3333333333333335,increase,False,4
80.0,2024-12-06,557,18,1.7777777777777777,increase,False,5
6.0,2024-12-12,557,19,2.3333333333333335,increase,False,6
188.0,2025-06-18,557,19,0.6666666666666666,increase,False,7
,2018-05-01,558,22,,increase,,0
365.0,2019-05-01,558,23,19.0,increase,False,1
57.0,2019-06-27,558,24,23.0,increase,False,2
184.0,2019-12-28,558,24,0.3333333333333333,stable,False,3
220.0,2020-08-04,558,24,-0.1875,increase,False,4
177.0,2021-01-28,558,25,-0.0625,increase,True,5
113.0,2021-05-21,558,26,1.3076923076923077,stable,True,6
220.0,2021-12-27,558,26,0.0,increase,False,7
15.0,2022-01-11,558,27,1.3333333333333333,loss,True,8
140.0,2022-05-31,558,27,0.3333333333333333,increase,False,9
125.0,2022-10-03,558,26,-0.42857142857142855,increase,True,10
123.0,2023-02-03,558,27,1.5,stable,True,11
133.0,2023-06-16,558,28,2.0,stable,True,12
194.0,2023-12-27,558,28,0.0,stable,False,13
162.0,2024-06-06,558,29,0.25,stable,False,14
58.0,2024-08-03,558,28,0.08333333333333333,stable,False,15
138.0,2024-12-19,558,29,0.0,loss,False,16
162.0,2025-05-30,558,30,0.0,loss,False,17
123.0,2025-09-30,558,30,-0.26666666666666666,loss,False,18
,2022-03-11,559,18,,stable,,0
188.0,2022-09-15,559,18,0.0,loss,False,1
407.0,2023-10-27,559,19,-0.3333333333333333,stable,False,2
55.0,2023-12-21,559,19,-0.4,stable,False,3
155.0,2024-05-24,559,20,-0.1,stable,False,4
220.0,2024-12-30,559,20,0.0,stable,True,5
72.0,2025-03-12,559,21,0.0,stable,True,6
76.0,2025-05-27,559,21,0.0,stable,True,7
,2020-12-10,560,18,,increase,,0
117.0,2021-04-06,560,19,,increase,,1
86.0,2021-07-01,560,18,2.75,increase,False,2
40.0,2021-08-10,560,19,19.0,stable,False,3
25.0,2021-09-04,560,19,7.75,increase,False,4
103.0,2021-12-16,560,19,0.3333333333333333,stable,False,5
57.0,2022-02-11,560,20,-0.125,stable,False,6
108.0,2022-05-30,560,20,1.2857142857142858,stable,False,7
393.0,2023-06-27,560,21,-0.125,loss,False,8
174.0,2023-12-18,560,21,-0.25,loss,False,9
95.0,2024-03-22,560,22,-0.2857142857142857,loss,True,10
15.0,2024-04-06,560,22,-0.2857142857142857,loss,True,11
189.0,2024-10-12,560,22,-0.4,loss,True,12
151.0,2025-03-12,560,23,-0.6,loss,True,13
76.0,2025-05-27,560,23,-0.3333333333333333,loss,True,14
,2011-07-25,561,17,,increase,,0
1121.0,2014-08-19,561,20,1.0,increase,True,1
864.0,2016-12-30,561,22,0.5,stable,True,2
298.0,2017-10-24,561,23,0.0,increase,True,3
491.0,2019-02-27,561,25,0.6666666666666666,increase,True,4
121.0,2019-06-28,561,25,2.3333333333333335,stable,True,5
403.0,2020-08-04,561,26,-0.2,increase,False,6
72.0,2020-10-15,561,26,0.2,stable,False,7
258.0,2021-06-30,561,27,0.16666666666666666,increase,False,8
95.0,2021-10-03,561,27,0.16666666666666666,increase,False,9
52.0,2021-11-24,561,27,0.6666666666666666,increase,True,10
170.0,2022-05-13,561,28,1.1428571428571428,stable,True,11
167.0,2022-10-27,561,28,0.5,stable,False,12
71.0,2023-01-06,561,29,0.0,stable,False,13
349.0,2023-12-21,561,29,0.0,stable,False,14
175.0,2024-06-13,561,30,0.0,stable,True,15
182.0,2024-12-12,561,30,0.0,loss,False,16
90.0,2025-03-12,561,31,-0.5333333333333333,stable,True,17
76.0,2025-05-27,561,31,-0.4666666666666667,stable,True,18
,2016-04-25,562,16,,increase,,0
81.0,2016-07-15,562,17,,increase,,1
330.0,2017-06-10,562,18,3.6666666666666665,increase,False,2
88.0,2017-09-06,562,17,0.3333333333333333,increase,False,3
25.0,2017-10-01,562,17,0.3333333333333333,increase,False,4
240.0,2018-05-29,562,18,39.0,loss,False,5
187.0,2018-12-02,562,18,-0.5,increase,False,6
120.0,2019-04-01,562,19,0.25,increase,False,7
5.0,2019-04-06,562,19,0.875,stable,False,8
330.0,2020-03-01,562,20,-0.06666666666666667,loss,False,9
38.0,2020-04-08,562,21,-0.13333333333333333,stable,False,10
118.0,2020-08-04,562,20,-0.16666666666666666,loss,False,11
141.0,2020-12-23,562,21,-0.15384615384615385,loss,False,12
83.0,2021-03-16,562,21,-0.32,loss,False,13
70.0,2021-05-25,562,21,-0.32,loss,False,14
199.0,2021-12-10,562,22,-0.29411764705882354,increase,False,15
27.0,2022-01-06,562,22,0.23529411764705882,stable,False,16
84.0,2022-03-31,562,22,0.11764705882352941,stable,False,17
1.0,2022-04-01,562,22,-0.11764705882352941,increase,False,18
209.0,2022-10-27,562,23,0.26666666666666666,stable,False,19
138.0,2023-03-14,562,23,0.2,stable,False,20
145.0,2023-08-06,562,23,-0.15789473684210525,stable,False,21
52.0,2023-09-27,562,24,-0.1111111111111111,stable,False,22
85.0,2023-12-21,562,24,-0.1111111111111111,loss,False,23
155.0,2024-05-24,562,24,-0.125,stable,True,24
220.0,2024-12-30,562,25,-0.14285714285714285,loss,False,25
11.0,2025-01-10,562,26,-0.5714285714285714,stable,True,26
69.0,2025-03-20,562,25,-0.32857142857142857,loss,True,27
90.0,2025-06-18,562,25,-0.4857142857142857,loss,True,28
,2017-05-17,563,19,,increase,,0
124.0,2017-09-18,563,19,,increase,,1
162.0,2018-02-27,563,20,11.0,stable,True,2
295.0,2018-12-19,563,21,0.0,stable,True,3
176.0,2019-06-13,563,21,0.0,stable,True,4
259.0,2020-02-27,563,22,-0.16666666666666666,stable,True,5
159.0,2020-08-04,563,22,-0.3333333333333333,increase,True,6
72.0,2020-10-15,563,23,-0.2,increase,True,7
258.0,2021-06-30,563,23,0.5,stable,False,8
95.0,2021-10-03,563,23,0.0,increase,False,9
81.0,2021-12-23,563,24,0.5,loss,False,10
174.0,2022-06-15,563,24,0.25,stable,False,11
134.0,2022-10-27,563,25,-0.26666666666666666,stable,False,12
71.0,2023-01-06,563,25,-0.2,loss,False,13
126.0,2023-05-12,563,26,-0.09090909090909091,loss,True,14
305.0,2024-03-12,563,27,-0.5,stable,False,15
8.0,2024-03-20,563,26,-0.25,loss,False,16
71.0,2024-05-30,563,26,-0.25,loss,False,17
384.0,2025-06-18,563,27,-0.3333333333333333,loss,True,18
116.0,2025-10-12,563,28,-0.6,stable,False,19
,2021-06-30,564,22,,increase,,0
95.0,2021-10-03,564,22,,increase,,1
52.0,2021-11-24,564,22,,increase,,2
170.0,2022-05-13,564,23,19.0,increase,False,3
124.0,2022-09-14,564,23,2.3333333333333335,stable,False,4
43.0,2022-10-27,564,23,2.3333333333333335,stable,False,5
71.0,2023-01-06,564,24,2.0,stable,False,6
349.0,2023-12-21,564,24,-0.2,stable,False,7
155.0,2024-05-24,564,25,-0.3,stable,False,8
47.0,2024-07-10,564,25,-0.16666666666666666,stable,True,9
94.0,2024-10-12,564,25,-0.16666666666666666,stable,True,10
145.0,2025-03-06,564,26,-0.125,increase,False,11
6.0,2025-03-12,564,26,0.75,increase,True,12
90.0,2025-06-10,564,26,0.0,increase,True,13
,2023-06-27,565,21,,increase,,0
46.0,2023-08-12,565,21,,increase,,1
306.0,2024-06-13,565,21,1.5714285714285714,increase,False,2
105.0,2024-09-26,565,22,2.4285714285714284,increase,False,3
85.0,2024-12-20,565,22,0.6666666666666666,increase,False,4
180.0,2025-06-18,565,22,0.6666666666666666,increase,False,5
,2020-10-15,566,16,,increase,,0
173.0,2021-04-06,566,17,,increase,,1
86.0,2021-07-01,566,16,0.25,increase,False,2
40.0,2021-08-10,566,17,11.5,increase,False,3
25.0,2021-09-04,566,17,2.75,increase,False,4
103.0,2021-12-16,566,17,2.0,increase,False,5
97.0,2022-03-23,566,18,4.0,stable,False,6
68.0,2022-05-30,566,18,4.0,stable,False,7
42.0,2022-07-11,566,18,0.25,stable,True,8
337.0,2023-06-13,566,19,-0.2,loss,False,9
122.0,2023-10-13,566,19,-0.3333333333333333,stable,False,10
70.0,2023-12-22,566,19,-0.3333333333333333,increase,False,11
75.0,2024-03-06,566,20,-0.16666666666666666,stable,True,12
13.0,2024-03-19,566,20,-0.16666666666666666,stable,True,13
113.0,2024-07-10,566,20,0.5,increase,True,14
94.0,2024-10-12,566,20,0.2,stable,False,15
145.0,2025-03-06,566,21,0.25,stable,False,16
18.0,2025-03-24,566,21,0.25,stable,False,17
,2021-02-17,567,18,,increase,,0
154.0,2021-07-21,567,19,,loss,,1
195.0,2022-02-01,567,19,-0.2631578947368421,stable,True,2
330.0,2022-12-28,567,20,-0.14285714285714285,stable,True,3
182.0,2023-06-28,567,21,0.0,increase,False,4
93.0,2023-09-29,567,21,1.0,increase,True,5
89.0,2023-12-27,567,21,2.3333333333333335,increase,True,6
162.0,2024-06-06,567,22,5.666666666666667,increase,False,7
58.0,2024-08-03,567,21,0.5,increase,False,8
52.0,2024-09-24,567,22,4.0,stable,True,9
97.0,2024-12-30,567,22,0.25,stable,True,10
72.0,2025-03-12,567,23,1.6666666666666667,increase,True,11
76.0,2025-05-27,567,22,-0.1,increase,False,12
14.0,2025-06-10,567,23,-0.2,increase,False,13
,2025-03-06,568,18,,increase,,0
18.0,2025-03-24,568,18,,increase,,1
200.0,2025-10-10,568,18,25.666666666666668,increase,True,2
,2019-10-17,569,17,,increase,,0
133.0,2020-02-27,569,17,,stable,,1
159.0,2020-08-04,569,17,0.7333333333333333,stable,False,2
70.0,2020-10-13,569,18,-0.13333333333333333,stable,True,3
156.0,2021-03-18,569,18,0.0,increase,True,4
141.0,2021-08-06,569,19,0.0,increase,False,5
139.0,2021-12-23,569,19,1.3076923076923077,increase,False,6
78.0,2022-03-11,569,20,5.153846153846154,stable,False,7
18.0,2022-03-29,569,19,2.8461538461538463,increase,False,8
78.0,2022-06-15,569,20,3.6153846153846154,increase,False,9
92.0,2022-09-15,569,20,0.0,stable,False,10
113.0,2023-01-06,569,21,0.3333333333333333,stable,False,11
294.0,2023-10-27,569,21,-0.125,loss,False,12
55.0,2023-12-21,569,21,-0.25,stable,False,13
155.0,2024-05-24,569,22,-0.42857142857142855,stable,False,14
40.0,2024-07-03,569,21,-0.16666666666666666,loss,False,15
180.0,2024-12-30,569,22,-0.3,increase,False,16
72.0,2025-03-12,569,23,0.0,increase,True,17
76.0,2025-05-27,569,23,-0.4,increase,True,18
,2023-01-07,570,18,,increase,,0
286.0,2023-10-20,570,18,4.0,increase,False,1
56.0,2023-12-15,570,19,8.0,increase,False,2
98.0,2024-03-22,570,19,14.0,increase,False,3
76.0,2024-06-06,570,19,2.0,increase,False,4
111.0,2024-09-25,570,19,0.3333333333333333,increase,False,5
85.0,2024-12-19,570,20,0.3333333333333333,increase,False,6
97.0,2025-03-26,570,20,1.0,increase,False,7
85.0,2025-06-19,570,20,1.0,increase,False,8
117.0,2025-10-14,570,20,1.5,stable,True,9
,2014-09-23,571,18,,increase,,0
386.0,2015-10-14,571,19,4.0,stable,True,1
623.0,2017-06-28,571,21,0.0,increase,False,2
117.0,2017-10-23,571,21,1.0,increase,False,3
101.0,2018-02-01,571,21,3.0,increase,False,4
235.0,2018-09-24,571,22,3.0,increase,False,5
156.0,2019-02-27,571,22,4.0,increase,False,6
121.0,2019-06-28,571,23,1.0,increase,False,7
106.0,2019-10-12,571,23,1.0,stable,True,8
58.0,2019-12-09,571,23,1.4,stable,True,9
234.0,2020-07-30,571,24,0.0,stable,False,10
5.0,2020-08-04,571,23,-0.3333333333333333,increase,False,11
70.0,2020-10-13,571,24,0.25,loss,False,12
156.0,2021-03-18,571,24,0.5,loss,False,13
141.0,2021-08-06,571,25,-0.3333333333333333,loss,False,14
110.0,2021-11-24,571,25,-0.4166666666666667,loss,False,15
170.0,2022-05-13,571,25,-0.5,stable,False,16
167.0,2022-10-27,571,26,-0.2857142857142857,stable,False,17
71.0,2023-01-06,571,26,0.0,stable,False,18
347.0,2023-12-19,571,27,-0.1,loss,False,19
160.0,2024-05-27,571,27,-0.1,loss,False,20
214.0,2024-12-27,571,28,-0.2222222222222222,loss,True,21
75.0,2025-03-12,571,29,-0.4444444444444444,increase,True,22
9.0,2025-03-21,571,28,-0.4444444444444444,increase,True,23
169.0,2025-09-06,571,29,-0.2857142857142857,increase,False,24
