days_since_last_snapshot,age,value_change_180d,label,club_change,num_snapshots_before_t
,18,,stable,,0
29.0,18,,stable,,1
234.0,19,0.0,increase,True,2
324.0,20,2.0,increase,False,3
32.0,19,2.0,increase,False,4
151.0,20,1.6666666666666667,stable,True,5
66.0,21,1.6666666666666667,stable,True,6
127.0,21,0.0,stable,False,7
337.0,22,0.0,stable,False,8
190.0,22,0.0,increase,False,9
187.0,23,1.0,increase,False,10
139.0,23,24.0,increase,False,11
47.0,23,11.5,increase,False,12
84.0,23,24.0,increase,False,13
169.0,24,1.5,increase,False,14
,17,,increase,,0
154.0,18,,increase,,1
313.0,19,1.0,increase,False,2
431.0,20,0.6,stable,False,3
181.0,20,0.0,loss,False,4
114.0,21,-0.25,stable,False,5
68.0,21,-0.1875,stable,False,6
184.0,21,-0.07692307692307693,increase,True,7
180.0,22,1.0,increase,False,8
224.0,22,0.25,increase,False,9
146.0,23,0.25,increase,False,10
191.0,23,0.16666666666666666,increase,False,11
356.0,24,3.5714285714285716,increase,False,12
48.0,24,0.7142857142857143,increase,False,13
54.0,24,6.428571428571429,stable,False,14
213.0,25,-0.038461538461538464,increase,False,15
8.0,25,-0.19230769230769232,increase,False,16
146.0,25,0.0,loss,False,17
151.0,26,0.42857142857142855,loss,False,18
216.0,26,-0.3333333333333333,loss,False,19
158.0,27,-0.43333333333333335,increase,False,20
66.0,27,-0.15,increase,False,21
134.0,27,0.6470588235294118,loss,False,22
165.0,28,0.4117647058823529,stable,False,23
113.0,28,-0.14285714285714285,stable,True,24
85.0,28,0.0,stable,True,25
85.0,29,-0.08333333333333333,stable,True,26
26.0,29,-0.08333333333333333,stable,False,27
51.0,29,-0.08333333333333333,stable,False,28
206.0,29,0.0,loss,False,29
49.0,30,-0.45454545454545453,loss,True,30
38.0,30,-0.09090909090909091,loss,False,31
90.0,30,-0.18181818181818182,loss,False,32
,16,,stable,,0
198.0,17,0.0,loss,False,1
446.0,19,-0.5,increase,True,2
168.0,19,3.0,increase,True,3
149.0,20,8.5,increase,True,4
157.0,20,0.3125,increase,True,5
99.0,20,3.210526315789474,increase,True,6
218.0,21,1.75,increase,False,7
299.0,21,1.1818181818181819,increase,False,8
22.0,22,1.5454545454545454,stable,False,9
218.0,22,0.07142857142857142,stable,False,10
10.0,23,0.0,stable,False,11
342.0,23,0.07142857142857142,stable,False,12
327.0,24,0.06666666666666667,loss,False,13
30.0,25,-0.3333333333333333,increase,False,14
329.0,24,0.4,stable,False,15
35.0,26,0.2,increase,True,16
2.0,26,0.2,increase,True,17
84.0,25,0.0,increase,True,18
306.0,26,0.4,increase,False,19
186.0,27,0.21428571428571427,increase,False,20
145.0,27,0.2857142857142857,increase,True,21
85.0,27,0.17647058823529413,increase,True,22
104.0,28,0.1111111111111111,increase,False,23
167.0,28,0.5,increase,False,24
168.0,29,0.75,increase,False,25
189.0,29,0.14285714285714285,loss,False,26
236.0,29,-0.2,loss,False,27
21.0,30,-0.125,loss,False,28
126.0,30,-0.125,loss,False,29
153.0,31,-0.2857142857142857,loss,False,30
136.0,31,-0.5714285714285714,stable,False,31
75.0,31,-0.4,stable,False,32
190.0,32,0.0,loss,False,33
128.0,32,-0.13333333333333333,loss,False,34
216.0,33,-0.23076923076923078,loss,False,35
188.0,33,-0.2,loss,False,36
138.0,34,-0.4,loss,False,37
188.0,34,-0.5,loss,True,38
47.0,34,-0.8333333333333334,stable,True,39
253.0,35,0.0,loss,False,40
,16,,increase,,0
68.0,16,,increase,,1
92.0,17,,increase,,2
107.0,17,19.0,increase,True,3
127.0,17,0.6,increase,False,4
47.0,17,1.8,increase,False,5
253.0,18,0.14285714285714285,stable,False,6
97.0,18,0.14285714285714285,increase,False,7
,18,,increase,,0
309.0,19,1.2857142857142858,increase,False,1
5.0,19,-0.1,increase,False,2
70.0,19,1.8571428571428572,stable,False,3
156.0,20,2.1746031746031744,stable,False,4
74.0,20,0.0,stable,False,5
213.0,20,-0.1,stable,True,6
66.0,21,-0.1,loss,True,7
127.0,21,0.0,loss,False,8
255.0,22,-0.3333333333333333,stable,False,9
82.0,22,-0.4444444444444444,increase,False,10
122.0,22,0.0,increase,True,11
70.0,22,0.5,increase,True,12
197.0,23,0.3333333333333333,increase,False,13
174.0,23,0.2,stable,True,14
45.0,24,0.25,loss,True,15
39.0,24,-0.25,increase,True,16
169.0,24,-0.28,increase,False,17
,19,,stable,,0
56.0,19,,increase,,1
22.0,19,,stable,,2
181.0,20,0.0,increase,False,3
183.0,20,0.5,increase,False,4
183.0,21,0.3333333333333333,increase,False,5
173.0,21,1.0,increase,True,6
97.0,22,1.0,increase,True,7
90.0,22,0.3333333333333333,increase,False,8
139.0,22,6.5,increase,True,9
47.0,22,11.5,increase,True,10
84.0,23,17.75,increase,True,11
169.0,23,1.4,increase,False,12
,18,,increase,,0
242.0,19,2.0,loss,True,1
329.0,18,-0.5,increase,True,2
75.0,19,3.3333333333333335,increase,True,3
58.0,20,4.333333333333333,increase,True,4
100.0,20,17.666666666666668,increase,True,5
332.0,21,0.2857142857142857,increase,False,6
13.0,20,0.14285714285714285,increase,False,7
214.0,21,0.875,increase,True,8
50.0,21,1.5,loss,True,9
66.0,22,1.5,loss,True,10
205.0,22,-0.125,loss,False,11
176.0,23,-0.25,loss,False,12
121.0,23,-0.14285714285714285,loss,False,13
58.0,23,0.0,loss,False,14
239.0,23,-0.3142857142857143,increase,False,15
70.0,24,-0.3142857142857143,increase,False,16
156.0,24,0.16666666666666666,increase,False,17
53.0,25,0.4583333333333333,stable,False,18
16.0,25,0.25,increase,False,19
211.0,25,0.16666666666666666,loss,False,20
174.0,26,0.16666666666666666,increase,False,21
26.0,26,-0.14285714285714285,increase,True,22
337.0,27,0.3333333333333333,stable,False,23
192.0,27,0.0,stable,False,24
197.0,28,0.0,loss,False,25
127.0,28,-0.25,loss,False,26
47.0,28,-0.5,loss,False,27
84.0,28,-0.625,loss,False,28
169.0,29,-0.4,loss,False,29
,16,,increase,,0
324.0,17,1.5,increase,True,1
32.0,17,1.5,increase,True,2
73.0,17,24.0,loss,True,3
78.0,18,9.0,loss,False,4
66.0,18,7.0,increase,False,5
115.0,18,-0.2,increase,False,6
12.0,19,2.0,increase,True,7
74.0,18,1.0,increase,True,8
181.0,19,2.75,increase,False,9
82.0,19,5.25,stable,False,10
192.0,20,0.0,loss,False,11
90.0,20,-0.2,increase,False,12
107.0,20,-0.2,increase,False,13
174.0,21,0.25,increase,False,14
84.0,21,0.5,stable,False,15
169.0,21,0.2,stable,False,16
,19,,increase,,0
55.0,19,,increase,,1
17.0,19,,increase,,2
201.0,19,0.2857142857142857,increase,False,3
54.0,20,0.2857142857142857,increase,False,4
79.0,20,1.1428571428571428,increase,False,5
119.0,20,0.3333333333333333,increase,False,6
98.0,20,0.6666666666666666,increase,True,7
72.0,21,0.6666666666666666,increase,True,8
216.0,21,0.2,increase,False,9
12.0,21,-0.1,increase,False,10
6.0,21,0.6,increase,False,11
149.0,22,1.4,stable,False,12
72.0,22,0.5,stable,False,13
43.0,22,0.25,increase,False,14
243.0,23,0.2,stable,False,15
66.0,23,0.2,stable,False,16
127.0,23,0.0,stable,True,17
337.0,24,0.0,stable,False,18
192.0,25,0.0,loss,False,19
90.0,25,-0.16666666666666666,stable,False,20
107.0,25,-0.25,increase,False,21
127.0,25,0.1,increase,False,22
47.0,26,0.2,stable,False,23
253.0,26,0.08333333333333333,stable,False,24
,18,,stable,,0
304.0,19,0.0,increase,True,1
193.0,19,1.0,stable,False,2
244.0,20,0.0,increase,True,3
77.0,21,1.5,increase,True,4
16.0,20,0.0,increase,True,5
303.0,21,4.0,increase,False,6
92.0,21,4.0,increase,False,7
144.0,22,0.5,increase,False,8
104.0,22,1.0,stable,False,9
89.0,22,0.3333333333333333,stable,False,10
102.0,23,0.0,stable,False,11
237.0,23,0.0,increase,True,12
85.0,23,0.25,increase,True,13
104.0,24,0.75,increase,False,14
157.0,24,0.6,increase,True,15
10.0,24,1.2,stable,True,16
168.0,25,0.5714285714285714,loss,True,17
128.0,25,-0.09090909090909091,loss,True,18
297.0,25,-0.28,increase,False,19
30.0,25,-0.1,increase,False,20
40.0,26,-0.28,increase,False,21
85.0,27,0.1,stable,False,22
71.0,26,0.1111111111111111,increase,False,23
280.0,27,0.2,stable,False,24
78.0,28,0.4,loss,False,25
96.0,28,0.3,stable,False,26
287.0,28,-0.07692307692307693,loss,True,27
85.0,29,-0.23076923076923078,loss,True,28
183.0,29,-0.2,loss,True,29
90.0,29,-0.4,loss,True,30
107.0,30,-0.375,loss,False,31
160.0,30,-0.4,loss,True,32
165.0,31,-0.4,loss,True,33
,17,,stable,,0
189.0,18,0.0,increase,False,1
113.0,18,5.0,increase,False,2
75.0,18,5.0,increase,False,3
,20,,increase,,0
382.0,20,2.0,increase,False,1
102.0,20,4.0,increase,False,2
240.0,21,7.0,increase,False,3
149.0,21,9.0,increase,False,4
154.0,22,1.0,increase,True,5
51.0,22,1.0,increase,True,6
69.0,22,1.4,increase,True,7
226.0,23,0.3333333333333333,loss,True,8
25.0,22,0.3333333333333333,loss,False,9
272.0,23,-0.2,stable,True,10
70.0,24,-0.2,stable,True,11
156.0,24,0.09375,stable,False,12
74.0,24,0.09375,stable,False,13
206.0,25,0.0,increase,False,14
78.0,26,0.14285714285714285,increase,False,15
96.0,25,0.14285714285714285,increase,False,16
370.0,26,0.125,increase,False,17
82.0,27,0.25,increase,False,18
100.0,27,0.2222222222222222,increase,False,19
160.0,27,0.2,stable,False,20
52.0,28,0.18181818181818182,loss,False,21
151.0,28,0.08333333333333333,loss,False,22
165.0,28,-0.15384615384615385,loss,False,23
105.0,29,-0.4230769230769231,loss,False,24
35.0,29,-0.3076923076923077,loss,False,25
140.0,29,-0.5454545454545454,increase,False,26
,16,,increase,,0
72.0,17,,stable,,1
228.0,17,-0.1,increase,False,2
6.0,17,0.875,increase,True,3
105.0,17,2.75,increase,True,4
116.0,18,3.6666666666666665,increase,False,5
43.0,18,2.3333333333333335,increase,False,6
30.0,18,1.3333333333333333,increase,False,7
45.0,18,1.6666666666666667,stable,False,8
168.0,19,0.14285714285714285,increase,False,9
66.0,19,0.0,increase,False,10
127.0,19,0.25,stable,False,11
74.0,19,0.125,increase,False,12
263.0,20,0.1111111111111111,stable,False,13
192.0,21,-0.1,loss,False,14
90.0,21,-0.2,increase,False,15
107.0,21,-0.1111111111111111,increase,False,16
174.0,22,0.25,increase,False,17
84.0,22,0.5,increase,False,18
169.0,22,0.4,stable,False,19
,18,,loss,,0
302.0,17,-0.8,increase,False,1
6.0,18,0.6,increase,False,2
57.0,19,1.4,stable,True,3
116.0,18,0.6,increase,True,4
94.0,18,0.0,increase,True,5
167.0,19,0.875,increase,True,6
169.0,20,2.3333333333333335,increase,True,7
112.0,20,3.6666666666666665,increase,False,8
83.0,20,2.5,stable,False,9
83.0,21,19.0,loss,False,10
240.0,21,-0.825,increase,False,11
22.0,21,0.5,increase,False,12
75.0,21,0.875,increase,False,13
268.0,22,0.13333333333333333,loss,False,14
14.0,22,0.2,loss,True,15
228.0,22,-0.2,increase,False,16
6.0,23,-0.2222222222222222,increase,False,17
221.0,23,0.14285714285714285,loss,False,18
43.0,23,-0.07142857142857142,stable,False,19
26.0,24,0.2857142857142857,loss,False,20
217.0,24,-0.2222222222222222,loss,False,21
66.0,25,-0.3333333333333333,stable,False,22
127.0,25,-0.2857142857142857,increase,False,23
255.0,25,0.2,increase,False,24
82.0,26,0.5,stable,False,25
122.0,26,0.5,loss,False,26
70.0,26,0.06666666666666667,loss,False,27
90.0,26,-0.06666666666666667,loss,False,28
107.0,27,-0.125,loss,False,29
127.0,27,-0.14285714285714285,loss,False,30
47.0,27,-0.35714285714285715,stable,False,31
253.0,28,0.0,loss,False,32
,17,,increase,,0
78.0,17,,increase,,1
66.0,17,,increase,,2
15.0,17,,increase,,3
112.0,18,1.25,stable,False,4
74.0,18,0.16666666666666666,increase,False,5
263.0,18,0.2857142857142857,stable,False,6
192.0,19,0.0,stable,False,7
197.0,19,0.0,loss,False,8
174.0,20,-0.1111111111111111,loss,False,9
45.0,21,-0.5555555555555556,increase,False,10
39.0,20,-0.2222222222222222,loss,False,11
169.0,20,0.5,loss,False,12
,16,,stable,,0
11.0,16,,stable,,1
187.0,17,0.0,increase,False,2
139.0,17,4.0,stable,True,3
47.0,17,4.0,stable,True,4
45.0,18,9.0,loss,True,5
208.0,18,-0.5,increase,False,6
,19,,increase,,0
90.0,19,,increase,,1
113.0,19,1.0,increase,True,2
75.0,19,1.0,increase,True,3
,19,,increase,,0
94.0,19,,increase,,1
183.0,20,2.0,increase,True,2
105.0,20,79.0,increase,True,3
70.0,20,149.0,increase,True,4
197.0,21,1.0,increase,False,5
127.0,21,2.3333333333333335,stable,False,6
47.0,21,2.3333333333333335,stable,False,7
45.0,22,1.0,loss,False,8
208.0,22,-0.16666666666666666,increase,False,9
,16,,increase,,0
181.0,17,0.16666666666666666,increase,False,1
182.0,17,0.7142857142857143,increase,False,2
184.0,18,0.16666666666666666,increase,False,3
180.0,18,0.35714285714285715,increase,False,4
224.0,19,0.5789473684210527,increase,False,5
146.0,19,2.6842105263157894,increase,False,6
191.0,20,0.8571428571428571,increase,False,7
356.0,21,3.6153846153846154,stable,False,8
48.0,20,1.3076923076923077,increase,False,9
54.0,21,4.384615384615385,stable,False,10
221.0,21,-0.1,increase,True,11
114.0,22,-0.05714285714285714,increase,True,12
186.0,23,0.36363636363636365,increase,False,13
45.0,23,0.5151515151515151,stable,False,14
79.0,22,0.15151515151515152,stable,False,15
81.0,23,0.1111111111111111,loss,False,16
92.0,23,-0.1,loss,False,17
166.0,24,-0.2,stable,False,18
5.0,24,-0.2,stable,False,19
284.0,25,0.0,increase,False,20
118.0,25,0.25,stable,False,21
57.0,25,0.25,increase,False,22
167.0,26,0.0,increase,False,23
50.0,26,0.2,stable,False,24
162.0,26,0.2,stable,True,25
253.0,27,0.0,stable,False,26
,18,,increase,,0
292.0,19,2.3333333333333335,stable,False,1
5.0,19,-0.13333333333333333,increase,False,2
70.0,19,2.3333333333333335,stable,False,3
355.0,20,0.0,increase,True,4
81.0,20,0.6,increase,False,5
78.0,21,7.0,stable,False,6
18.0,21,2.2,increase,False,7
78.0,21,3.0,increase,True,8
92.0,21,0.0,loss,False,9
278.0,22,-0.125,increase,True,10
82.0,22,0.125,increase,True,11
88.0,22,-0.05,increase,True,12
12.0,22,0.42857142857142855,increase,False,13
160.0,23,0.3333333333333333,stable,False,14
203.0,23,0.0,stable,False,15
92.0,24,0.08333333333333333,stable,False,16
73.0,24,0.08333333333333333,stable,False,17
105.0,24,0.0,increase,False,18
,19,,increase,,0
231.0,19,3.0,increase,True,1
114.0,20,7.0,increase,True,2
109.0,20,3.0,increase,False,3
15.0,20,1.0,increase,False,4
352.0,21,2.25,increase,False,5
19.0,21,2.0,increase,False,6
369.0,22,0.3333333333333333,increase,True,7
83.0,22,1.3333333333333333,increase,True,8
35.0,22,0.08333333333333333,increase,True,9
48.0,23,1.8333333333333333,stable,True,10
85.0,23,1.5,stable,True,11
144.0,23,-0.058823529411764705,increase,False,12
70.0,23,-0.1,increase,True,13
156.0,24,0.5625,increase,True,14
53.0,24,0.7777777777777778,increase,False,15
88.0,24,0.6666666666666666,increase,False,16
139.0,25,0.25,increase,False,17
96.0,25,0.5,increase,False,18
78.0,25,0.5,increase,False,19
26.0,25,0.25,increase,True,20
74.0,25,0.25,increase,True,21
263.0,26,0.2,loss,False,22
192.0,27,-0.16666666666666666,stable,False,23
197.0,27,0.0,increase,False,24
127.0,27,0.2,increase,False,25
47.0,28,0.6,increase,False,26
253.0,28,0.125,loss,False,27
,16,,increase,,0
183.0,16,0.5,increase,False,1
125.0,17,2.0,increase,False,2
174.0,17,4.333333333333333,stable,False,3
,16,,increase,,0
53.0,16,,increase,,1
70.0,16,,increase,,2
90.0,16,2.0,increase,False,3
107.0,16,0.5,increase,False,4
12.0,17,1.0,increase,False,5
115.0,17,1.0,increase,False,6
47.0,17,1.4,increase,False,7
253.0,17,0.1111111111111111,stable,False,8
97.0,18,0.1111111111111111,stable,False,9
,16,,stable,,0
26.0,16,,stable,,1
333.0,17,0.0,increase,False,2
65.0,17,4.0,increase,False,3
498.0,18,0.2,increase,True,4
13.0,18,-0.10666666666666667,increase,True,5
139.0,18,0.2,increase,True,6
47.0,19,0.4925373134328358,increase,False,7
123.0,19,1.9850746268656716,increase,False,8
190.0,19,0.75,stable,False,9
162.0,20,0.75,increase,False,10
107.0,20,0.0,increase,True,11
284.0,21,0.14285714285714285,loss,False,12
118.0,21,0.0,loss,False,13
57.0,21,-0.2,increase,False,14
167.0,22,-0.2,increase,False,15
104.0,22,0.25,increase,False,16
101.0,22,0.25,increase,False,17
97.0,23,0.14285714285714285,increase,False,18
40.0,23,0.2857142857142857,increase,False,19
161.0,23,0.5,loss,False,20
,16,,increase,,0
174.0,16,,increase,,1
185.0,17,0.3333333333333333,stable,True,2
186.0,17,0.0,increase,False,3
85.0,17,1.0,increase,False,4
93.0,18,3.5,stable,False,5
266.0,19,0.0,loss,False,6
24.0,18,0.0,loss,False,7
127.0,19,0.1111111111111111,stable,True,8
126.0,19,-0.16666666666666666,increase,False,9
,18,,increase,,0
162.0,18,,increase,,1
36.0,18,4.333333333333333,increase,False,2
164.0,19,3.0,increase,False,3
57.0,19,3.0,increase,False,4
212.0,19,0.5625,increase,True,5
128.0,20,0.875,increase,True,6
117.0,20,0.8,increase,False,7
101.0,20,1.3333333333333333,stable,False,8
116.0,21,0.7777777777777778,loss,False,9
205.0,21,-0.125,stable,False,10
176.0,22,-0.125,loss,False,11
121.0,22,0.0,loss,False,12
297.0,23,-0.2,stable,False,13
70.0,23,-0.14285714285714285,stable,False,14
156.0,23,0.07142857142857142,stable,False,15
141.0,24,0.0,increase,False,16
139.0,24,0.0,stable,False,17
78.0,25,0.25,loss,True,18
18.0,24,-0.16666666666666666,increase,False,19
78.0,25,-0.16666666666666666,increase,False,20
92.0,25,-0.13333333333333333,increase,False,21
278.0,26,0.15384615384615385,stable,False,22
182.0,26,-0.06666666666666667,loss,False,23
22.0,27,-0.26666666666666666,loss,False,24
138.0,27,-0.13333333333333333,loss,False,25
203.0,27,-0.3076923076923077,loss,False,26
92.0,27,-0.38461538461538464,loss,False,27
73.0,28,-0.5076923076923077,loss,False,28
,17,,increase,,0
,16,,increase,,0
97.0,16,,increase,,1
37.0,16,,increase,,2
201.0,17,15.0,increase,True,3
88.0,16,9.0,increase,True,4
105.0,17,0.25,increase,False,5
91.0,17,2.0,increase,False,6
110.0,17,1.0,increase,False,7
186.0,18,0.25,increase,False,8
145.0,18,1.0,stable,False,9
189.0,19,0.0,increase,False,10
167.0,19,0.0,increase,False,11
14.0,20,0.25,stable,False,12
154.0,20,0.375,stable,False,13
189.0,20,0.0,stable,False,14
236.0,21,-0.1,increase,False,15
21.0,21,0.09090909090909091,stable,False,16
126.0,21,0.09090909090909091,stable,False,17
147.0,22,0.0,stable,False,18
51.0,22,0.08333333333333333,loss,True,19
154.0,22,0.08333333333333333,loss,True,20
57.0,23,-0.23076923076923078,stable,False,21
108.0,23,-0.23076923076923078,stable,False,22
393.0,24,-0.1,loss,False,23
174.0,24,-0.2,loss,False,24
79.0,25,-0.1111111111111111,loss,False,25
220.0,25,-0.125,increase,False,26
145.0,26,0.0,increase,False,27
,20,,increase,,0
186.0,21,4.0,increase,False,1
396.0,22,3.0,increase,True,2
63.0,21,0.6,increase,False,3
97.0,23,9.0,loss,True,4
16.0,22,5.0,increase,True,5
224.0,22,0.16666666666666666,increase,False,6
171.0,23,1.0,increase,False,7
144.0,24,1.2857142857142858,increase,True,8
193.0,24,0.25,stable,True,9
102.0,25,0.75,loss,True,10
240.0,25,-0.2857142857142857,loss,False,11
149.0,26,-0.2857142857142857,loss,False,12
154.0,26,-0.4,increase,False,13
51.0,26,-0.5,increase,False,14
69.0,26,-0.25,increase,False,15
251.0,27,0.3333333333333333,loss,False,16
43.0,27,0.3333333333333333,loss,True,17
229.0,27,-0.2,loss,False,18
6.0,28,-0.5,loss,True,19
264.0,28,-0.2,increase,False,20
158.0,29,-0.2,increase,False,21
85.0,29,0.5,increase,False,22
66.0,30,0.5,increase,False,23
127.0,30,0.6666666666666666,stable,False,24
347.0,31,0.0,loss,True,25
175.0,31,-0.2,loss,True,26
94.0,31,-0.4,loss,False,27
74.0,32,-0.5,increase,False,28
134.0,32,-0.16666666666666666,increase,True,29
145.0,33,0.6,increase,True,30
18.0,32,0.6,increase,True,31
,22,,increase,,0
189.0,22,0.6666666666666666,increase,False,1
212.0,23,5.0,stable,False,2
107.0,24,5.0,stable,False,3
102.0,23,0.0,stable,False,4
313.0,24,0.0,stable,False,5
203.0,25,0.0,increase,False,6
162.0,25,0.3333333333333333,increase,False,7
167.0,26,1.0,increase,False,8
65.0,26,1.0,stable,False,9
63.0,26,1.0,loss,False,10
176.0,27,0.0,loss,False,11
126.0,27,-0.125,loss,False,12
133.0,27,-0.5,stable,False,13
159.0,27,-0.5428571428571428,increase,False,14
72.0,28,0.0,increase,True,15
295.0,29,0.25,loss,True,16
58.0,28,0.25,loss,False,17
81.0,29,0.25,loss,True,18
78.0,30,-0.2,loss,True,19
96.0,30,-0.2,loss,True,20
370.0,31,-0.25,loss,False,21
182.0,31,-0.3333333333333333,loss,False,22
160.0,32,-0.3333333333333333,loss,False,23
203.0,32,-0.2,loss,False,24
165.0,33,-0.4,loss,False,25
,19,,increase,,0
138.0,19,,increase,,1
159.0,19,0.8,increase,True,2
72.0,20,0.8333333333333334,increase,False,3
207.0,21,2.6363636363636362,stable,True,4
88.0,20,0.8181818181818182,increase,True,5
58.0,20,0.09090909090909091,increase,False,6
81.0,21,0.1,increase,False,7
78.0,22,2.5,stable,True,8
18.0,21,2.0,increase,True,9
78.0,21,4.333333333333333,stable,True,10
370.0,22,0.09375,stable,False,11
182.0,23,0.08571428571428572,increase,False,12
22.0,24,0.2857142857142857,stable,False,13
138.0,23,0.08571428571428572,increase,False,14
203.0,24,0.18421052631578946,increase,False,15
165.0,24,0.18421052631578946,increase,False,16
105.0,25,0.2222222222222222,increase,False,17
35.0,25,0.1111111111111111,increase,False,18
140.0,25,0.5555555555555556,stable,True,19
,17,,increase,,0
102.0,17,,increase,,1
213.0,18,3.0,increase,False,2
8.0,18,-0.13333333333333333,increase,False,3
146.0,18,9.666666666666666,increase,False,4
151.0,19,13.615384615384615,increase,False,5
208.0,19,0.3157894736842105,increase,True,6
92.0,20,0.5789473684210527,increase,True,7
166.0,20,0.4,increase,False,8
5.0,20,1.4,increase,False,9
10.0,20,1.0,increase,False,10
93.0,20,1.5,stable,False,11
181.0,21,0.0,stable,False,12
80.0,21,0.06666666666666667,stable,True,13
100.0,21,0.06666666666666667,stable,True,14
86.0,22,-0.0625,stable,False,15
74.0,22,-0.0625,stable,False,16
203.0,22,0.0,stable,False,17
165.0,23,0.0,stable,False,18
,18,,increase,,0
227.0,18,13.0,increase,False,1
200.0,19,1.2857142857142858,increase,False,2
254.0,20,2.125,increase,True,3
19.0,20,0.25,increase,False,4
40.0,20,0.25,increase,True,5
155.0,21,27.0,increase,True,6
95.0,20,13.0,increase,False,7
58.0,21,21.0,increase,False,8
19.0,20,6.0,increase,False,9
369.0,22,3.5714285714285716,stable,False,10
118.0,21,3.0,stable,False,11
59.0,22,4.428571428571429,loss,False,12
218.0,22,-0.19736842105263158,increase,False,13
13.0,23,-0.07894736842105263,increase,False,14
57.0,23,0.3157894736842105,increase,True,15
65.0,23,0.5789473684210527,increase,True,16
20.0,24,0.9736842105263158,stable,True,17
71.0,23,1.0,stable,True,18
280.0,24,0.07142857142857142,stable,False,19
78.0,25,0.07142857142857142,stable,False,20
96.0,25,0.07142857142857142,stable,False,21
370.0,26,0.06666666666666667,stable,False,22
182.0,26,0.0,stable,False,23
160.0,27,0.0,stable,False,24
203.0,27,-0.0625,loss,False,25
92.0,27,-0.125,loss,False,26
73.0,28,-0.1875,loss,False,27
,18,,increase,,0
166.0,18,,increase,,1
320.0,19,1.6666666666666667,increase,True,2
22.0,19,0.3333333333333333,increase,False,3
41.0,19,4.0,increase,True,4
65.0,19,5.666666666666667,increase,True,5
14.0,20,7.333333333333333,increase,True,6
126.0,20,2.3333333333333335,increase,False,7
94.0,20,3.8,increase,False,8
157.0,21,6.0,increase,True,9
73.0,21,1.9166666666666667,increase,True,10
,18,,increase,,0
15.0,18,,increase,,1
172.0,19,1.1428571428571428,stable,True,2
73.0,19,2.0,stable,True,3
,19,,increase,,0
73.0,20,,increase,,1
105.0,20,,increase,,2
35.0,20,3.2857142857142856,increase,False,3
140.0,21,2.888888888888889,loss,False,4
,17,,stable,,0
191.0,17,0.0,increase,False,1
79.0,17,2.3333333333333335,increase,False,2
205.0,18,11.0,increase,False,3
83.0,18,23.0,increase,False,4
80.0,19,39.0,stable,False,5
149.0,18,0.2916666666666667,increase,False,6
70.0,19,0.0,stable,True,7
20.0,18,-0.15,stable,False,8
136.0,19,0.2903225806451613,loss,True,9
141.0,20,0.058823529411764705,increase,True,10
139.0,20,-0.25,increase,False,11
78.0,21,0.2222222222222222,stable,False,12
96.0,21,0.1111111111111111,stable,False,13
92.0,21,0.0,stable,False,14
278.0,22,0.0,increase,False,15
82.0,22,0.13636363636363635,increase,False,16
100.0,22,0.2727272727272727,increase,False,17
86.0,22,0.28,stable,False,18
74.0,22,0.4,stable,False,19
203.0,23,0.0,increase,False,20
165.0,23,0.0,increase,False,21
,18,,increase,,0
305.0,19,2.3333333333333335,increase,True,1
96.0,19,0.3333333333333333,increase,False,2
205.0,20,2.75,increase,True,3
346.0,20,0.3333333333333333,increase,True,4
158.0,21,1.6666666666666667,stable,True,5
40.0,21,1.0,stable,True,6
166.0,21,0.0,loss,True,7
162.0,22,0.0,loss,True,8
77.0,22,-0.25,loss,True,9
,21,,increase,,0
164.0,22,,increase,,1
113.0,22,0.6666666666666666,increase,False,2
123.0,23,1.0,increase,False,3
97.0,23,3.4,increase,False,4
74.0,24,8.0,stable,True,5
81.0,23,2.5,increase,False,6
107.0,24,0.0,stable,False,7
18.0,23,-0.3333333333333333,increase,True,8
260.0,24,0.5,increase,True,9
82.0,25,0.8333333333333334,stable,True,10
100.0,25,0.2222222222222222,loss,True,11
22.0,26,-0.1111111111111111,stable,True,12
64.0,25,-0.09090909090909091,loss,False,13
74.0,25,-0.09090909090909091,loss,False,14
203.0,26,-0.2,stable,False,15
92.0,26,-0.3,increase,False,16
73.0,26,-0.3,increase,False,17
105.0,27,-0.05,increase,False,18
175.0,27,0.42857142857142855,stable,False,19
,17,,increase,,0
370.0,18,14.0,increase,False,1
96.0,18,19.0,increase,False,2
182.0,19,0.9,stable,False,3
22.0,19,1.0,stable,False,4
138.0,19,0.9,stable,False,5
203.0,20,0.05263157894736842,loss,False,6
165.0,20,0.05263157894736842,loss,False,7
105.0,21,-0.125,stable,False,8
175.0,21,-0.3,increase,False,9
,16,,increase,,0
79.0,16,,increase,,1
126.0,17,1.0,increase,False,2
94.0,17,3.1666666666666665,increase,False,3
145.0,17,1.8,stable,False,4
18.0,17,2.0,stable,False,5
200.0,18,0.0,increase,False,6
66.0,18,0.3333333333333333,increase,False,7
22.0,18,0.6666666666666666,increase,False,8
,18,,increase,,0
359.0,19,16.5,loss,True,1
188.0,19,-0.5714285714285714,increase,False,2
278.0,20,4.333333333333333,increase,False,3
82.0,20,7.666666666666667,increase,False,4
100.0,21,0.625,increase,False,5
22.0,21,1.75,stable,True,6
138.0,21,0.15384615384615385,increase,False,7
203.0,22,0.6,increase,True,8
92.0,22,1.0,increase,True,9
73.0,22,1.1333333333333333,increase,True,10
105.0,23,1.5,increase,False,11
35.0,22,0.5,increase,False,12
,20,,increase,,0
79.0,20,,increase,,1
17.0,20,,increase,,2
66.0,21,,loss,,3
133.0,21,2.0,increase,True,4
70.0,21,-0.8142857142857143,increase,True,5
45.0,21,-0.42857142857142855,increase,False,6
98.0,21,2.6666666666666665,increase,True,7
83.0,22,3.25,stable,True,8
96.0,22,3.0,stable,True,9
182.0,22,0.0,stable,False,10
160.0,23,-0.0625,stable,False,11
203.0,23,0.0,increase,False,12
165.0,24,0.0,increase,False,13
105.0,24,0.13333333333333333,increase,False,14
35.0,24,0.06666666666666667,increase,False,15
140.0,25,0.2,stable,False,16
,16,,increase,,0
197.0,17,2.0,increase,False,1
184.0,17,1.0,stable,False,2
214.0,18,0.0,increase,False,3
262.0,19,4.0,stable,True,4
166.0,18,3.0,increase,True,5
211.0,19,0.25,increase,False,6
41.0,20,0.8333333333333334,stable,False,7
88.0,20,0.5833333333333334,increase,False,8
61.0,21,0.4666666666666667,increase,False,9
175.0,20,0.15789473684210525,stable,False,10
55.0,21,0.13636363636363635,loss,True,11
89.0,21,-0.09090909090909091,stable,True,12
45.0,22,-0.09090909090909091,stable,True,13
47.0,21,-0.2,increase,False,14
144.0,22,0.0,increase,False,15
193.0,22,0.25,stable,False,16
102.0,23,0.25,stable,False,17
240.0,23,0.0,increase,False,18
80.0,23,0.2,increase,False,19
69.0,24,0.2,increase,False,20
203.0,24,0.16666666666666666,increase,True,21
176.0,25,0.16666666666666666,increase,True,22
121.0,25,0.2857142857142857,loss,False,23
292.0,26,-0.1111111111111111,increase,False,24
5.0,25,-0.2,increase,False,25
70.0,26,0.0,stable,False,26
156.0,26,0.25,stable,False,27
71.0,27,0.0,stable,False,28
209.0,27,0.0,loss,False,29
78.0,28,-0.1111111111111111,stable,False,30
96.0,28,-0.06666666666666667,stable,False,31
370.0,29,-0.09523809523809523,stable,False,32
182.0,29,0.0,loss,True,33
86.0,29,-0.21052631578947367,stable,True,34
74.0,30,-0.21052631578947367,stable,True,35
203.0,30,-0.06666666666666667,loss,False,36
92.0,30,-0.16666666666666666,loss,False,37
73.0,31,-0.3333333333333333,loss,False,38
105.0,31,-0.4642857142857143,loss,False,39
175.0,32,-0.5,increase,False,40
,16,,increase,,0
85.0,16,,increase,,1
144.0,16,1.25,increase,True,2
72.0,17,0.25,stable,False,3
173.0,17,0.5,loss,False,4
126.0,18,-0.08,loss,False,5
128.0,18,-0.25925925925925924,increase,False,6
57.0,19,-0.21739130434782608,increase,False,7
108.0,18,-0.21739130434782608,increase,False,8
301.0,19,0.5,stable,False,9
92.0,19,0.6666666666666666,loss,False,10
174.0,20,-0.07407407407407407,loss,False,11
79.0,20,-0.16666666666666666,increase,False,12
126.0,21,-0.2,increase,False,13
94.0,21,0.2,increase,False,14
145.0,21,1.25,increase,False,15
18.0,21,0.75,increase,False,16
172.0,22,0.1111111111111111,increase,True,17
175.0,22,1.5714285714285714,loss,True,18
,17,,increase,,0
116.0,18,,increase,,1
142.0,18,2.0,increase,False,2
63.0,18,1.8571428571428572,increase,False,3
135.0,18,0.6666666666666666,increase,False,4
41.0,19,0.6666666666666666,increase,False,5
121.0,19,0.5,increase,False,6
58.0,19,0.2,increase,False,7
234.0,20,0.3333333333333333,increase,False,8
5.0,19,-0.1,increase,False,9
70.0,20,1.0,increase,False,10
156.0,20,1.5925925925925926,increase,False,11
71.0,21,0.3333333333333333,stable,False,12
209.0,21,0.0625,increase,False,13
78.0,22,0.375,stable,False,14
18.0,21,0.125,increase,False,15
78.0,22,0.125,increase,False,16
370.0,23,0.2222222222222222,stable,False,17
182.0,23,0.0,increase,False,18
86.0,23,0.18181818181818182,stable,False,19
74.0,23,0.36363636363636365,stable,False,20
203.0,24,-0.06666666666666667,loss,False,21
92.0,24,-0.13333333333333333,loss,False,22
73.0,25,-0.3333333333333333,loss,False,23
,16,,increase,,0
97.0,16,,stable,,1
163.0,17,4.0,increase,True,2
23.0,17,0.0,increase,False,3
68.0,17,2.0,increase,True,4
108.0,17,1.0,increase,False,5
127.0,17,0.5,increase,False,6
72.0,18,1.0,stable,True,7
223.0,18,0.1,increase,False,8
50.0,19,0.3,loss,False,9
154.0,19,0.13636363636363635,increase,False,10
57.0,20,-0.3076923076923077,increase,False,11
40.0,19,-0.15384615384615385,increase,False,12
68.0,20,-0.23076923076923078,increase,False,13
393.0,21,0.4,increase,False,14
75.0,21,2.0,stable,True,15
100.0,21,2.25,stable,True,16
160.0,22,0.08333333333333333,stable,False,17
203.0,22,-0.07692307692307693,stable,False,18
92.0,22,-0.15384615384615385,stable,False,19
73.0,23,-0.23076923076923078,increase,False,20
,21,,increase,,0
251.0,21,2.5,increase,True,1
170.0,22,6.5,increase,True,2
124.0,22,2.5714285714285716,increase,False,3
43.0,22,4.0,increase,False,4
57.0,22,3.6666666666666665,increase,False,5
14.0,23,11.0,stable,False,6
77.0,23,5.0,increase,False,7
269.0,23,0.2,stable,True,8
79.0,24,0.0,increase,True,9
285.0,24,0.2,increase,True,10
92.0,25,0.4666666666666667,increase,True,11
73.0,25,0.4666666666666667,increase,True,12
105.0,25,1.5,increase,False,13
35.0,25,0.5909090909090909,increase,False,14
140.0,26,1.5,stable,False,15
,19,,stable,,0
403.0,20,-0.1,increase,True,1
72.0,20,0.0,increase,False,2
68.0,20,1.6,increase,False,3
189.0,21,0.15384615384615385,increase,False,4
96.0,21,0.0,increase,False,5
52.0,21,-0.07692307692307693,increase,False,6
170.0,22,0.9230769230769231,increase,False,7
167.0,22,1.5,increase,False,8
140.0,23,2.6,increase,True,9
96.0,23,2.0,increase,True,10
182.0,23,0.1111111111111111,increase,False,11
22.0,24,1.2222222222222223,increase,False,12
138.0,24,0.1111111111111111,increase,False,13
203.0,24,1.8,increase,False,14
92.0,25,2.5,increase,False,15
73.0,25,3.0,increase,False,16
105.0,25,1.3214285714285714,increase,False,17
35.0,25,0.5714285714285714,increase,False,18
140.0,26,1.0,stable,True,19
,20,,increase,,0
70.0,21,,increase,,1
128.0,21,9.0,increase,False,2
226.0,22,1.0,loss,False,3
,16,,increase,,0
370.0,17,0.5,increase,True,1
290.0,18,5.666666666666667,increase,False,2
82.0,18,15.666666666666666,increase,False,3
66.0,18,15.666666666666666,increase,True,4
3.0,19,39.0,increase,True,5
124.0,19,5.0,increase,True,6
158.0,19,2.75,increase,False,7
232.0,19,0.6,increase,True,8
43.0,20,0.7777777777777778,increase,True,9
47.0,19,0.3333333333333333,increase,True,10
1.0,19,0.7777777777777778,increase,True,11
23.0,20,1.2222222222222223,increase,True,12
226.0,21,0.5,increase,False,13
58.0,20,0.3,increase,False,14
26.0,20,0.1,increase,False,15
81.0,21,0.5,stable,False,16
79.0,22,0.3076923076923077,stable,True,17
179.0,21,0.0,increase,False,18
287.0,22,0.2,stable,True,19
182.0,23,0.0,increase,False,20
22.0,24,0.1111111111111111,stable,False,21
138.0,23,0.0,increase,False,22
203.0,24,0.1111111111111111,stable,False,23
165.0,24,0.0,increase,False,24
105.0,25,0.0,stable,False,25
,20,,stable,,0
107.0,20,,stable,,1
102.0,20,0.0,stable,False,2
313.0,21,0.0,increase,False,3
574.0,23,1.3333333333333333,increase,False,4
156.0,23,5.666666666666667,increase,False,5
121.0,23,3.2857142857142856,increase,False,6
111.0,24,1.5,increase,True,7
133.0,24,2.3333333333333335,increase,True,8
159.0,24,0.6,increase,False,9
72.0,25,0.4,increase,False,10
68.0,25,0.8,increase,False,11
139.0,26,1.5714285714285714,stable,False,12
51.0,25,0.5555555555555556,increase,False,13
95.0,25,0.3333333333333333,increase,False,14
81.0,26,0.0,increase,False,15
78.0,27,0.5714285714285714,increase,False,16
96.0,26,0.8333333333333334,increase,False,17
274.0,27,0.13636363636363635,increase,False,18
96.0,27,0.36363636363636365,increase,False,19
82.0,28,0.45454545454545453,stable,True,20
100.0,28,0.16666666666666666,increase,True,21
160.0,28,0.09375,increase,False,22
203.0,29,0.14285714285714285,loss,False,23
165.0,29,0.14285714285714285,loss,False,24
,19,,stable,,0
70.0,18,,increase,,1
210.0,19,7.333333333333333,increase,True,2
159.0,20,6.5,increase,True,3
70.0,20,0.6,increase,False,4
65.0,20,1.4,increase,False,5
91.0,21,2.7777777777777777,increase,False,6
141.0,21,0.6666666666666666,stable,False,7
139.0,21,0.17647058823529413,stable,False,8
78.0,22,0.1,stable,False,9
96.0,22,0.0,stable,False,10
370.0,23,0.0,stable,False,11
184.0,23,-0.1,loss,False,12
155.0,24,-0.1,loss,False,13
220.0,24,-0.1111111111111111,loss,False,14
148.0,25,-0.1111111111111111,loss,False,15
108.0,25,-0.25,loss,False,16
35.0,25,-0.125,loss,False,17
140.0,26,-0.5,increase,False,18
,17,,increase,,0
694.0,19,1.0,stable,True,1
171.0,20,1.0,stable,True,2
206.0,20,0.0,increase,True,3
205.0,21,0.5,increase,True,4
144.0,21,0.5,increase,True,5
193.0,22,1.0,increase,False,6
64.0,22,2.3333333333333335,increase,False,7
38.0,22,4.333333333333333,increase,False,8
240.0,23,1.5,increase,False,9
149.0,23,1.5,increase,False,10
75.0,23,1.0,increase,True,11
65.0,24,1.5,increase,True,12
63.0,24,1.75,stable,True,13
176.0,24,0.2,loss,False,14
121.0,25,0.09090909090909091,loss,False,15
292.0,25,-0.5333333333333333,loss,False,16
5.0,25,-0.4666666666666667,loss,False,17
30.0,25,-0.3333333333333333,loss,False,18
40.0,26,-0.7,loss,False,19
65.0,26,-0.75,loss,False,20
91.0,26,-0.675,loss,False,21
141.0,26,-0.13333333333333333,increase,False,22
139.0,27,-0.23076923076923078,increase,False,23
78.0,28,0.15384615384615385,increase,False,24
96.0,27,-0.23076923076923078,increase,False,25
370.0,28,0.8,increase,False,26
185.0,29,0.1111111111111111,loss,True,27
90.0,29,-0.3333333333333333,stable,True,28
107.0,29,-0.4,loss,False,29
163.0,30,-0.08333333333333333,loss,True,30
165.0,30,-0.16666666666666666,loss,True,31
,17,,increase,,0
54.0,17,,increase,,1
79.0,18,,increase,,2
205.0,18,1.0833333333333333,stable,False,3
83.0,18,1.0833333333333333,stable,False,4
229.0,19,-0.1,loss,False,5
70.0,19,-0.1,stable,True,6
65.0,19,-0.32,increase,True,7
110.0,20,-0.2,increase,True,8
254.0,20,0.3333333333333333,increase,True,9
85.0,21,1.7777777777777777,loss,True,10
80.0,21,0.6666666666666666,increase,True,11
108.0,21,-0.2,increase,False,12
182.0,21,0.375,increase,False,13
96.0,22,0.625,increase,False,14
82.0,22,0.75,increase,False,15
100.0,22,0.15384615384615385,stable,False,16
86.0,22,0.14285714285714285,stable,False,17
74.0,23,0.14285714285714285,stable,False,18
203.0,23,0.0,increase,False,19
165.0,24,0.0,increase,False,20
,18,,increase,,0
57.0,18,,increase,,1
167.0,19,3.8,stable,True,2
383.0,20,0.0,stable,True,3
327.0,20,0.0,increase,True,4
79.0,21,5.666666666666667,increase,True,5
119.0,21,1.5,increase,False,6
86.0,21,1.5,increase,False,7
83.0,22,2.75,increase,False,8
80.0,22,12.333333333333334,increase,False,9
5.0,22,13.666666666666666,increase,False,10
144.0,22,0.16666666666666666,increase,False,11
70.0,22,0.2727272727272727,loss,True,12
156.0,23,0.42857142857142855,stable,True,13
141.0,23,-0.10714285714285714,increase,False,14
139.0,24,0.0,increase,False,15
78.0,24,0.6,increase,False,16
18.0,24,0.2,increase,False,17
78.0,24,0.52,increase,False,18
274.0,25,0.3157894736842105,increase,False,19
96.0,25,0.4473684210526316,stable,False,20
182.0,26,0.09090909090909091,increase,False,21
22.0,26,0.36363636363636365,stable,False,22
64.0,26,0.18181818181818182,increase,False,23
74.0,26,0.2727272727272727,stable,False,24
203.0,26,0.07142857142857142,stable,False,25
165.0,27,0.07142857142857142,stable,False,26
,17,,increase,,0
6.0,18,,increase,,1
225.0,18,0.5,increase,False,2
331.0,19,12.333333333333334,increase,True,3
17.0,19,0.16666666666666666,increase,True,4
96.0,19,7.333333333333333,increase,True,5
46.0,19,20.666666666666668,increase,True,6
92.0,20,23.285714285714285,increase,True,7
166.0,20,0.3076923076923077,increase,False,8
5.0,20,0.6923076923076923,increase,False,9
10.0,20,0.29411764705882354,increase,False,10
93.0,20,0.47058823529411764,increase,False,11
181.0,21,0.4,increase,False,12
175.0,21,0.4,increase,False,13
167.0,22,0.14285714285714285,stable,False,14
205.0,22,0.0,increase,False,15
97.0,23,0.25,stable,False,16
40.0,23,0.25,stable,False,17
,18,,increase,,0
162.0,19,,increase,,1
521.0,20,5.0,increase,True,2
156.0,21,6.0,increase,True,3
121.0,21,0.16666666666666666,increase,False,4
106.0,22,1.2857142857142858,increase,True,5
58.0,21,1.2857142857142858,increase,True,6
234.0,22,0.125,increase,False,7
5.0,22,-0.1875,increase,False,8
70.0,22,0.5,increase,False,9
156.0,23,1.7692307692307692,increase,False,10
141.0,23,1.0833333333333333,loss,False,11
139.0,24,0.3888888888888889,stable,False,12
78.0,25,-0.12,increase,False,13
96.0,24,-0.12,increase,False,14
370.0,25,0.13636363636363635,increase,False,15
182.0,26,0.4,stable,False,16
160.0,26,0.4,stable,False,17
203.0,27,0.0,stable,False,18
165.0,27,0.0,increase,False,19
105.0,28,0.0,increase,False,20
175.0,28,0.14285714285714285,stable,False,21
,17,,stable,,0
127.0,18,,stable,,1
171.0,18,0.0,increase,True,2
166.0,18,0.0,increase,True,3
122.0,19,1.0,increase,True,4
70.0,19,9.0,increase,False,5
90.0,19,14.0,increase,False,6
107.0,19,2.0,stable,False,7
174.0,20,1.0,stable,False,8
253.0,20,0.0,increase,False,9
,18,,increase,,0
61.0,18,,increase,,1
67.0,19,,increase,,2
222.0,19,0.6,loss,False,3
75.0,19,0.6,loss,False,4
190.0,20,-0.125,increase,True,5
97.0,20,-0.125,increase,True,6
268.0,21,0.2857142857142857,increase,False,7
127.0,21,0.42857142857142855,increase,True,8
40.0,21,2.7142857142857144,increase,True,9
138.0,22,5.666666666666667,loss,True,10
73.0,22,2.4615384615384617,loss,False,11
138.0,21,-0.16666666666666666,increase,False,12
13.0,22,0.5,increase,True,13
92.0,22,-0.1111111111111111,stable,True,14
73.0,23,-0.2222222222222222,increase,True,15
,17,,increase,,0
45.0,18,,increase,,1
316.0,18,2.0,loss,False,2
164.0,19,5.666666666666667,increase,False,3
36.0,18,-0.1111111111111111,increase,False,4
71.0,19,3.4444444444444446,increase,True,5
78.0,19,1.0,increase,True,6
100.0,20,20.25,increase,True,7
47.0,19,1.75,increase,False,8
99.0,19,1.25,increase,False,9
240.0,20,2.3333333333333335,increase,False,10
97.0,20,2.888888888888889,increase,False,11
39.0,21,4.0,stable,False,12
58.0,21,0.5,stable,False,13
126.0,21,-0.06666666666666667,stable,False,14
98.0,22,-0.06666666666666667,stable,False,15
179.0,22,-0.047619047619047616,increase,True,16
160.0,22,-0.09523809523809523,increase,True,17
203.0,23,0.18421052631578946,increase,False,18
92.0,23,0.3157894736842105,increase,False,19
73.0,23,0.4473684210526316,increase,False,20
,22,,increase,,0
133.0,22,,increase,,1
159.0,22,1.2,increase,False,2
70.0,23,1.1428571428571428,increase,True,3
65.0,23,2.142857142857143,increase,True,4
91.0,23,3.5454545454545454,increase,True,5
53.0,23,1.6666666666666667,stable,True,6
18.0,23,0.8666666666666667,increase,False,7
209.0,24,0.42857142857142855,increase,True,8
78.0,25,0.6071428571428571,increase,True,9
96.0,24,0.42857142857142855,increase,True,10
274.0,25,0.25,stable,False,11
96.0,25,0.375,stable,False,12
182.0,26,0.0,stable,False,13
160.0,26,0.0,stable,False,14
203.0,27,0.0,loss,False,15
92.0,27,-0.09090909090909091,loss,False,16
73.0,27,-0.18181818181818182,loss,False,17
,19,,stable,,0
88.0,20,,stable,,1
130.0,20,0.0,increase,False,2
102.0,20,0.0,increase,False,3
306.0,21,79.0,increase,True,4
84.0,21,1.5,increase,False,5
180.0,21,59.0,increase,True,6
158.0,22,79.0,increase,True,7
85.0,22,0.6666666666666666,increase,False,8
66.0,23,1.0,increase,False,9
127.0,23,0.6,stable,False,10
74.0,23,0.16666666666666666,increase,False,11
263.0,24,0.14285714285714285,increase,False,12
192.0,24,0.25,stable,False,13
197.0,25,0.0,increase,False,14
127.0,25,0.2,stable,False,15
47.0,25,0.2,stable,False,16
253.0,26,0.0,increase,False,17
6.0,26,0.25,stable,True,18
35.0,26,0.16666666666666666,increase,True,19
140.0,27,0.25,stable,True,20
,17,,increase,,0
22.0,18,,increase,,1
341.0,18,1.0,increase,False,2
92.0,18,4.6,increase,False,3
73.0,18,8.0,stable,False,4
105.0,19,3.0,loss,False,5
175.0,19,0.0,loss,False,6
,18,,increase,,0
101.0,18,,increase,,1
116.0,19,19.0,increase,False,2
142.0,19,6.5,increase,False,3
63.0,19,1.0,increase,False,4
135.0,20,1.3333333333333333,increase,False,5
41.0,20,2.0,stable,False,6
121.0,20,1.75,stable,False,7
58.0,20,0.42857142857142855,stable,False,8
239.0,21,-0.01,increase,False,9
70.0,21,0.1,increase,False,10
156.0,22,0.21212121212121213,increase,False,11
71.0,22,0.18181818181818182,increase,False,12
48.0,22,0.2727272727272727,increase,False,13
161.0,22,0.15384615384615385,increase,False,14
78.0,23,0.14285714285714285,increase,False,15
96.0,23,0.14285714285714285,increase,False,16
370.0,24,0.125,increase,False,17
82.0,24,0.25,increase,True,18
100.0,24,0.2222222222222222,stable,True,19
160.0,25,0.2,stable,False,20
203.0,25,-0.08333333333333333,stable,False,21
165.0,26,0.0,stable,False,22
,20,,increase,,0
315.0,20,7.0,increase,False,1
271.0,21,4.0,increase,True,2
99.0,21,11.5,increase,True,3
183.0,22,3.0,increase,False,4
107.0,22,6.0,loss,True,5
144.0,22,0.4,stable,True,6
72.0,22,-0.2,stable,False,7
173.0,23,0.07142857142857142,stable,False,8
254.0,24,0.0,increase,False,9
85.0,24,1.0,loss,True,10
96.0,24,0.3333333333333333,increase,True,11
92.0,24,-0.16666666666666666,increase,False,12
278.0,25,0.4,increase,False,13
82.0,25,0.7,stable,False,14
100.0,26,0.21428571428571427,stable,False,15
160.0,26,0.0,stable,False,16
203.0,27,-0.058823529411764705,stable,False,17
165.0,27,-0.058823529411764705,loss,False,18
,19,,stable,,0
206.0,18,0.0,increase,False,1
205.0,19,1.0,increase,False,2
151.0,20,2.0,loss,True,3
332.0,20,-0.16666666666666666,increase,False,4
13.0,20,0.0,increase,False,5
113.0,21,1.3333333333333333,increase,True,6
101.0,21,2.3333333333333335,increase,True,7
116.0,21,0.42857142857142855,increase,False,8
193.0,22,0.2,increase,True,9
14.0,22,-0.2,increase,True,10
69.0,22,0.0,increase,True,11
251.0,22,0.5,increase,False,12
44.0,23,1.0,increase,False,13
135.0,23,2.0,increase,False,14
81.0,24,0.75,increase,False,15
12.0,23,0.2,increase,False,16
6.0,24,0.75,increase,False,17
264.0,24,0.14285714285714285,increase,False,18
158.0,24,0.14285714285714285,increase,False,19
85.0,25,0.25,stable,False,20
66.0,25,0.25,stable,False,21
127.0,26,0.0,stable,False,22
337.0,26,0.0,stable,False,23
192.0,27,0.0,stable,False,24
197.0,27,0.0,loss,False,25
163.0,28,-0.1,loss,True,26
92.0,28,-0.3,loss,True,27
73.0,28,-0.3,loss,True,28
,15,,increase,,0
154.0,15,,stable,,1
195.0,16,0.0,loss,True,2
350.0,17,-0.375,loss,False,3
293.0,17,-0.2,loss,False,4
83.0,18,-0.2,increase,True,5
169.0,18,-0.25,increase,True,6
195.0,19,1.3333333333333333,increase,False,7
323.0,19,0.14285714285714285,increase,False,8
22.0,20,0.14285714285714285,increase,True,9
75.0,20,1.2857142857142858,increase,True,10
210.0,20,1.5,increase,True,11
58.0,20,0.875,increase,False,12
14.0,21,5.25,stable,True,13
228.0,21,-0.1,loss,False,14
6.0,21,-0.1,loss,True,15
220.0,22,-0.1111111111111111,stable,True,16
44.0,22,-0.1111111111111111,stable,False,17
97.0,22,-0.1111111111111111,increase,True,18
139.0,23,0.05,increase,True,19
78.0,23,0.5,loss,False,20
96.0,23,0.125,increase,False,21
92.0,23,-0.16666666666666666,increase,False,22
182.0,24,0.6,increase,False,23
96.0,24,0.8,stable,False,24
182.0,25,0.0,increase,False,25
86.0,25,0.05555555555555555,increase,False,26
74.0,25,0.2222222222222222,stable,False,27
203.0,25,0.0,loss,False,28
92.0,26,-0.09090909090909091,loss,False,29
73.0,26,-0.22727272727272727,loss,False,30
105.0,26,-0.3181818181818182,stable,False,31
35.0,26,-0.2,loss,False,32
140.0,27,-0.23529411764705882,stable,False,33
,19,,increase,,0
209.0,20,14.0,increase,False,1
156.0,20,34.0,increase,False,2
121.0,20,1.3333333333333333,increase,False,3
111.0,21,0.42857142857142855,increase,False,4
133.0,21,1.8571428571428572,increase,False,5
159.0,21,0.8,increase,False,6
70.0,22,0.8,increase,True,7
156.0,22,1.2222222222222223,stable,True,8
141.0,22,0.1111111111111111,increase,False,9
139.0,23,0.0,increase,False,10
78.0,24,0.5,loss,False,11
96.0,23,0.1,increase,False,12
92.0,24,-0.16666666666666666,increase,False,13
278.0,24,0.6,increase,False,14
82.0,25,0.92,increase,False,15
100.0,25,0.2,increase,False,16
22.0,26,0.5,stable,False,17
138.0,25,0.14583333333333334,stable,False,18
203.0,26,0.0,increase,False,19
165.0,26,0.0,increase,False,20
105.0,27,0.18181818181818182,stable,True,21
35.0,27,0.18181818181818182,stable,True,22
140.0,27,0.18181818181818182,stable,True,23
,18,,increase,,0
246.0,18,9.0,increase,False,1
171.0,19,29.0,loss,False,2
186.0,19,-0.16666666666666666,loss,False,3
21.0,19,-0.16666666666666666,loss,True,4
96.0,20,-0.25,loss,True,5
78.0,20,-0.2,loss,True,6
149.0,20,-0.2222222222222222,loss,True,7
56.0,21,-0.375,stable,False,8
343.0,21,0.0,increase,True,9
57.0,22,1.4,increase,True,10
41.0,22,0.4,increase,True,11
76.0,22,1.0,increase,True,12
159.0,22,1.5714285714285714,increase,True,13
59.0,23,2.0,stable,True,14
,18,,increase,,0
19.0,18,,increase,,1
292.0,18,1.6923076923076923,increase,False,2
5.0,18,0.5384615384615384,increase,False,3
30.0,18,0.6923076923076923,increase,False,4
40.0,19,2.076923076923077,increase,False,5
156.0,19,1.7272727272727273,stable,False,6
71.0,19,0.625,stable,False,7
209.0,20,0.0,stable,False,8
78.0,21,0.38461538461538464,loss,False,9
96.0,20,0.0,increase,False,10
92.0,21,-0.2222222222222222,increase,False,11
99.0,21,0.5384615384615384,increase,False,12
83.0,21,0.5714285714285714,stable,False,13
96.0,21,0.7142857142857143,stable,False,14
182.0,22,0.0,increase,False,15
86.0,22,0.08333333333333333,increase,False,16
74.0,22,0.16666666666666666,stable,False,17
203.0,23,0.07142857142857142,loss,False,18
165.0,23,0.07142857142857142,loss,False,19
105.0,24,-0.13333333333333333,stable,False,20
35.0,24,-0.06666666666666667,loss,False,21
140.0,24,-0.26666666666666666,stable,False,22
,17,,increase,,0
81.0,17,,increase,,1
200.0,18,1.25,increase,False,2
71.0,18,2.0,increase,True,3
50.0,18,1.5,increase,False,4
128.0,19,3.0,stable,True,5
39.0,19,1.6666666666666667,increase,False,6
13.0,18,0.8,increase,True,7
94.0,18,1.8,increase,True,8
240.0,19,0.2857142857142857,loss,False,9
97.0,20,0.2857142857142857,increase,False,10
39.0,20,0.07142857142857142,increase,False,11
58.0,20,-0.16666666666666666,increase,False,12
125.0,21,0.8666666666666667,loss,True,13
96.0,21,1.0,loss,True,14
182.0,21,-0.16666666666666666,increase,False,15
22.0,22,0.16666666666666666,increase,False,16
138.0,22,-0.06666666666666667,increase,False,17
203.0,22,0.42857142857142855,increase,False,18
165.0,23,0.42857142857142855,increase,False,19
,19,,increase,,0
129.0,19,,stable,,1
674.0,21,0.0,increase,True,2
79.0,21,0.5,increase,True,3
53.0,21,0.8,loss,True,4
162.0,22,0.3333333333333333,stable,True,5
20.0,21,-0.1111111111111111,increase,False,6
72.0,22,0.1111111111111111,stable,True,7
295.0,23,0.0,increase,True,8
58.0,22,-0.2,increase,True,9
52.0,23,1.5,increase,True,10
170.0,23,5.25,increase,False,11
167.0,24,1.0,increase,False,12
71.0,24,1.6,increase,False,13
77.0,24,0.6,increase,False,14
189.0,25,3.0,increase,True,15
89.0,25,4.625,increase,True,16
162.0,26,1.03125,increase,False,17
58.0,25,0.2222222222222222,increase,False,18
7.0,26,0.5555555555555556,stable,False,19
131.0,26,0.15384615384615385,stable,False,20
162.0,26,0.07142857142857142,loss,False,21
105.0,27,-0.06666666666666667,stable,True,22
175.0,27,-0.13333333333333333,stable,True,23
,17,,increase,,0
440.0,17,49.0,increase,False,1
89.0,18,79.0,increase,False,2
13.0,17,14.0,increase,False,3
179.0,18,1.25,increase,False,4
97.0,18,15.666666666666666,increase,False,5
32.0,18,17.666666666666668,increase,False,6
108.0,19,0.9444444444444444,increase,False,7
61.0,19,1.2,increase,False,8
57.0,19,1.3214285714285714,increase,False,9
139.0,19,0.6363636363636364,stable,False,10
225.0,20,0.0,stable,False,11
231.0,20,-0.1,loss,False,12
70.0,21,-0.1,loss,True,13
85.0,21,-0.2222222222222222,stable,True,14
71.0,21,-0.13580246913580246,stable,True,15
280.0,22,0.0,loss,False,16
78.0,23,0.0,loss,False,17
96.0,23,0.0,loss,False,18
274.0,23,-0.14285714285714285,stable,False,19
96.0,24,-0.21428571428571427,stable,False,20
82.0,24,-0.14285714285714285,stable,True,21
100.0,24,0.0,increase,True,22
22.0,25,0.36363636363636365,stable,True,23
64.0,24,0.0,increase,False,24
74.0,24,0.16666666666666666,stable,False,25
203.0,25,0.07142857142857142,loss,False,26
92.0,25,0.0,loss,False,27
73.0,25,-0.07142857142857142,loss,False,28
105.0,26,-0.26666666666666666,stable,False,29
35.0,26,-0.14285714285714285,loss,False,30
140.0,26,-0.15384615384615385,stable,False,31
,17,,loss,,0
226.0,17,-0.25,increase,False,1
50.0,18,0.5,increase,True,2
109.0,17,-0.25,increase,False,3
203.0,18,4.333333333333333,increase,True,4
53.0,19,32.333333333333336,stable,True,5
56.0,18,5.666666666666667,increase,True,6
220.0,19,4.0,increase,False,7
134.0,19,9.0,increase,False,8
,21,,increase,,0
159.0,22,,loss,,1
329.0,22,-0.3333333333333333,stable,False,2
37.0,23,0.0,loss,False,3
103.0,23,0.0,loss,True,4
306.0,24,-0.3333333333333333,loss,True,5
128.0,24,-0.3333333333333333,loss,True,6
187.0,25,-0.2,increase,True,7
149.0,25,0.0,stable,True,8
203.0,26,0.0,increase,True,9
176.0,26,1.0,increase,True,10
121.0,27,2.5,increase,False,11
58.0,27,2.5,increase,False,12
234.0,27,1.2857142857142858,increase,False,13
5.0,27,-0.2,increase,False,14
70.0,28,2.4285714285714284,increase,True,15
65.0,28,4.142857142857143,increase,True,16
91.0,28,7.928571428571429,increase,True,17
120.0,28,0.9444444444444444,loss,False,18
21.0,28,0.6666666666666666,loss,False,19
139.0,29,0.28,loss,False,20
78.0,30,-0.16666666666666666,increase,False,21
96.0,29,-0.06666666666666667,stable,False,22
191.0,30,0.0,stable,False,23
179.0,30,0.0,stable,False,24
182.0,31,0.0,loss,False,25
160.0,31,0.0,loss,False,26
203.0,32,-0.10714285714285714,loss,False,27
165.0,32,-0.2857142857142857,loss,False,28
,16,,stable,,0
114.0,16,,stable,,1
263.0,17,0.0,increase,False,2
4.0,17,5.666666666666667,increase,False,3
115.0,17,39.0,increase,False,4
219.0,18,1.6666666666666667,increase,False,5
7.0,18,1.5,increase,False,6
306.0,19,0.2,loss,True,7
125.0,19,-0.13333333333333333,loss,True,8
57.0,19,-0.4444444444444444,loss,True,9
109.0,20,-0.5555555555555556,stable,True,10
265.0,20,0.0,loss,True,11
154.0,21,-0.125,loss,True,12
,20,,stable,,0
410.0,21,0.0,increase,True,1
185.0,21,0.6666666666666666,stable,True,2
,19,,increase,,0
35.0,18,,increase,,1
60.0,19,,increase,,2
245.0,19,0.14285714285714285,increase,False,3
64.0,20,0.03571428571428571,increase,False,4
10.0,20,0.42857142857142855,increase,False,5
33.0,20,4.714285714285714,increase,True,6
71.0,20,10.428571428571429,increase,True,7
125.0,20,5.25,loss,False,8
159.0,21,2.5,loss,False,9
26.0,20,-0.32,increase,False,10
81.0,21,0.0,loss,False,11
92.0,21,-0.2857142857142857,loss,False,12
166.0,22,-0.2,loss,False,13
5.0,22,-0.2,loss,False,14
284.0,23,-0.15,increase,False,15
175.0,23,0.0,stable,False,16
167.0,24,0.17647058823529413,stable,False,17
201.0,24,0.0,increase,True,18
92.0,24,0.1,increase,True,19
73.0,25,0.25,increase,True,20
105.0,25,0.75,increase,False,21
35.0,25,0.45454545454545453,increase,False,22
140.0,26,1.0,loss,False,23
,18,,increase,,0
107.0,19,,stable,,1
63.0,19,,increase,,2
125.0,19,0.0,increase,False,3
182.0,20,0.6,increase,False,4
96.0,20,2.0,increase,True,5
82.0,20,3.2,increase,True,6
88.0,20,1.1875,increase,True,7
12.0,20,0.8333333333333334,stable,False,8
86.0,21,0.19047619047619047,stable,False,9
74.0,21,0.19047619047619047,stable,False,10
203.0,21,0.1,stable,False,11
165.0,22,0.1,stable,False,12
,19,,increase,,0
80.0,19,,increase,,1
5.0,19,,increase,,2
144.0,19,0.35,increase,False,3
70.0,19,2.75,increase,True,4
65.0,20,3.5,increase,True,5
91.0,20,4.555555555555555,increase,True,6
141.0,20,0.48148148148148145,increase,False,7
139.0,21,0.3333333333333333,increase,False,8
78.0,21,0.625,stable,True,9
96.0,21,0.0,increase,False,10
92.0,21,0.0,loss,False,11
278.0,22,-0.15384615384615385,loss,False,12
82.0,22,-0.38461538461538464,loss,False,13
100.0,23,-0.41818181818181815,stable,False,14
160.0,23,-0.375,increase,False,15
203.0,23,0.2,stable,False,16
92.0,24,0.08,stable,False,17
73.0,24,0.0,increase,False,18
,17,,increase,,0
277.0,18,2.3333333333333335,increase,True,1
92.0,18,15.666666666666666,increase,True,2
73.0,19,25.666666666666668,increase,True,3
105.0,19,19.0,increase,True,4
35.0,19,2.0,increase,False,5
140.0,20,2.125,stable,False,6
,18,,increase,,0
256.0,18,2.0,increase,False,1
286.0,19,25.666666666666668,stable,True,2
67.0,19,9.0,increase,True,3
7.0,19,25.666666666666668,increase,True,4
168.0,20,0.0,increase,True,5
,17,,increase,,0
111.0,17,,increase,,1
116.0,17,3.0,increase,True,2
59.0,17,7.8,increase,True,3
168.0,18,2.0,stable,False,4
200.0,18,0.0,increase,False,5
162.0,19,0.16666666666666666,increase,False,6
,20,,increase,,0
111.0,20,,increase,,1
130.0,21,2.0,increase,False,2
102.0,21,0.5,increase,False,3
306.0,22,1.0,increase,True,4
84.0,21,0.6666666666666666,increase,False,5
21.0,22,2.3333333333333335,increase,True,6
213.0,23,0.6,stable,False,7
38.0,22,0.2,increase,False,8
148.0,23,0.0,stable,False,9
184.0,24,0.0,increase,False,10
12.0,24,0.25,increase,True,11
337.0,25,0.5,loss,False,12
122.0,25,0.0,increase,False,13
70.0,25,-0.3333333333333333,increase,False,14
197.0,26,1.0,increase,False,15
174.0,26,1.0,increase,False,16
45.0,27,2.75,loss,False,17
39.0,26,0.75,increase,False,18
169.0,27,-0.3333333333333333,increase,False,19
,18,,increase,,0
156.0,19,,increase,,1
106.0,19,27.0,increase,True,2
121.0,20,14.0,increase,True,3
297.0,20,0.5,increase,False,4
30.0,20,0.6666666666666666,increase,False,5
40.0,20,1.0,increase,False,6
65.0,21,1.3333333333333333,increase,False,7
91.0,21,0.6,increase,False,8
53.0,21,0.5,increase,False,9
18.0,21,0.3333333333333333,increase,False,10
209.0,22,0.375,increase,False,11
78.0,22,0.75,stable,False,12
96.0,22,0.5,stable,False,13
370.0,23,0.08333333333333333,loss,False,14
82.0,23,-0.08333333333333333,loss,False,15
100.0,24,-0.23076923076923078,loss,False,16
22.0,24,-0.46153846153846156,loss,False,17
138.0,24,-0.2727272727272727,loss,False,18
203.0,25,-0.25,increase,False,19
165.0,25,-0.25,increase,False,20
105.0,26,0.6666666666666666,increase,False,21
35.0,25,0.16666666666666666,increase,False,22
140.0,26,1.0,stable,False,23
,18,,increase,,0
348.0,18,1.5,increase,False,1
179.0,19,4.0,increase,False,2
123.0,19,5.0,increase,True,3
61.0,19,2.0,increase,True,4
181.0,20,0.16666666666666666,increase,False,5
23.0,20,1.8333333333333333,increase,True,6
,18,,increase,,0
126.0,18,,increase,,1
24.0,17,,increase,,2
104.0,18,13.0,increase,True,3
57.0,19,4.0,stable,False,4
40.0,18,17.0,increase,True,5
68.0,19,23.0,increase,True,6
112.0,19,0.6666666666666666,increase,False,7
189.0,19,0.6666666666666666,stable,False,8
92.0,20,0.6666666666666666,increase,False,9
175.0,20,0.0,increase,True,10
86.0,20,0.28,stable,True,11
74.0,21,0.4,stable,True,12
203.0,21,0.0,stable,False,13
165.0,22,0.0,stable,False,14
,18,,increase,,0
287.0,18,23.0,increase,False,1
77.0,19,99.0,stable,False,2
78.0,19,99.0,increase,True,3
141.0,19,0.0,increase,True,4
217.0,21,6.6,loss,False,5
82.0,20,-0.1,increase,True,6
14.0,20,0.2,increase,False,7
92.0,20,-0.34210526315789475,increase,False,8
182.0,21,1.2,increase,False,9
96.0,21,2.0,increase,False,10
82.0,21,2.6,loss,True,11
100.0,22,0.2,loss,True,12
86.0,22,-0.1111111111111111,stable,False,13
74.0,22,-0.16666666666666666,stable,False,14
203.0,23,0.06666666666666667,increase,False,15
165.0,23,0.2,increase,False,16
,17,,increase,,0
305.0,18,24.0,stable,True,1
96.0,18,1.0,increase,False,2
92.0,18,0.0,increase,False,3
278.0,19,0.28,increase,False,4
82.0,19,1.0,loss,True,5
100.0,19,0.5625,loss,True,6
86.0,20,-0.2,stable,False,7
74.0,20,-0.3,increase,False,8
203.0,20,0.14285714285714285,loss,False,9
165.0,21,0.14285714285714285,loss,False,10
105.0,21,-0.25,loss,False,11
35.0,21,-0.125,loss,False,12
140.0,22,-0.45,increase,False,13
,17,,increase,,0
17.0,16,,increase,,1
354.0,18,29.0,increase,False,2
163.0,18,69.0,increase,True,3
3.0,19,199.0,increase,True,4
253.0,19,0.3,loss,False,5
160.0,19,0.3,loss,True,6
167.0,20,-0.23076923076923078,increase,True,7
47.0,20,-0.5384615384615384,increase,True,8
69.0,20,-0.07692307692307693,increase,True,9
18.0,20,-0.38461538461538464,increase,True,10
,18,,increase,,0
518.0,19,59.0,increase,False,1
201.0,20,0.3333333333333333,increase,False,2
142.0,20,1.8333333333333333,increase,False,3
218.0,21,0.5294117647058824,increase,True,4
299.0,21,0.15384615384615385,loss,False,5
22.0,22,0.15384615384615385,loss,False,6
218.0,22,-0.3,increase,False,7
10.0,23,-0.13333333333333333,increase,False,8
342.0,23,0.15384615384615385,increase,False,9
327.0,24,0.2,increase,False,10
30.0,25,0.8666666666666667,loss,False,11
329.0,24,-0.17857142857142858,increase,False,12
35.0,25,0.0,stable,False,13
2.0,26,0.0,stable,False,14
238.0,25,0.0,stable,False,15
171.0,26,0.0,loss,False,16
128.0,27,0.0,loss,False,17
218.0,27,-0.10714285714285714,increase,False,18
116.0,27,-0.10714285714285714,increase,False,19
49.0,28,0.0,increase,False,20
156.0,28,0.12,increase,False,21
176.0,28,0.25,loss,False,22
121.0,29,0.25,loss,False,23
297.0,29,-0.2,loss,False,24
70.0,30,-0.2,loss,False,25
156.0,30,-0.21428571428571427,loss,False,26
71.0,30,-0.2857142857142857,stable,False,27
209.0,31,-0.1,loss,False,28
78.0,32,-0.25,loss,False,29
96.0,31,-0.25,loss,False,30
274.0,32,-0.3333333333333333,loss,False,31
96.0,33,-0.3333333333333333,loss,False,32
126.0,33,-0.2,loss,True,33
52.0,33,-0.25,loss,True,34
94.0,33,-0.4,loss,True,35
74.0,33,-0.5,loss,True,36
200.0,34,-0.125,loss,False,37
162.0,34,-0.375,loss,False,38
,17,,loss,,0
297.0,17,-0.13333333333333333,increase,False,1
477.0,19,0.38461538461538464,stable,True,2
170.0,19,0.38461538461538464,stable,True,3
238.0,20,0.0,increase,True,4
77.0,20,0.0,increase,True,5
217.0,21,0.2222222222222222,increase,True,6
55.0,21,0.5555555555555556,increase,True,7
20.0,22,11.222222222222221,increase,True,8
64.0,21,3.4444444444444446,increase,True,9
74.0,21,5.818181818181818,increase,True,10
203.0,22,1.6666666666666667,increase,False,11
92.0,22,2.3333333333333335,increase,False,12
73.0,22,2.6666666666666665,increase,False,13
105.0,23,0.75,increase,False,14
35.0,23,0.3,increase,False,15
140.0,23,0.6363636363636364,loss,False,16
,18,,increase,,0
280.0,19,5.0,increase,True,1
78.0,20,29.0,loss,True,2
96.0,20,11.0,increase,True,3
92.0,20,-0.3333333333333333,increase,False,4
278.0,21,0.5,increase,False,5
82.0,21,2.2,increase,True,6
88.0,21,0.8,increase,False,7
12.0,21,2.0,increase,True,8
22.0,22,5.0,increase,True,9
64.0,21,0.71875,increase,False,10
74.0,22,1.5,increase,False,11
203.0,22,0.625,stable,False,12
165.0,23,0.5,loss,False,13
105.0,23,-0.07692307692307693,stable,False,14
175.0,24,-0.16666666666666666,stable,False,15
,17,,increase,,0
5.0,18,,increase,,1
10.0,18,,increase,,2
189.0,18,0.75,increase,False,3
85.0,18,0.75,increase,False,4
118.0,19,0.2857142857142857,increase,False,5
57.0,19,1.0,increase,False,6
167.0,19,0.5555555555555556,increase,False,7
104.0,20,0.25,increase,False,8
101.0,20,0.7857142857142857,loss,False,9
137.0,20,0.42857142857142855,loss,False,10
129.0,21,-0.2,loss,True,11
35.0,21,-0.1,loss,True,12
140.0,21,-0.4,increase,True,13
,16,,increase,,0
137.0,16,,increase,,1
81.0,17,2.0,increase,True,2
87.0,17,4.0,stable,True,3
15.0,17,3.0,increase,False,4
182.0,17,0.375,increase,False,5
70.0,18,0.5,increase,False,6
,17,,increase,,0
53.0,17,,stable,,1
77.0,17,,stable,,2
189.0,18,0.0,loss,False,3
167.0,18,-0.16666666666666666,increase,False,4
168.0,19,-0.16666666666666666,increase,False,5
128.0,19,1.8,increase,True,6
58.0,19,1.8,increase,True,7
234.0,20,1.1428571428571428,increase,False,8
5.0,20,0.6428571428571429,increase,False,9
30.0,20,0.8571428571428571,increase,False,10
40.0,20,2.142857142857143,increase,False,11
65.0,20,2.857142857142857,increase,False,12
91.0,21,1.6923076923076923,stable,False,13
141.0,21,0.2962962962962963,stable,False,14
139.0,21,0.0,stable,False,15
78.0,22,-0.08571428571428572,increase,False,16
96.0,22,-0.08571428571428572,loss,False,17
92.0,22,0.1875,loss,False,18
278.0,23,-0.2631578947368421,increase,False,19
82.0,23,-0.15789473684210525,increase,False,20
100.0,23,0.5,increase,False,21
86.0,24,0.71875,stable,False,22
74.0,24,0.71875,stable,False,23
203.0,24,0.0,stable,True,24
92.0,25,-0.09090909090909091,stable,True,25
73.0,25,-0.09090909090909091,increase,True,26
,17,,increase,,0
131.0,17,,increase,,1
102.0,17,2.0,stable,False,2
60.0,18,2.0,stable,False,3
,17,,stable,,0
183.0,18,0.0,loss,False,1
246.0,18,-0.25,loss,True,2
5.0,18,-0.1,loss,True,3
72.0,19,-0.4,loss,True,4
68.0,19,-0.5,stable,True,5
190.0,19,0.0,increase,False,6
95.0,19,0.0,increase,False,7
81.0,20,0.0,increase,False,8
174.0,20,0.4,increase,False,9
91.0,20,1.0,increase,False,10
43.0,21,1.0,increase,False,11
71.0,21,1.2857142857142858,stable,False,12
77.0,21,0.2,increase,False,13
270.0,22,0.4583333333333333,increase,True,14
22.0,23,1.0833333333333333,stable,True,15
64.0,22,0.875,increase,True,16
74.0,22,0.875,increase,True,17
203.0,23,0.1111111111111111,increase,False,18
165.0,23,0.1111111111111111,increase,False,19
105.0,24,0.3,increase,True,20
35.0,24,0.3,increase,True,21
140.0,24,0.6,stable,True,22
,17,,increase,,0
178.0,18,,stable,,1
39.0,18,1.25,increase,False,2
13.0,17,1.25,increase,False,3
334.0,18,0.1111111111111111,increase,False,4
142.0,19,2.3333333333333335,increase,True,5
21.0,19,2.3333333333333335,increase,True,6
54.0,19,0.8,increase,True,7
316.0,20,11.222222222222221,increase,True,8
51.0,20,7.888888888888889,increase,True,9
12.0,20,12.333333333333334,increase,True,10
79.0,21,12.333333333333334,increase,True,11
126.0,21,0.25,increase,False,12
94.0,21,0.25,increase,False,13
145.0,22,0.6666666666666666,increase,False,14
18.0,22,0.3333333333333333,increase,False,15
,17,,increase,,0
189.0,18,3.6666666666666665,increase,False,1
126.0,18,11.0,increase,False,2
210.0,19,0.3888888888888889,increase,True,3
342.0,20,1.4,stable,True,4
218.0,20,0.0,increase,True,5
299.0,21,1.1666666666666667,increase,False,6
22.0,21,1.8333333333333333,stable,False,7
218.0,22,0.0,stable,False,8
10.0,22,-0.17647058823529413,increase,False,9
342.0,23,0.21428571428571427,stable,False,10
115.0,23,0.2857142857142857,stable,True,11
212.0,23,-0.05555555555555555,stable,True,12
30.0,24,-0.05555555555555555,stable,False,13
329.0,24,0.058823529411764705,stable,False,14
37.0,25,0.0,stable,False,15
238.0,25,0.0,loss,False,16
171.0,26,0.0,loss,False,17
128.0,26,-0.11764705882352941,stable,False,18
218.0,27,0.0,stable,False,19
116.0,27,0.0,stable,False,20
205.0,28,0.0,loss,False,21
176.0,28,-0.2,loss,False,22
121.0,29,-0.4,loss,True,23
297.0,29,-0.3888888888888889,stable,False,24
30.0,29,-0.2222222222222222,loss,False,25
196.0,30,-0.2857142857142857,loss,True,26
141.0,30,-0.42857142857142855,increase,True,27
139.0,31,-0.4,increase,False,28
78.0,31,1.0,loss,False,29
96.0,31,0.0,increase,False,30
92.0,31,-0.25,increase,False,31
278.0,32,0.16666666666666666,loss,False,32
182.0,33,-0.14285714285714285,loss,False,33
160.0,33,-0.2857142857142857,stable,False,34
203.0,34,0.0,loss,False,35
165.0,34,0.0,loss,False,36
,17,,stable,,0
245.0,18,0.0,increase,True,1
4.0,18,3.0,increase,True,2
4.0,18,9.0,stable,True,3
328.0,19,0.0,increase,True,4
68.0,19,0.0,increase,True,5
157.0,20,1.0,increase,False,6
54.0,20,2.2,increase,False,7
281.0,21,2.75,increase,True,8
78.0,21,2.75,increase,True,9
66.0,21,11.5,increase,True,10
15.0,21,5.25,increase,True,11
112.0,22,7.333333333333333,stable,False,12
74.0,21,3.0,increase,False,13
263.0,22,0.25,increase,False,14
122.0,23,0.5,increase,False,15
70.0,23,0.2,increase,False,16
90.0,23,0.4,increase,False,17
107.0,23,0.16666666666666666,loss,False,18
12.0,23,0.5,loss,False,19
162.0,24,0.14285714285714285,loss,False,20
84.0,24,-0.3333333333333333,stable,False,21
169.0,24,-0.25,stable,False,22
,20,,increase,,0
12.0,19,,increase,,1
70.0,19,,increase,,2
705.0,21,1.0,increase,True,3
178.0,22,5.666666666666667,increase,True,4
149.0,22,7.333333333333333,increase,False,5
162.0,22,2.5,increase,False,6
36.0,23,1.0,increase,False,7
164.0,23,1.0,stable,False,8
250.0,24,0.0,stable,True,9
186.0,24,0.0,increase,False,10
68.0,25,0.42857142857142855,increase,False,11
77.0,25,1.2857142857142858,increase,False,12
85.0,25,5.428571428571429,increase,False,13
104.0,25,2.75,increase,False,14
166.0,26,0.4444444444444444,increase,True,15
176.0,26,0.3333333333333333,stable,True,16
121.0,27,0.38461538461538464,loss,False,17
297.0,27,-0.2,stable,False,18
70.0,28,-0.1111111111111111,loss,False,19
156.0,28,-0.09722222222222222,stable,False,20
141.0,28,-0.25,loss,False,21
139.0,29,-0.07692307692307693,loss,False,22
78.0,30,-0.16666666666666666,stable,False,23
96.0,29,-0.16666666666666666,stable,False,24
274.0,30,-0.1,loss,False,25
96.0,30,-0.3,stable,False,26
182.0,31,-0.08571428571428572,loss,False,27
160.0,31,-0.2,loss,False,28
203.0,32,-0.10714285714285714,loss,False,29
165.0,32,-0.2857142857142857,loss,False,30
,20,,increase,,0
354.0,20,0.3333333333333333,increase,True,1
523.0,21,0.5,increase,True,2
98.0,22,1.5,increase,True,3
100.0,22,0.6666666666666666,increase,True,4
154.0,22,19.0,stable,True,5
166.0,22,3.0,increase,True,6
43.0,23,0.0,stable,True,7
56.0,24,0.2,loss,True,8
2.0,24,0.0,stable,True,9
107.0,23,3.0,increase,True,10
,18,,stable,,0
329.0,17,0.0,stable,False,1
275.0,18,0.0,increase,False,2
165.0,19,0.0,increase,True,3
134.0,20,1.0,stable,False,4
218.0,20,0.0,stable,False,5
321.0,21,0.0,increase,False,6
176.0,22,0.0,increase,False,7
126.0,22,3.0,increase,True,8
133.0,22,7.0,increase,True,9
159.0,23,0.6,increase,False,10
72.0,23,0.5,increase,False,11
68.0,23,0.75,increase,False,12
227.0,24,0.42857142857142855,stable,True,13
58.0,24,0.2857142857142857,stable,False,14
81.0,24,0.42857142857142855,loss,True,15
141.0,25,0.0,loss,True,16
124.0,25,-0.4,loss,True,17
43.0,25,-0.4,loss,True,18
71.0,26,-0.3333333333333333,loss,True,19
294.0,26,-0.16666666666666666,loss,False,20
55.0,26,-0.4166666666666667,stable,False,21
155.0,27,-0.3,stable,False,22
220.0,27,0.0,loss,False,23
148.0,28,0.0,loss,False,24
,19,,increase,,0
658.0,20,0.6666666666666666,stable,True,1
353.0,21,0.0,stable,True,2
165.0,21,0.0,stable,True,3
,17,,increase,,0
174.0,18,,increase,,1
79.0,18,9.0,increase,True,2
4.0,19,11.0,increase,True,3
9.0,18,5.0,increase,True,4
24.0,19,19.0,increase,True,5
328.0,19,9.0,increase,True,6
18.0,19,4.0,increase,True,7
,16,,stable,,0
348.0,17,0.0,increase,False,1
76.0,17,44.0,stable,True,2
19.0,17,2.0,increase,True,3
268.0,17,14.0,increase,True,4
97.0,18,19.0,increase,True,5
84.0,18,3.0,increase,False,6
,18,,increase,,0
291.0,19,14.0,stable,True,1
54.0,18,0.75,increase,True,2
293.0,19,7.571428571428571,increase,True,3
130.0,20,7.571428571428571,increase,True,4
102.0,20,0.3333333333333333,increase,False,5
288.0,21,4.0,increase,False,6
12.0,21,1.25,increase,False,7
6.0,21,6.5,increase,True,8
84.0,20,1.5,increase,False,9
137.0,22,0.6666666666666666,stable,False,10
43.0,21,3.0,increase,True,11
158.0,22,0.0,increase,False,12
85.0,22,0.75,increase,False,13
66.0,23,1.5,increase,False,14
15.0,23,1.0,increase,False,15
112.0,23,0.7142857142857143,increase,False,16
74.0,23,0.5,increase,False,17
181.0,24,0.16666666666666666,stable,False,18
82.0,24,0.16666666666666666,stable,False,19
192.0,24,0.0,stable,False,20
197.0,25,0.0,loss,False,21
174.0,25,-0.21428571428571427,loss,False,22
84.0,26,-0.2857142857142857,loss,False,23
169.0,26,-0.36363636363636365,loss,False,24
,19,,increase,,0
104.0,19,,increase,,1
126.0,20,11.0,increase,True,2
274.0,21,1.5,increase,False,3
72.0,20,1.0833333333333333,increase,False,4
104.0,21,2.3333333333333335,increase,False,5
327.0,21,0.5,increase,False,6
69.0,22,1.0,increase,True,7
147.0,23,0.6666666666666666,increase,True,8
461.0,24,1.0,increase,True,9
86.0,25,1.4,stable,True,10
238.0,24,0.0,increase,False,11
52.0,25,0.3333333333333333,increase,False,12
119.0,25,1.0833333333333333,increase,False,13
128.0,25,0.875,increase,False,14
218.0,26,0.6666666666666666,increase,True,15
116.0,26,0.6666666666666666,increase,True,16
142.0,27,0.2,increase,False,17
63.0,27,0.5,increase,False,18
176.0,27,0.5,loss,False,19
121.0,28,0.3333333333333333,loss,False,20
58.0,28,0.3333333333333333,loss,False,21
239.0,28,-0.2,loss,False,22
70.0,29,-0.2,loss,False,23
156.0,29,-0.125,loss,False,24
141.0,29,-0.3125,stable,False,25
139.0,30,-0.21428571428571427,loss,False,26
78.0,31,-0.09090909090909091,stable,False,27
96.0,30,0.0,loss,False,28
274.0,31,-0.18181818181818182,loss,False,29
96.0,31,-0.36363636363636365,stable,False,30
182.0,32,-0.08571428571428572,loss,False,31
160.0,32,-0.14285714285714285,stable,False,32
203.0,33,-0.06666666666666667,loss,False,33
165.0,33,-0.23333333333333334,loss,False,34
,17,,increase,,0
141.0,18,,increase,,1
48.0,17,9.0,increase,False,2
318.0,19,6.0,stable,True,3
238.0,18,0.0,increase,False,4
171.0,19,0.0,increase,False,5
128.0,20,0.14285714285714285,increase,False,6
117.0,20,1.2857142857142858,increase,False,7
101.0,20,3.5,increase,False,8
116.0,21,1.75,increase,False,9
142.0,21,0.5555555555555556,increase,False,10
63.0,21,0.5909090909090909,stable,False,11
176.0,22,0.25,increase,False,12
121.0,22,0.0,increase,False,13
292.0,23,0.14285714285714285,loss,False,14
5.0,22,-0.04285714285714286,stable,False,15
30.0,22,0.2,loss,False,16
40.0,23,0.14285714285714285,loss,False,17
156.0,23,-0.16666666666666666,loss,False,18
141.0,24,-0.25,stable,False,19
139.0,24,-0.2857142857142857,stable,False,20
78.0,25,0.0,loss,False,21
18.0,24,-0.26666666666666666,stable,False,22
78.0,25,-0.4,increase,False,23
92.0,25,-0.16666666666666666,loss,False,24
278.0,26,-0.12,stable,False,25
182.0,26,0.0,increase,False,26
86.0,26,0.13636363636363635,increase,False,27
74.0,27,0.2727272727272727,stable,False,28
203.0,27,0.0,loss,False,29
92.0,27,-0.10714285714285714,loss,False,30
73.0,28,-0.2857142857142857,loss,False,31
,16,,increase,,0
93.0,17,,increase,,1
157.0,17,5.0,increase,True,2
402.0,18,1.3333333333333333,increase,True,3
39.0,18,9.0,increase,True,4
58.0,19,22.333333333333332,increase,True,5
126.0,19,2.3333333333333335,increase,False,6
98.0,19,1.1428571428571428,increase,False,7
79.0,19,1.5714285714285714,increase,True,8
100.0,20,1.0,increase,True,9
160.0,20,0.1111111111111111,increase,False,10
203.0,21,0.4,increase,False,11
92.0,21,0.75,stable,False,12
73.0,21,1.25,loss,False,13
,18,,increase,,0
320.0,19,1.0,increase,True,1
268.0,20,0.25,stable,False,2
183.0,20,0.0,increase,False,3
96.0,20,0.2,increase,True,4
86.0,21,0.2,increase,True,5
127.0,21,0.6666666666666666,increase,True,6
83.0,21,1.5,increase,True,7
176.0,22,2.5,increase,True,8
147.0,22,0.13333333333333333,increase,False,9
166.0,23,0.14285714285714285,increase,False,10
125.0,23,3.1176470588235294,increase,True,11
86.0,23,1.25,loss,False,12
112.0,24,1.5714285714285714,stable,False,13
118.0,23,-0.2222222222222222,increase,False,14
70.0,24,0.0,increase,True,15
156.0,24,1.2857142857142858,increase,True,16
53.0,25,0.1111111111111111,stable,False,17
88.0,25,-0.1111111111111111,increase,False,18
139.0,25,0.0,increase,False,19
78.0,26,1.25,stable,False,20
96.0,26,0.875,increase,False,21
370.0,27,0.2,increase,False,22
182.0,27,0.2222222222222222,stable,False,23
160.0,28,0.2222222222222222,stable,False,24
203.0,28,-0.09090909090909091,loss,False,25
165.0,29,-0.18181818181818182,loss,False,26
,18,,increase,,0
231.0,19,14.0,increase,False,1
80.0,19,29.0,increase,False,2
14.0,19,12.0,increase,False,3
167.0,20,0.3333333333333333,increase,False,4
173.0,20,10.538461538461538,increase,True,5
58.0,20,1.5,increase,True,6
26.0,20,1.5,increase,True,7
81.0,21,4.0,stable,True,8
258.0,21,0.0,increase,False,9
5.0,21,0.25,increase,False,10
10.0,21,0.25,increase,False,11
189.0,22,0.4,increase,False,12
85.0,22,0.6,increase,False,13
118.0,22,0.2857142857142857,increase,False,14
57.0,23,0.42857142857142855,stable,False,15
167.0,23,0.1111111111111111,stable,False,16
205.0,24,0.0,loss,False,17
137.0,24,0.0,loss,False,18
129.0,24,-0.24,stable,True,19
35.0,24,-0.1,loss,True,20
140.0,25,-0.3,stable,True,21
,18,,increase,,0
401.0,18,1.5,increase,False,1
323.0,19,0.5,increase,True,2
229.0,20,0.3333333333333333,increase,True,3
86.0,20,9.0,increase,True,4
74.0,20,9.0,increase,True,5
203.0,21,0.3333333333333333,increase,False,6
92.0,21,0.6666666666666666,stable,False,7
73.0,21,1.0,loss,False,8
,16,,stable,,0
262.0,16,0.0,stable,False,1
24.0,16,0.0,stable,False,2
319.0,17,0.0,increase,False,3
12.0,17,0.0,increase,True,4
230.0,17,1.2,increase,False,5
71.0,18,1.2,increase,False,6
19.0,17,1.4,increase,False,7
206.0,19,1.75,stable,False,8
5.0,18,0.8333333333333334,increase,False,9
94.0,18,1.3333333333333333,increase,False,10
240.0,19,0.25,loss,False,11
97.0,20,0.25,loss,False,12
36.0,20,0.07142857142857142,stable,True,13
284.0,21,0.0,increase,False,14
80.0,21,0.16666666666666666,stable,True,15
100.0,21,0.16666666666666666,increase,True,16
22.0,22,0.3333333333333333,increase,True,17
138.0,22,0.0,increase,False,18
203.0,22,0.5714285714285714,increase,False,19
92.0,22,1.0,increase,False,20
73.0,23,1.1428571428571428,stable,False,21
,19,,increase,,0
227.0,19,1.0,increase,False,1
156.0,20,0.7142857142857143,increase,False,2
610.0,22,0.4166666666666667,increase,False,3
414.0,23,0.4117647058823529,increase,True,4
394.0,24,0.25,stable,False,5
402.0,24,-0.03333333333333333,stable,False,6
192.0,25,0.034482758620689655,increase,True,7
48.0,25,0.034482758620689655,increase,True,8
283.0,26,0.3333333333333333,increase,False,9
68.0,26,0.3333333333333333,increase,True,10
215.0,27,0.25,increase,False,11
20.0,27,-0.2,increase,False,12
114.0,27,2.0,increase,False,13
284.0,28,0.6666666666666666,loss,False,14
26.0,28,0.3333333333333333,stable,False,15
81.0,28,0.6666666666666666,loss,False,16
258.0,29,-0.2,loss,False,17
5.0,29,-0.35,stable,False,18
284.0,30,0.0,increase,False,19
80.0,30,1.0,stable,True,20
100.0,30,1.0,stable,True,21
160.0,31,0.0,stable,False,22
203.0,31,-0.07692307692307693,loss,False,23
92.0,32,-0.23076923076923078,loss,False,24
73.0,32,-0.38461538461538464,loss,False,25
,18,,increase,,0
329.0,19,12.333333333333334,increase,False,1
135.0,19,15.666666666666666,increase,False,2
145.0,20,2.125,loss,True,3
27.0,20,1.5,stable,True,4
423.0,21,0.1,stable,True,5
70.0,21,0.1,stable,True,6
156.0,22,-0.09090909090909091,stable,False,7
141.0,22,-0.09090909090909091,increase,False,8
139.0,22,0.0,increase,False,9
78.0,23,2.2,loss,False,10
96.0,23,0.6,increase,False,11
92.0,23,-0.21875,increase,False,12
99.0,23,1.625,increase,False,13
179.0,24,1.6,stable,False,14
182.0,24,0.0,increase,True,15
86.0,25,0.07692307692307693,increase,True,16
74.0,25,0.15384615384615385,stable,True,17
203.0,25,0.06666666666666667,stable,False,18
92.0,26,0.2,loss,False,19
73.0,26,0.3333333333333333,loss,False,20
105.0,26,0.0625,stable,False,21
175.0,27,-0.3,increase,False,22
,16,,increase,,0
86.0,16,,stable,,1
288.0,17,0.0,increase,True,2
81.0,17,5.0,increase,True,3
73.0,17,8.0,increase,True,4
,17,,increase,,0
111.0,17,,increase,,1
226.0,18,1.7083333333333333,stable,False,2
58.0,18,0.875,increase,False,3
26.0,17,0.875,increase,False,4
81.0,18,1.9166666666666667,stable,False,5
258.0,19,0.0,increase,False,6
5.0,19,0.0,increase,False,7
199.0,19,0.21428571428571427,increase,False,8
85.0,20,0.21428571428571427,increase,False,9
175.0,20,0.17647058823529413,increase,False,10
104.0,20,0.29411764705882354,increase,False,11
63.0,21,0.5294117647058824,stable,False,12
205.0,21,0.07692307692307693,loss,False,13
137.0,22,0.07692307692307693,loss,False,14
,16,,increase,,0
304.0,16,1.0,increase,False,1
5.0,17,1.5,increase,False,2
183.0,17,1.0,increase,True,3
188.0,18,1.0,increase,False,4
77.0,18,11.0,increase,False,5
40.0,18,4.0,increase,False,6
245.0,19,2.0,increase,False,7
219.0,19,0.6666666666666666,increase,False,8
13.0,19,-0.1,increase,False,9
139.0,20,0.6666666666666666,increase,False,10
16.0,20,0.6666666666666666,increase,True,11
350.0,21,0.12,stable,False,12
258.0,21,0.0,increase,False,13
5.0,22,0.25,increase,False,14
199.0,22,0.14285714285714285,increase,False,15
85.0,22,0.42857142857142855,increase,False,16
80.0,22,1.0,stable,True,17
100.0,23,0.5,stable,True,18
160.0,23,0.07142857142857142,stable,False,19
203.0,24,0.0,increase,False,20
92.0,24,0.06666666666666667,stable,False,21
73.0,24,0.06666666666666667,increase,False,22
105.0,25,0.13333333333333333,increase,False,23
35.0,24,0.0625,increase,False,24
140.0,25,0.25,stable,False,25
,20,,stable,,0
40.0,19,,increase,,1
68.0,19,,increase,,2
112.0,20,3.0,increase,False,3
189.0,20,2.5,increase,False,4
92.0,20,8.0,increase,False,5
111.0,21,4.0,increase,True,6
63.0,21,3.2857142857142856,increase,True,7
79.0,21,1.7777777777777777,increase,True,8
13.0,21,1.2222222222222223,increase,True,9
113.0,22,1.1666666666666667,stable,False,10
94.0,22,0.625,stable,False,11
145.0,22,0.07692307692307693,stable,False,12
18.0,22,0.07692307692307693,stable,False,13
266.0,23,0.0,increase,False,14
22.0,23,0.0,increase,False,15
,17,,increase,,0
436.0,18,1.0,increase,False,1
196.0,18,2.0,increase,False,2
83.0,18,4.0,increase,False,3
254.0,19,0.6,increase,False,4
22.0,19,1.0,increase,True,5
24.0,19,1.4,increase,True,6
51.0,19,9.0,increase,True,7
190.0,20,1.4,increase,False,8
78.0,20,0.6,increase,False,9
12.0,20,1.4,increase,False,10
230.0,20,0.2,increase,False,11
71.0,21,0.6666666666666666,increase,False,12
50.0,20,0.3333333333333333,increase,False,13
128.0,22,2.0555555555555554,increase,False,14
47.0,22,0.8,increase,False,15
5.0,21,0.75,increase,False,16
289.0,22,0.7857142857142857,increase,False,17
45.0,22,0.5714285714285714,increase,False,18
97.0,23,1.1428571428571428,increase,False,19
39.0,23,0.4,increase,False,20
58.0,23,1.0454545454545454,increase,False,21
42.0,23,1.7272727272727273,loss,False,22
179.0,24,0.2222222222222222,stable,True,23
182.0,24,-0.09090909090909091,stable,False,24
160.0,25,-0.09090909090909091,increase,False,25
52.0,25,0.1,increase,False,26
151.0,25,0.2,increase,False,27
92.0,25,0.2727272727272727,loss,False,28
73.0,26,0.2727272727272727,loss,False,29
105.0,26,0.16666666666666666,stable,False,30
175.0,27,-0.14285714285714285,stable,False,31
,20,,stable,,0
41.0,20,,stable,,1
187.0,20,0.0,increase,False,2
112.0,21,2.0,increase,False,3
65.0,21,3.0,increase,False,4
54.0,22,99.0,increase,True,5
45.0,21,7.0,increase,False,6
90.0,21,4.0,increase,False,7
,16,,increase,,0
17.0,17,,increase,,1
35.0,17,,increase,,2
140.0,17,2.0,loss,False,3
,16,,stable,,0
267.0,17,0.0,increase,False,1
161.0,18,0.5,increase,False,2
224.0,18,0.3333333333333333,increase,False,3
100.0,18,5.666666666666667,increase,True,4
110.0,19,19.0,increase,True,5
55.0,19,79.0,increase,True,6
131.0,19,4.0,increase,False,7
68.0,19,1.125,increase,False,8
77.0,20,3.375,increase,False,9
189.0,20,0.2857142857142857,increase,False,10
157.0,20,0.42857142857142855,increase,False,11
10.0,21,0.42857142857142855,increase,False,12
168.0,21,0.3333333333333333,stable,False,13
189.0,22,0.0,loss,False,14
236.0,22,-0.2,increase,False,15
21.0,22,-0.2,increase,False,16
126.0,23,-0.2,increase,True,17
84.0,23,0.25,increase,True,18
63.0,23,0.25,increase,True,19
51.0,23,0.4583333333333333,stable,False,20
166.0,24,0.16666666666666666,stable,False,21
190.0,24,-0.07142857142857142,loss,False,22
128.0,25,-0.14285714285714285,loss,False,23
130.0,25,-0.23076923076923078,stable,False,24
86.0,25,-0.3333333333333333,increase,False,25
148.0,25,-0.1,loss,False,26
40.0,26,0.25,loss,False,27
21.0,26,-0.25,increase,True,28
117.0,26,-0.125,increase,False,29
211.0,26,0.14285714285714285,loss,False,30
13.0,27,-0.37142857142857144,loss,True,31
92.0,27,-0.4857142857142857,stable,True,32
73.0,27,-0.6,stable,True,33
105.0,28,-0.18181818181818182,loss,False,34
35.0,27,0.0,loss,False,35
140.0,28,-0.07142857142857142,increase,False,36
,16,,increase,,0
148.0,17,,increase,,1
219.0,17,2.4285714285714284,stable,True,2
13.0,17,2.4285714285714284,stable,True,3
179.0,18,0.0,loss,False,4
129.0,18,0.0,loss,False,5
169.0,19,-0.25,increase,False,6
57.0,19,-0.5,increase,False,7
353.0,19,1.6666666666666667,increase,True,8
14.0,20,2.3333333333333335,increase,True,9
228.0,20,1.25,increase,False,10
6.0,21,1.2,increase,False,11
84.0,20,1.5,loss,False,12
137.0,21,0.36363636363636365,increase,False,13
43.0,21,-0.12,increase,False,14
30.0,21,0.6,stable,False,15
213.0,22,0.0,increase,False,16
66.0,22,-0.25,increase,False,17
5.0,23,0.25,stable,True,18
188.0,22,0.0,increase,False,19
278.0,23,0.4,stable,False,20
182.0,24,0.0,stable,False,21
160.0,24,0.07142857142857142,stable,False,22
203.0,25,0.0,increase,False,23
92.0,25,0.3333333333333333,increase,False,24
73.0,25,0.6,loss,False,25
105.0,26,0.6,loss,True,26
35.0,26,0.4,loss,True,27
140.0,26,-0.2916666666666667,increase,True,28
,18,,increase,,0
86.0,18,,increase,,1
40.0,19,,increase,,2
128.0,19,9.0,increase,True,3
57.0,20,9.0,loss,True,4
40.0,19,7.0,stable,False,5
68.0,19,10.2,loss,False,6
393.0,21,-0.2857142857142857,stable,True,7
111.0,21,-0.4642857142857143,increase,True,8
63.0,21,-0.4642857142857143,increase,True,9
163.0,21,0.3333333333333333,increase,True,10
104.0,22,1.0,increase,True,11
101.0,22,1.0,increase,False,12
97.0,22,0.8333333333333334,increase,False,13
40.0,22,1.5,stable,False,14
129.0,23,1.125,stable,True,15
35.0,23,0.5454545454545454,stable,True,16
140.0,23,0.06666666666666667,increase,True,17
,18,,increase,,0
130.0,18,,stable,,1
263.0,18,0.0,increase,False,2
279.0,20,0.5,increase,False,3
51.0,19,1.0,stable,False,4
186.0,19,0.0,loss,False,5
276.0,20,-0.375,increase,False,6
104.0,21,-0.125,increase,True,7
53.0,22,2.75,increase,True,8
56.0,21,2.0,increase,True,9
220.0,22,2.0,increase,False,10
134.0,22,4.0,increase,False,11
170.0,23,4.555555555555555,increase,True,12
35.0,23,1.6666666666666667,increase,True,13
50.0,22,0.2,increase,False,14
90.0,23,3.6666666666666665,loss,True,15
,18,,increase,,0
1457.0,22,4.0,increase,True,1
307.0,22,1.0,increase,False,2
237.0,23,1.0,increase,False,3
18.0,23,5.0,stable,False,4
141.0,24,6.0,loss,True,5
48.0,24,0.0,loss,False,6
319.0,25,-0.16666666666666666,stable,True,7
237.0,25,0.0,increase,False,8
178.0,26,0.2,increase,False,9
121.0,26,0.8,stable,False,10
218.0,27,0.0,loss,False,11
116.0,27,0.0,loss,False,12
205.0,28,-0.2222222222222222,loss,False,13
176.0,28,-0.2222222222222222,loss,False,14
121.0,29,-0.14285714285714285,loss,False,15
297.0,29,-0.2,increase,False,16
70.0,30,-0.2,increase,False,17
65.0,30,0.0,stable,False,18
91.0,30,0.25,stable,False,19
141.0,30,0.0,loss,False,20
139.0,31,0.0,loss,False,21
78.0,32,-0.4,loss,False,22
96.0,31,-0.16666666666666666,loss,False,23
205.0,32,-0.6,loss,False,24
77.0,32,-0.52,loss,True,25
272.0,33,-0.6666666666666666,loss,True,26
155.0,33,-0.75,loss,True,27
40.0,33,-0.25,loss,False,28
180.0,34,-0.16666666666666666,loss,False,29
148.0,34,-0.3333333333333333,stable,False,30
,19,,stable,,0
358.0,21,0.0,increase,True,1
343.0,21,1.0,increase,False,2
194.0,22,0.25,increase,True,3
292.0,22,5.0,loss,False,4
449.0,24,-0.16666666666666666,loss,False,5
607.0,26,-0.6,stable,False,6
10.0,25,-0.4,loss,False,7
216.0,26,-0.3333333333333333,increase,True,8
307.0,27,0.2,increase,True,9
237.0,27,1.0,increase,False,10
68.0,28,2.3333333333333335,increase,False,11
351.0,29,0.5,stable,False,12
69.0,28,0.25,increase,False,13
35.0,30,0.5,increase,False,14
2.0,30,0.5,increase,False,15
103.0,30,0.0,increase,False,16
306.0,30,0.16666666666666666,increase,False,17
128.0,31,0.3333333333333333,stable,False,18
218.0,31,0.0,loss,False,19
116.0,32,0.0,loss,False,20
205.0,32,-0.25,increase,False,21
176.0,33,-0.25,increase,False,22
121.0,33,1.0,loss,True,23
58.0,33,1.0,loss,True,24
239.0,33,-0.2,loss,False,25
70.0,34,-0.4166666666666667,loss,False,26
156.0,34,-0.625,loss,False,27
141.0,35,-0.7142857142857143,loss,False,28
139.0,35,-0.4444444444444444,loss,True,29
78.0,36,-0.4,loss,True,30
96.0,36,-0.2,loss,True,31
370.0,37,-0.375,loss,False,32
182.0,37,-0.5,stable,False,33
160.0,38,-0.5,stable,False,34
203.0,38,0.0,loss,False,35
165.0,39,-0.2,loss,False,36
,16,,loss,,0
108.0,16,,increase,,1
112.0,16,-0.8,increase,False,2
189.0,17,15.0,increase,False,3
92.0,17,19.0,increase,False,4
111.0,17,1.25,increase,False,5
63.0,18,2.125,increase,False,6
23.0,18,4.5,stable,True,7
56.0,18,4.0,stable,False,8
13.0,18,3.0,increase,False,9
272.0,19,0.375,stable,True,10
165.0,19,0.375,stable,True,11
105.0,20,0.0,stable,False,12
175.0,20,-0.09090909090909091,stable,False,13
,19,,increase,,0
329.0,20,9.0,increase,False,1
135.0,20,29.0,increase,False,2
275.0,21,0.8333333333333334,increase,True,3
90.0,21,2.3333333333333335,stable,True,4
230.0,22,0.0,increase,False,5
71.0,22,0.0,increase,False,6
50.0,22,0.1,stable,False,7
128.0,23,0.25,increase,False,8
39.0,23,0.15,increase,False,9
107.0,23,0.0,increase,False,10
189.0,24,1.2727272727272727,stable,True,11
51.0,23,0.45454545454545453,increase,False,12
97.0,24,0.45454545454545453,increase,False,13
40.0,24,0.0,stable,False,14
278.0,25,0.0,stable,False,15
182.0,25,0.0,stable,False,16
86.0,26,-0.1,increase,False,17
74.0,26,-0.1,increase,False,18
53.0,26,0.0,stable,False,19
150.0,26,0.1111111111111111,loss,False,20
92.0,27,-0.1,loss,False,21
73.0,27,-0.2,stable,False,22
105.0,27,-0.3,increase,False,23
35.0,27,-0.2222222222222222,increase,False,24
140.0,28,0.0,stable,False,25
,16,,increase,,0
377.0,17,9.0,increase,True,1
169.0,17,49.0,increase,True,2
195.0,18,2.2,increase,False,3
69.0,18,4.0,increase,False,4
14.0,19,9.0,loss,False,5
240.0,18,-0.2,increase,False,6
22.0,19,0.3,increase,False,7
75.0,19,0.4,stable,False,8
268.0,19,0.07142857142857142,stable,False,9
6.0,20,0.07142857142857142,stable,True,10
236.0,20,-0.1,increase,False,11
21.0,21,-0.06666666666666667,stable,False,12
126.0,21,0.0,stable,False,13
149.0,21,0.07142857142857142,loss,False,14
140.0,22,-0.06666666666666667,stable,False,15
75.0,22,-0.13333333333333333,stable,False,16
77.0,22,-0.06666666666666667,stable,False,17
113.0,22,0.07692307692307693,stable,False,18
67.0,23,0.0,stable,True,19
199.0,23,0.07142857142857142,stable,False,20
85.0,23,0.07142857142857142,loss,False,21
118.0,24,-0.06666666666666667,stable,False,22
57.0,24,-0.13333333333333333,loss,False,23
27.0,25,-0.26666666666666666,loss,True,24
140.0,24,-0.07142857142857142,loss,False,25
201.0,25,-0.3076923076923077,loss,True,26
92.0,25,-0.38461538461538464,loss,True,27
73.0,25,-0.4153846153846154,loss,True,28
,17,,stable,,0
277.0,18,0.0,increase,True,1
92.0,18,4.0,increase,True,2
73.0,18,15.666666666666666,increase,True,3
105.0,19,32.333333333333336,increase,True,4
35.0,19,5.666666666666667,increase,False,5
140.0,19,5.0,loss,False,6
,18,,increase,,0
310.0,19,2.0,increase,False,1
248.0,19,0.6666666666666666,increase,False,2
303.0,20,2.0,increase,False,3
448.0,21,3.0,loss,True,4
78.0,21,1.6666666666666667,stable,True,5
212.0,22,0.0,increase,True,6
106.0,23,0.25,stable,True,7
103.0,23,0.25,stable,False,8
306.0,23,0.0,increase,False,9
128.0,24,2.2,increase,False,10
218.0,24,0.875,increase,True,11
116.0,25,2.125,increase,True,12
49.0,25,3.375,increase,True,13
28.0,25,2.0,increase,False,14
128.0,25,0.8,increase,False,15
176.0,26,0.1111111111111111,increase,False,16
121.0,26,0.5555555555555556,loss,True,17
58.0,26,0.5555555555555556,loss,True,18
239.0,27,-0.2,loss,False,19
70.0,27,-0.2857142857142857,stable,False,20
65.0,27,-0.42857142857142855,increase,False,21
91.0,28,-0.2857142857142857,increase,False,22
71.0,28,-0.1,stable,False,23
48.0,28,0.25,loss,False,24
161.0,28,0.06666666666666667,loss,False,25
78.0,29,-0.4,stable,False,26
18.0,29,-0.2,loss,False,27
78.0,29,-0.24,loss,False,28
92.0,29,0.0,loss,False,29
182.0,30,-0.16666666666666666,loss,False,30
96.0,30,-0.3333333333333333,stable,False,31
182.0,30,0.0,loss,False,32
160.0,31,-0.1,loss,False,33
203.0,31,-0.16666666666666666,loss,False,34
165.0,32,-0.2777777777777778,loss,False,35
,17,,increase,,0
108.0,17,,increase,,1
10.0,17,,increase,,2
342.0,18,0.5714285714285714,increase,False,3
107.0,18,0.8571428571428571,increase,False,4
220.0,19,0.6923076923076923,stable,True,5
30.0,19,0.6153846153846154,stable,True,6
329.0,19,0.0,stable,False,7
37.0,21,0.0,stable,False,8
238.0,20,0.0,stable,False,9
171.0,21,-0.047619047619047616,stable,False,10
128.0,21,-0.047619047619047616,loss,False,11
117.0,22,-0.1,loss,False,12
101.0,22,-0.25,increase,False,13
116.0,22,-0.16666666666666666,increase,False,14
142.0,23,0.2,increase,False,15
63.0,23,0.2,increase,False,16
135.0,23,0.3888888888888889,loss,False,17
41.0,23,0.6666666666666666,loss,False,18
121.0,24,0.2222222222222222,stable,False,19
292.0,25,0.0,increase,False,20
5.0,24,-0.20454545454545456,increase,False,21
70.0,25,0.0,increase,False,22
156.0,25,0.42857142857142855,increase,False,23
71.0,25,0.5909090909090909,increase,False,24
48.0,26,0.9090909090909091,loss,False,25
161.0,26,0.2,loss,False,26
78.0,27,-0.3333333333333333,stable,False,27
96.0,26,-0.09523809523809523,stable,False,28
92.0,27,0.07142857142857142,increase,False,29
182.0,27,0.16666666666666666,stable,False,30
96.0,27,0.4,stable,False,31
182.0,28,-0.09523809523809523,loss,False,32
22.0,29,-0.3333333333333333,loss,False,33
64.0,28,-0.16666666666666666,loss,False,34
74.0,28,-0.23809523809523808,loss,False,35
203.0,29,-0.375,loss,False,36
92.0,29,-0.5,loss,False,37
73.0,29,-0.625,loss,False,38
,18,,increase,,0
79.0,18,,increase,,1
,17,,increase,,0
273.0,18,6.0,increase,True,1
40.0,18,11.0,increase,True,2
198.0,18,1.9166666666666667,increase,True,3
52.0,19,10.666666666666666,increase,True,4
58.0,19,24.0,stable,True,5
189.0,19,0.0,increase,True,6
176.0,20,0.3333333333333333,loss,True,7
121.0,20,0.3333333333333333,loss,False,8
292.0,21,-0.4,loss,False,9
5.0,21,-0.1,loss,False,10
147.0,21,-0.4,stable,True,11
67.0,22,-0.4444444444444444,increase,True,12
17.0,22,-0.4444444444444444,increase,True,13
275.0,22,0.2,increase,True,14
78.0,23,2.2,loss,True,15
18.0,23,0.8,increase,True,16
78.0,23,1.0,increase,True,17
92.0,23,-0.125,increase,False,18
182.0,23,0.25,stable,False,19
96.0,24,0.42857142857142855,loss,False,20
182.0,24,-0.125,increase,False,21
22.0,25,0.0,stable,False,22
138.0,25,-0.125,increase,False,23
203.0,25,0.14285714285714285,loss,False,24
92.0,26,0.0,loss,False,25
73.0,26,-0.14285714285714285,stable,False,26
105.0,26,-0.3,stable,False,27
35.0,26,-0.2,stable,False,28
140.0,27,0.0,stable,False,29
,18,,increase,,0
392.0,19,2.0,increase,False,1
139.0,19,7.0,increase,False,2
196.0,20,2.0,increase,False,3
97.0,20,29.0,loss,True,4
240.0,20,-0.75,increase,False,5
22.0,21,1.0,increase,False,6
265.0,21,0.25,loss,False,7
78.0,21,0.5,loss,False,8
12.0,22,0.25,loss,False,9
230.0,22,-0.36666666666666664,increase,False,10
71.0,22,-0.06666666666666667,increase,False,11
50.0,22,-0.2,increase,False,12
128.0,23,0.8947368421052632,increase,False,13
39.0,23,0.21428571428571427,increase,False,14
13.0,23,0.25,increase,False,15
94.0,23,0.4166666666666667,increase,False,16
240.0,24,0.17647058823529413,increase,False,17
97.0,24,0.17647058823529413,increase,False,18
36.0,24,0.47058823529411764,increase,True,19
103.0,25,0.4,stable,True,20
181.0,25,0.0,stable,False,21
175.0,26,0.07142857142857142,stable,False,22
167.0,26,0.07142857142857142,stable,False,23
201.0,27,0.06666666666666667,loss,True,24
165.0,27,-0.16666666666666666,loss,True,25
105.0,28,-0.3125,stable,False,26
175.0,28,-0.28,increase,False,27
,18,,loss,,0
108.0,18,,increase,,1
112.0,18,-0.375,increase,False,2
189.0,19,5.0,increase,False,3
92.0,19,9.0,increase,False,4
75.0,19,39.0,stable,True,5
100.0,19,5.666666666666667,increase,True,6
160.0,20,0.1,increase,False,7
203.0,20,0.5909090909090909,increase,False,8
165.0,21,0.8181818181818182,increase,False,9
105.0,21,0.7142857142857143,stable,False,10
35.0,21,0.7142857142857143,stable,False,11
140.0,22,0.375,stable,False,12
,18,,increase,,0
234.0,18,1.0,increase,False,1
51.0,18,1.4,increase,True,2
137.0,18,0.5,stable,False,3
21.0,19,0.5,stable,True,4
147.0,19,0.16666666666666666,increase,True,5
78.0,20,0.0,increase,True,6
126.0,20,0.2857142857142857,increase,True,7
94.0,20,0.6666666666666666,increase,False,8
145.0,21,0.9444444444444444,increase,True,9
190.0,21,0.14285714285714285,increase,False,10
175.0,22,0.14285714285714285,increase,False,11
,16,,increase,,0
305.0,17,0.5,increase,False,1
456.0,18,12.333333333333334,increase,False,2
64.0,18,11.0,increase,False,3
77.0,19,19.0,increase,False,4
104.0,19,2.3333333333333335,increase,False,5
109.0,20,2.3333333333333335,increase,True,6
123.0,20,1.0,increase,True,7
97.0,20,0.7,increase,True,8
15.0,21,2.6,loss,True,9
140.0,21,1.5,increase,False,10
125.0,20,-0.3333333333333333,increase,False,11
123.0,21,0.6666666666666666,increase,False,12
133.0,22,3.1666666666666665,increase,False,13
122.0,22,1.2,stable,True,14
63.0,22,0.2,loss,True,15
23.0,23,0.0,stable,True,16
56.0,23,-0.1,increase,True,17
285.0,23,0.1111111111111111,loss,True,18
165.0,24,0.0,loss,True,19
,17,,increase,,0
370.0,17,1.6666666666666667,increase,False,1
96.0,18,1.6666666666666667,increase,False,2
182.0,18,6.5,increase,True,3
86.0,18,42.75,increase,True,4
74.0,19,61.5,stable,True,5
52.0,19,8.166666666666666,stable,False,6
151.0,19,0.1,loss,False,7
165.0,20,-0.09090909090909091,increase,False,8
105.0,20,-0.2727272727272727,increase,False,9
35.0,20,-0.18181818181818182,increase,False,10
140.0,21,0.4,loss,False,11
,16,,increase,,0
120.0,16,,increase,,1
202.0,17,11.0,stable,False,2
96.0,16,6.0,increase,False,3
272.0,17,0.7142857142857143,stable,False,4
367.0,18,0.0,increase,False,5
13.0,19,0.16666666666666666,increase,False,6
190.0,19,0.21428571428571427,increase,False,7
68.0,19,0.42857142857142855,increase,False,8
68.0,20,0.5714285714285714,increase,False,9
232.0,20,0.13636363636363635,loss,True,10
72.0,21,-0.09090909090909091,stable,True,11
255.0,21,-0.1,increase,False,12
137.0,21,0.1,increase,True,13
41.0,22,0.9,increase,True,14
121.0,22,2.0555555555555554,loss,True,15
58.0,22,1.0454545454545454,stable,False,16
239.0,22,-0.022222222222222223,increase,False,17
70.0,23,0.0,increase,False,18
65.0,23,0.1111111111111111,stable,False,19
91.0,23,0.25,stable,False,20
69.0,24,0.2222222222222222,stable,False,21
211.0,24,0.0,loss,False,22
78.0,25,-0.2727272727272727,increase,False,23
96.0,25,0.0,loss,False,24
92.0,25,0.125,loss,False,25
182.0,25,-0.3333333333333333,loss,False,26
96.0,26,-0.4444444444444444,loss,False,27
82.0,26,-0.5555555555555556,increase,True,28
100.0,26,-0.2,increase,True,29
22.0,27,0.2,stable,True,30
64.0,26,0.25,increase,False,31
74.0,27,0.25,increase,False,32
203.0,27,0.2,increase,False,33
92.0,27,0.4,loss,False,34
73.0,28,0.52,loss,False,35
105.0,28,0.16666666666666666,increase,False,36
,18,,increase,,0
61.0,18,,increase,,1
62.0,18,,increase,,2
120.0,18,45.666666666666664,increase,False,3
196.0,19,1.0,stable,True,4
175.0,19,0.2857142857142857,increase,True,5
190.0,20,0.4444444444444444,stable,False,6
175.0,20,0.5555555555555556,stable,False,7
275.0,21,-0.07142857142857142,stable,False,8
105.0,21,-0.07142857142857142,stable,False,9
201.0,22,0.07692307692307693,stable,True,10
130.0,23,0.8461538461538461,increase,True,11
56.0,22,0.07142857142857142,increase,False,12
158.0,24,1.1666666666666667,increase,False,13
95.0,23,1.6666666666666667,increase,True,14
58.0,23,3.0,increase,True,15
19.0,23,1.2666666666666666,increase,True,16
259.0,24,1.0588235294117647,loss,False,17
110.0,24,2.235294117647059,increase,False,18
118.0,24,-0.14285714285714285,increase,False,19
9.0,25,0.7142857142857143,increase,False,20
50.0,25,0.7142857142857143,increase,False,21
213.0,25,0.16666666666666666,increase,True,22
5.0,25,-0.2,increase,True,23
70.0,26,0.3333333333333333,increase,True,24
65.0,26,0.5,stable,True,25
20.0,26,0.5,stable,True,26
71.0,26,0.875,stable,False,27
280.0,27,0.0,loss,False,28
78.0,28,-0.16666666666666666,stable,False,29
96.0,27,-0.05555555555555555,loss,False,30
370.0,28,-0.11764705882352941,stable,False,31
182.0,29,-0.06666666666666667,loss,False,32
22.0,30,-0.13333333333333333,loss,False,33
138.0,29,-0.06666666666666667,loss,False,34
203.0,30,-0.21428571428571427,loss,False,35
165.0,30,-0.2857142857142857,loss,False,36
,18,,increase,,0
94.0,18,,increase,,1
83.0,19,,increase,,2
69.0,19,4.0,increase,False,3
254.0,19,1.0,increase,False,4
83.0,20,4.0,increase,True,5
106.0,20,2.0,increase,True,6
121.0,20,3.5,stable,True,7
58.0,20,2.5,increase,True,8
239.0,21,0.15714285714285714,increase,False,9
70.0,21,0.2857142857142857,increase,False,10
156.0,22,0.48148148148148145,increase,False,11
71.0,22,0.6666666666666666,stable,False,12
209.0,22,0.0,loss,False,13
78.0,23,0.0,loss,False,14
96.0,23,0.0,loss,False,15
274.0,24,-0.13333333333333333,loss,False,16
96.0,24,-0.2,loss,False,17
182.0,24,-0.25,loss,True,18
86.0,25,-0.3333333333333333,loss,True,19
74.0,25,-0.4166666666666667,stable,True,20
203.0,25,-0.08571428571428572,stable,False,21
92.0,26,-0.2,loss,False,22
73.0,26,-0.2,loss,False,23
105.0,26,0.0,stable,False,24
175.0,27,-0.10714285714285714,increase,False,25
,18,,increase,,0
2.0,18,,increase,,1
75.0,18,,increase,,2
215.0,18,2.3333333333333335,increase,False,3
119.0,19,2.3333333333333335,increase,False,4
128.0,19,0.8,increase,False,5
117.0,19,2.0,increase,False,6
101.0,20,1.7777777777777777,increase,False,7
116.0,20,1.1666666666666667,stable,False,8
205.0,21,0.0,increase,False,9
135.0,21,0.23076923076923078,stable,False,10
41.0,21,0.23076923076923078,stable,False,11
121.0,22,0.23076923076923078,stable,False,12
292.0,22,0.0,stable,False,13
5.0,22,-0.2,increase,False,14
70.0,22,0.0,stable,False,15
156.0,23,0.328125,stable,False,16
71.0,23,0.0625,stable,False,17
209.0,24,0.0,stable,False,18
78.0,25,-0.35294117647058826,increase,False,19
18.0,24,-0.17647058823529413,increase,False,20
78.0,24,-0.29411764705882354,increase,False,21
274.0,25,0.3333333333333333,loss,False,22
96.0,25,0.3333333333333333,loss,False,23
82.0,25,0.25,loss,False,24
100.0,26,-0.125,loss,False,25
86.0,26,-0.2,stable,False,26
74.0,26,-0.2,stable,False,27
203.0,27,-0.08333333333333333,loss,False,28
56.0,27,-0.3333333333333333,stable,True,29
36.0,27,-0.16666666666666666,loss,True,30
73.0,27,-0.16666666666666666,loss,True,31
,18,,increase,,0
150.0,18,,increase,,1
40.0,19,16.5,increase,True,2
138.0,19,29.0,increase,True,3
226.0,20,0.6666666666666666,increase,False,4
90.0,20,1.0833333333333333,increase,True,5
73.0,20,1.0833333333333333,increase,True,6
105.0,21,0.5,increase,True,7
175.0,21,0.4,stable,False,8
,18,,increase,,0
17.0,18,,increase,,1
334.0,19,10.666666666666666,increase,True,2
148.0,19,2.0,increase,True,3
77.0,20,0.42857142857142855,increase,True,4
133.0,20,9.0,increase,True,5
159.0,20,0.6,increase,False,6
72.0,21,0.3333333333333333,increase,False,7
258.0,21,0.3333333333333333,increase,False,8
95.0,21,0.0,increase,False,9
81.0,22,0.3333333333333333,increase,False,10
78.0,23,0.75,loss,False,11
96.0,22,0.8333333333333334,increase,False,12
92.0,23,-0.10714285714285714,increase,False,13
278.0,23,0.4,stable,False,14
182.0,24,0.08571428571428572,increase,False,15
160.0,24,0.14285714285714285,increase,False,16
203.0,25,0.25,increase,False,17
165.0,25,0.375,increase,False,18
105.0,26,0.5,stable,True,19
35.0,26,0.4,increase,True,20
140.0,26,0.36363636363636365,stable,True,21
,18,,increase,,0
61.0,18,,increase,,1
79.0,18,,increase,,2
141.0,18,0.2,loss,True,3
139.0,19,0.2,loss,False,4
174.0,19,-0.16666666666666666,increase,False,5
91.0,20,-0.4444444444444444,increase,True,6
43.0,20,-0.6111111111111112,increase,True,7
71.0,20,0.2,stable,False,8
77.0,20,0.3,increase,False,9
270.0,21,0.38461538461538464,increase,True,10
22.0,22,0.6923076923076923,increase,True,11
138.0,21,0.38461538461538464,increase,True,12
203.0,22,0.3888888888888889,increase,False,13
92.0,22,1.2222222222222223,stable,False,14
73.0,22,1.5,stable,False,15
,18,,increase,,0
67.0,19,,loss,,1
,18,,stable,,0
138.0,18,,increase,,1
99.0,18,0.0,increase,False,2
21.0,19,124.0,increase,True,3
118.0,19,7.333333333333333,stable,True,4
139.0,20,0.2,loss,False,5
225.0,20,-0.13333333333333333,stable,False,6
231.0,20,0.038461538461538464,increase,True,7
3.0,21,0.6923076923076923,increase,True,8
87.0,20,0.15384615384615385,increase,True,9
24.0,21,1.4615384615384615,stable,True,10
284.0,22,-0.0625,stable,False,11
26.0,21,-0.0625,loss,False,12
89.0,22,-0.0625,loss,True,13
66.0,23,0.0,stable,True,14
127.0,23,-0.3333333333333333,increase,False,15
248.0,23,0.5,stable,True,16
96.0,24,0.25,increase,True,17
82.0,24,0.4,increase,True,18
100.0,24,0.28,increase,False,19
86.0,24,0.5,increase,False,20
74.0,25,0.6071428571428571,increase,False,21
203.0,25,0.1111111111111111,increase,False,22
92.0,25,0.2222222222222222,increase,False,23
73.0,26,0.3333333333333333,increase,False,24
,16,,loss,,0
5.0,16,,loss,,1
507.0,17,-0.12,increase,False,2
4.0,16,-0.12,increase,False,3
137.0,17,0.2,increase,False,4
49.0,18,3.5454545454545454,increase,False,5
123.0,18,6.2727272727272725,stable,True,6
190.0,18,0.0,increase,False,7
162.0,18,0.25,increase,False,8
116.0,19,1.5,increase,False,9
21.0,19,1.5,increase,False,10
372.0,20,0.5,increase,True,11
49.0,20,0.2,increase,False,12
8.0,20,0.5,increase,True,13
104.0,20,1.0,increase,True,14
63.0,20,0.6666666666666666,stable,False,15
205.0,21,0.0,increase,False,16
97.0,21,0.3,increase,False,17
40.0,22,0.4,stable,False,18
129.0,22,0.2,stable,True,19
175.0,23,0.07142857142857142,loss,True,20
,17,,increase,,0
280.0,18,9.0,increase,False,1
25.0,18,9.0,increase,False,2
241.0,18,5.3,increase,False,3
3.0,19,8.0,loss,True,4
87.0,18,3.0,increase,False,5
1.0,18,6.0,increase,False,6
123.0,20,-0.1111111111111111,increase,True,7
210.0,19,0.125,loss,False,8
242.0,20,-0.1111111111111111,increase,True,9
163.0,21,0.2222222222222222,loss,True,10
23.0,20,0.375,loss,False,11
107.0,21,0.125,increase,True,12
86.0,22,-0.18181818181818182,increase,True,13
148.0,22,0.4444444444444444,increase,False,14
40.0,22,2.3333333333333335,increase,False,15
138.0,23,4.555555555555555,loss,False,16
211.0,22,-0.2,loss,False,17
13.0,23,-0.16,loss,True,18
92.0,23,-0.3,loss,True,19
73.0,24,-0.4,loss,True,20
105.0,24,-0.40476190476190477,loss,False,21
35.0,24,-0.2,loss,False,22
140.0,25,-0.3333333333333333,stable,False,23
,17,,increase,,0
180.0,18,1.0,stable,True,1
184.0,18,0.0,increase,True,2
178.0,19,1.25,increase,True,3
175.0,19,1.5,increase,True,4
188.0,20,0.2,increase,False,5
183.0,20,0.6666666666666666,increase,True,6
98.0,21,2.3333333333333335,increase,True,7
40.0,21,5.0,increase,True,8
144.0,21,4.0,increase,True,9
84.0,21,5.666666666666667,stable,True,10
88.0,22,7.333333333333333,stable,True,11
73.0,22,2.0,stable,True,12
,21,,increase,,0
339.0,22,1.0,stable,False,1
105.0,22,1.5,loss,False,2
222.0,23,-0.15,stable,False,3
146.0,23,-0.35,increase,False,4
25.0,23,-0.2,stable,False,5
482.0,24,0.0,stable,False,6
87.0,24,-0.25,increase,False,7
211.0,25,0.3333333333333333,stable,True,8
162.0,26,0.16666666666666666,loss,True,9
113.0,26,0.0,loss,False,10
233.0,27,-0.25,increase,False,11
47.0,27,-0.25,increase,True,12
222.0,27,0.5,increase,False,13
64.0,27,0.5,increase,False,14
203.0,28,0.7777777777777778,increase,True,15
88.0,28,0.3333333333333333,increase,False,16
76.0,28,1.0,increase,True,17
92.0,29,2.75,increase,True,18
66.0,29,5.666666666666667,increase,True,19
205.0,29,0.25,increase,False,20
176.0,30,0.75,stable,False,21
121.0,30,0.4,stable,False,22
292.0,31,0.07142857142857142,loss,False,23
5.0,31,-0.21428571428571427,stable,False,24
70.0,31,0.07142857142857142,loss,False,25
156.0,32,0.09090909090909091,loss,False,26
74.0,32,-0.3333333333333333,stable,False,27
206.0,32,0.0,loss,False,28
78.0,33,-0.2,loss,True,29
96.0,33,-0.2,loss,False,30
274.0,34,-0.375,loss,False,31
96.0,34,-0.625,loss,False,32
182.0,34,-0.3333333333333333,stable,False,33
160.0,35,-0.3333333333333333,stable,False,34
203.0,35,0.0,loss,False,35
165.0,36,0.0,loss,False,36
,21,,stable,,0
35.0,21,,increase,,1
225.0,22,0.25,stable,True,2
144.0,22,0.25,increase,True,3
107.0,22,0.0,increase,True,4
78.0,23,0.2,stable,True,5
96.0,23,0.2,stable,True,6
370.0,24,0.0,increase,False,7
82.0,24,1.0,stable,False,8
100.0,24,1.0,stable,False,9
160.0,25,0.0,stable,False,10
203.0,25,0.0,loss,False,11
165.0,26,0.0,loss,False,12
,19,,increase,,0
480.0,20,71.0,increase,False,1
107.0,20,79.0,stable,True,2
217.0,20,0.1,stable,False,3
13.0,20,0.25,increase,False,4
94.0,20,0.1,increase,False,5
82.0,21,-0.09090909090909091,increase,True,6
107.0,22,1.2727272727272727,loss,True,7
63.0,21,1.2727272727272727,loss,True,8
307.0,22,-0.2,increase,True,9
96.0,23,0.0,increase,True,10
182.0,23,2.0,increase,False,11
22.0,24,3.4,increase,False,12
138.0,23,2.6,increase,False,13
203.0,24,0.7777777777777778,stable,False,14
165.0,24,0.7777777777777778,increase,False,15
105.0,25,0.09375,increase,False,16
35.0,25,0.09375,increase,False,17
,18,,loss,,0
164.0,19,,stable,,1
36.0,18,-0.12,increase,False,2
81.0,19,-0.04,increase,False,3
68.0,19,0.0,increase,False,4
191.0,20,1.3076923076923077,increase,True,5
165.0,20,1.3076923076923077,increase,True,6
258.0,21,0.3333333333333333,increase,False,7
5.0,21,1.6666666666666667,increase,False,8
10.0,21,1.6666666666666667,increase,False,9
189.0,21,1.25,increase,False,10
85.0,22,2.75,increase,False,11
80.0,22,4.0,increase,True,12
100.0,22,0.5,increase,True,13
86.0,22,0.25,stable,False,14
74.0,23,0.375,stable,False,15
203.0,23,0.0,increase,False,16
165.0,24,-0.09090909090909091,stable,False,17
,19,,increase,,0
209.0,20,1.8571428571428572,increase,False,1
329.0,20,0.8,increase,False,2
135.0,21,1.25,increase,False,3
172.0,22,2.888888888888889,stable,False,4
193.0,22,0.0,stable,True,5
230.0,22,0.0,increase,False,6
71.0,23,1.1428571428571428,increase,False,7
50.0,22,0.2857142857142857,increase,False,8
5.0,23,0.9285714285714286,increase,False,9
123.0,24,1.5714285714285714,stable,False,10
39.0,24,0.26666666666666666,loss,False,11
13.0,23,1.0,stable,False,12
94.0,23,0.48148148148148145,loss,False,13
189.0,25,-0.15,increase,True,14
51.0,24,-0.4,increase,False,15
97.0,25,-0.15,increase,False,16
318.0,26,0.29411764705882354,stable,True,17
182.0,26,-0.09090909090909091,increase,False,18
160.0,27,0.0,stable,False,19
203.0,27,0.09090909090909091,stable,False,20
165.0,28,0.0,increase,False,21
,19,,increase,,0
599.0,20,3.0,increase,False,1
235.0,21,1.0,increase,True,2
156.0,21,2.5,stable,True,3
232.0,22,0.0,loss,True,4
133.0,22,0.0,loss,True,5
159.0,22,-0.2,increase,False,6
70.0,23,-0.2,increase,True,7
65.0,23,0.42857142857142855,increase,True,8
91.0,23,2.5714285714285716,increase,True,9
141.0,23,1.4,increase,False,10
110.0,24,0.5,increase,False,11
107.0,25,0.5,stable,False,12
63.0,24,0.25,stable,False,13
125.0,24,0.0,loss,False,14
182.0,25,-0.16666666666666666,loss,False,15
96.0,25,-0.1111111111111111,loss,False,16
82.0,26,-0.3333333333333333,increase,False,17
100.0,26,-0.25,increase,False,18
86.0,26,0.25,increase,False,19
74.0,26,0.6666666666666666,stable,False,20
203.0,27,0.0,stable,True,21
165.0,27,0.0,loss,True,22
105.0,28,0.0,stable,False,23
175.0,28,-0.2,increase,False,24
,19,,increase,,0
29.0,19,,increase,,1
74.0,19,,increase,,2
10.0,20,,increase,,3
342.0,20,0.8333333333333334,increase,False,4
327.0,21,0.8181818181818182,stable,True,5
30.0,22,0.45454545454545453,increase,True,6
329.0,21,0.125,loss,False,7
35.0,23,0.0,stable,False,8
2.0,23,0.125,loss,False,9
238.0,22,-0.1111111111111111,increase,False,10
171.0,23,0.0,increase,False,11
128.0,24,0.5,increase,False,12
117.0,24,0.6666666666666666,increase,False,13
101.0,24,0.5,increase,False,14
116.0,25,0.6666666666666666,stable,False,15
205.0,25,0.0,loss,False,16
176.0,26,0.0,loss,False,17
121.0,26,-0.12,loss,False,18
297.0,26,-0.20454545454545456,stable,False,19
70.0,27,-0.20454545454545456,stable,False,20
156.0,27,-0.08571428571428572,increase,False,21
68.0,28,-0.08571428571428572,increase,False,22
212.0,28,0.125,loss,False,23
78.0,29,0.25,loss,False,24
18.0,28,0.25,loss,False,25
78.0,29,0.25,loss,False,26
370.0,30,-0.25,stable,False,27
182.0,30,0.0,loss,False,28
86.0,30,-0.2,loss,False,29
74.0,31,-0.3333333333333333,loss,False,30
203.0,31,-0.2,loss,False,31
165.0,32,-0.4,loss,False,32
,17,,increase,,0
61.0,18,,increase,,1
67.0,18,,increase,,2
222.0,18,3.0,increase,True,3
75.0,19,6.0,increase,True,4
77.0,19,8.0,increase,True,5
113.0,19,1.4285714285714286,increase,False,6
83.0,19,1.2222222222222223,increase,True,7
45.0,19,1.4444444444444444,increase,True,8
216.0,20,0.13636363636363635,increase,False,9
87.0,20,0.7272727272727273,increase,False,10
100.0,21,0.6,increase,False,11
86.0,21,0.18421052631578946,stable,False,12
74.0,21,0.18421052631578946,stable,False,13
203.0,22,0.0,loss,False,14
165.0,22,-0.1111111111111111,loss,False,15
105.0,23,-0.1111111111111111,loss,False,16
175.0,23,-0.25,increase,False,17
,19,,increase,,0
187.0,19,7.0,increase,False,1
298.0,20,4.833333333333333,increase,True,2
290.0,21,0.42857142857142855,increase,False,3
69.0,20,0.42857142857142855,increase,False,4
37.0,22,1.0,stable,False,5
103.0,22,0.2,increase,False,6
306.0,22,0.16666666666666666,increase,False,7
128.0,23,0.16666666666666666,increase,False,8
218.0,23,0.42857142857142855,increase,True,9
116.0,24,2.5714285714285716,increase,True,10
142.0,24,2.5,increase,False,11
63.0,24,0.8,increase,False,12
135.0,24,0.42857142857142855,increase,False,13
41.0,25,0.7142857142857143,stable,False,14
121.0,25,0.7777777777777778,loss,False,15
297.0,26,-0.2,stable,False,16
70.0,26,-0.0625,loss,False,17
156.0,27,0.09375,stable,False,18
71.0,27,-0.13333333333333333,stable,False,19
209.0,27,0.0,loss,False,20
78.0,28,-0.15384615384615385,loss,False,21
96.0,28,0.0,loss,False,22
274.0,29,-0.26153846153846155,loss,False,23
96.0,29,-0.38461538461538464,loss,False,24
182.0,29,-0.125,loss,False,25
160.0,30,-0.25,loss,False,26
203.0,30,-0.16666666666666666,loss,False,27
92.0,31,-0.3333333333333333,loss,False,28
73.0,31,-0.4,loss,False,29
105.0,31,-0.52,loss,False,30
35.0,31,-0.25,loss,False,31
140.0,32,-0.6111111111111112,increase,False,32
,18,,increase,,0
177.0,19,,increase,,1
51.0,19,9.0,stable,True,2
320.0,19,0.0,stable,False,3
44.0,20,0.0,stable,True,4
228.0,20,-0.1,increase,False,5
79.0,21,-0.1,increase,True,6
98.0,21,0.1,increase,True,7
56.0,21,0.8888888888888888,increase,True,8
67.0,21,1.2222222222222223,increase,False,9
210.0,22,0.25,increase,False,10
15.0,23,0.25,increase,False,11
140.0,22,0.25,increase,False,12
289.0,23,0.4,increase,True,13
96.0,23,0.6,increase,True,14
182.0,24,0.125,stable,False,15
160.0,24,0.125,stable,False,16
203.0,25,0.0,loss,False,17
165.0,25,-0.15555555555555556,stable,False,18
105.0,26,-0.1111111111111111,increase,False,19
35.0,26,-0.1111111111111111,increase,False,20
,16,,increase,,0
595.0,17,29.0,increase,True,1
55.0,17,69.0,increase,True,2
20.0,18,124.0,stable,True,3
135.0,18,2.0,increase,False,4
40.0,17,0.14285714285714285,increase,False,5
166.0,18,0.3888888888888889,increase,True,6
92.0,19,1.1875,stable,True,7
73.0,19,1.375,stable,True,8
,17,,increase,,0
167.0,18,,increase,,1
213.0,18,1.1428571428571428,increase,False,2
109.0,19,2.5714285714285716,increase,False,3
96.0,19,1.0,increase,False,4
124.0,19,0.2,stable,False,5
82.0,19,0.16666666666666666,stable,False,6
154.0,19,0.05,loss,False,7
21.0,20,0.06666666666666667,loss,False,8
126.0,20,-0.08571428571428572,stable,True,9
67.0,21,-0.15625,increase,True,10
297.0,21,0.2962962962962963,increase,False,11
77.0,21,0.48148148148148145,increase,False,12
113.0,22,0.42857142857142855,stable,False,13
128.0,22,0.25,stable,False,14
216.0,23,0.0,loss,False,15
87.0,23,0.2,loss,True,16
100.0,23,-0.2,stable,True,17
160.0,24,-0.36666666666666664,stable,False,18
203.0,24,0.0,increase,False,19
92.0,24,0.18421052631578946,increase,False,20
73.0,25,0.5789473684210527,increase,False,21
105.0,25,0.9736842105263158,stable,False,22
35.0,25,0.6666666666666666,stable,False,23
140.0,26,0.3333333333333333,stable,False,24
,18,,increase,,0
324.0,18,1.9,stable,False,1
67.0,19,1.5,increase,False,2
189.0,19,0.2,increase,False,3
242.0,20,0.5,increase,True,4
77.0,20,1.0833333333333333,increase,True,5
189.0,20,0.2,increase,False,6
10.0,21,0.6,increase,False,7
157.0,21,1.8,increase,False,8
168.0,21,0.75,increase,False,9
189.0,22,0.14285714285714285,stable,False,10
82.0,22,0.42857142857142855,stable,False,11
154.0,22,0.0,loss,False,12
21.0,23,0.25,loss,False,13
126.0,23,-0.08,loss,False,14
67.0,23,-0.3,loss,False,15
17.0,23,-0.2,loss,False,16
205.0,24,-0.25,stable,False,17
75.0,24,-0.375,increase,False,18
73.0,25,0.0,loss,True,19
96.0,24,-0.06666666666666667,increase,True,20
92.0,25,-0.125,increase,False,21
278.0,25,0.14285714285714285,loss,False,22
182.0,26,-0.125,stable,False,23
160.0,26,-0.125,stable,False,24
203.0,27,0.0,loss,False,25
92.0,27,-0.14285714285714285,loss,False,26
73.0,27,-0.14285714285714285,loss,False,27
105.0,28,-0.22857142857142856,loss,False,28
175.0,28,-0.3333333333333333,stable,False,29
,18,,loss,,0
248.0,18,-0.6666666666666666,increase,False,1
273.0,18,2.0,increase,False,2
194.0,19,1.0,increase,True,3
14.0,20,7.0,loss,True,4
148.0,19,4.333333333333333,increase,True,5
58.0,19,-0.6666666666666666,increase,True,6
135.0,20,0.875,increase,True,7
165.0,20,2.75,increase,True,8
105.0,21,1.1333333333333333,stable,True,9
35.0,21,1.1333333333333333,stable,True,10
140.0,21,2.3333333333333335,loss,True,11
,16,,increase,,0
181.0,17,1.5,increase,True,1
46.0,17,5.25,increase,True,2
32.0,17,3.375,increase,True,3
119.0,18,5.0,stable,True,4
155.0,18,1.8571428571428572,increase,False,5
186.0,18,0.2,increase,True,6
92.0,19,1.5,increase,True,7
73.0,19,2.8,stable,True,8
,19,,increase,,0
133.0,20,,stable,,1
159.0,20,1.7,increase,True,2
70.0,20,-0.1,increase,True,3
65.0,20,0.6666666666666666,increase,True,4
91.0,21,1.2222222222222223,increase,True,5
141.0,21,0.5,increase,True,6
139.0,21,0.8333333333333334,increase,True,7
78.0,22,1.1333333333333333,stable,True,8
18.0,22,0.6666666666666666,increase,True,9
78.0,22,0.6666666666666666,increase,False,10
92.0,22,-0.0625,stable,False,11
278.0,23,0.06666666666666667,increase,False,12
82.0,23,0.3333333333333333,increase,False,13
100.0,23,0.3125,stable,False,14
86.0,24,0.2,loss,False,15
74.0,24,0.25,loss,False,16
214.0,24,-0.2,stable,True,17
253.0,25,0.0,loss,False,18
,18,,increase,,0
150.0,17,,increase,,1
104.0,18,2.0,increase,False,2
97.0,18,5.0,increase,True,3
68.0,19,7.0,increase,True,4
107.0,19,4.333333333333333,increase,True,5
58.0,19,5.0,increase,True,6
126.0,19,2.75,increase,False,7
98.0,20,1.2222222222222223,increase,False,8
117.0,20,1.3333333333333333,increase,True,9
57.0,20,1.3333333333333333,increase,True,10
104.0,20,1.0,stable,True,11
63.0,21,0.14285714285714285,stable,False,12
205.0,21,0.0,loss,False,13
97.0,21,-0.125,loss,False,14
40.0,22,-0.125,loss,False,15
129.0,22,-0.25,loss,True,16
175.0,23,-0.42857142857142855,increase,True,17
,17,,increase,,0
124.0,18,,increase,,1
231.0,18,2.0,increase,False,2
75.0,19,9.0,increase,False,3
10.0,19,29.0,stable,True,4
142.0,19,9.0,stable,False,5
273.0,20,0.0,increase,True,6
203.0,20,0.3333333333333333,increase,False,7
162.0,21,5.666666666666667,increase,False,8
167.0,21,10.0,increase,True,9
65.0,21,1.8,increase,True,10
63.0,22,2.0,increase,True,11
176.0,22,0.42857142857142855,increase,False,12
121.0,23,1.0,stable,False,13
58.0,22,0.5,increase,False,14
234.0,23,0.2222222222222222,stable,False,15
5.0,23,0.06666666666666667,increase,False,16
70.0,23,0.2222222222222222,stable,False,17
156.0,24,0.25,loss,False,18
53.0,24,-0.09090909090909091,stable,False,19
88.0,24,0.0,stable,False,20
139.0,25,0.0,increase,False,21
78.0,25,0.0,stable,False,22
96.0,25,-0.09090909090909091,increase,False,23
370.0,26,0.2,increase,False,24
82.0,26,0.4,stable,True,25
100.0,27,0.16666666666666666,loss,True,26
160.0,27,0.0,loss,False,27
203.0,28,-0.14285714285714285,loss,False,28
92.0,28,-0.2857142857142857,loss,False,29
73.0,28,-0.4,loss,False,30
105.0,29,-0.5,loss,False,31
35.0,28,-0.3,loss,False,32
140.0,29,-0.5238095238095238,increase,False,33
,19,,increase,,0
54.0,19,,increase,,1
124.0,19,,increase,,2
236.0,19,0.26,increase,False,3
21.0,20,0.6,stable,False,4
65.0,20,0.8,loss,True,5
4.0,19,0.4,increase,False,6
57.0,20,0.8,loss,True,7
153.0,21,0.14285714285714285,loss,True,8
136.0,21,-0.2222222222222222,increase,False,9
75.0,21,-0.25,increase,False,10
73.0,22,0.25,stable,True,11
18.0,21,-0.125,increase,True,12
78.0,22,0.14285714285714285,increase,True,13
92.0,22,0.0,stable,False,14
182.0,22,0.1,stable,False,15
96.0,23,0.0,stable,False,16
182.0,23,0.1,stable,False,17
160.0,24,0.1,stable,False,18
203.0,24,0.09090909090909091,loss,False,19
165.0,25,-0.09090909090909091,loss,False,20
105.0,25,-0.25,loss,False,21
175.0,26,-0.66,increase,False,22
,17,,stable,,0
97.0,16,,increase,,1
106.0,17,0.0,increase,False,2
169.0,17,1.0,loss,False,3
160.0,18,0.2,loss,True,4
224.0,19,-0.16666666666666666,increase,False,5
112.0,19,2.3333333333333335,increase,True,6
70.0,19,5.0,increase,True,7
90.0,19,7.0,increase,True,8
107.0,20,0.6666666666666666,stable,False,9
163.0,20,0.375,loss,True,10
165.0,21,0.0,loss,True,11
105.0,21,-0.18181818181818182,loss,False,12
175.0,22,-0.3,increase,False,13
,16,,increase,,0
128.0,16,,increase,,1
165.0,17,1.0,increase,False,2
104.0,17,9.0,stable,True,3
10.0,17,9.0,stable,True,4
274.0,18,0.0,increase,False,5
118.0,18,1.5,loss,False,6
57.0,18,1.5,loss,False,7
104.0,18,1.0,loss,False,8
63.0,19,-0.2,loss,False,9
205.0,19,-0.25,stable,False,10
88.0,19,0.0,loss,True,11
73.0,20,-0.125,loss,True,12
105.0,20,0.0,loss,True,13
175.0,21,-0.37142857142857144,increase,False,14
,17,,loss,,0
220.0,17,-0.3,increase,False,1
281.0,18,0.7142857142857143,increase,False,2
75.0,18,1.5714285714285714,increase,True,3
100.0,19,1.8571428571428572,increase,True,4
22.0,19,2.0,stable,True,5
138.0,19,0.1111111111111111,increase,False,6
203.0,20,0.8,increase,True,7
165.0,20,1.0,stable,True,8
105.0,21,0.2222222222222222,stable,False,9
175.0,21,-0.1,increase,False,10
,18,,increase,,0
90.0,18,,stable,,1
294.0,19,0.0,increase,True,2
280.0,20,2.0,increase,True,3
54.0,20,3.5,increase,True,4
119.0,20,2.0,increase,True,5
167.0,20,3.4444444444444446,increase,False,6
149.0,21,14.0,increase,False,7
22.0,21,24.0,increase,False,8
3.0,21,65.66666666666667,increase,False,9
277.0,22,0.5,loss,True,10
96.0,22,0.25,loss,True,11
82.0,22,0.125,loss,True,12
100.0,22,-0.2,loss,False,13
22.0,23,-0.4,stable,False,14
64.0,23,-0.2222222222222222,loss,False,15
74.0,23,-0.2222222222222222,loss,False,16
203.0,23,-0.14285714285714285,loss,False,17
165.0,24,-0.4857142857142857,loss,False,18
,18,,increase,,0
228.0,18,1.0,increase,False,1
34.0,19,1.5,increase,False,2
104.0,19,6.5,increase,False,3
221.0,19,2.0,increase,False,4
5.0,19,-0.1,increase,False,5
71.0,20,3.0,increase,True,6
217.0,20,0.25,loss,False,7
13.0,20,0.25,loss,False,8
289.0,21,-0.26666666666666666,increase,False,9
45.0,21,0.0,stable,False,10
97.0,21,-0.3333333333333333,increase,False,11
97.0,22,0.0,increase,False,12
42.0,22,0.3333333333333333,increase,False,13
84.0,22,2.0,increase,False,14
98.0,22,1.0,increase,False,15
179.0,23,0.5,increase,True,16
86.0,23,0.25,stable,True,17
74.0,23,0.25,stable,True,18
203.0,24,0.0,stable,False,19
165.0,24,-0.1,increase,False,20
,17,,increase,,0
560.0,18,3.0,loss,False,1
104.0,17,1.0,increase,False,2
280.0,19,0.5,loss,True,3
25.0,19,1.0,loss,True,4
175.0,20,-0.3333333333333333,increase,False,5
154.0,20,-0.75,increase,False,6
91.0,20,0.5,increase,False,7
116.0,21,4.0,increase,False,8
169.0,21,4.333333333333333,increase,True,9
234.0,22,2.75,increase,True,10
79.0,22,4.0,increase,True,11
24.0,22,9.0,increase,True,12
23.0,22,0.875,increase,True,13
142.0,22,1.25,increase,True,14
258.0,23,0.3333333333333333,stable,False,15
5.0,23,0.3333333333333333,stable,True,16
284.0,24,0.0,increase,False,17
118.0,24,0.3333333333333333,increase,True,18
57.0,24,1.5,increase,True,19
104.0,25,2.6666666666666665,increase,True,20
63.0,25,1.75,increase,False,21
104.0,25,1.6666666666666667,increase,False,22
101.0,25,1.7272727272727273,stable,False,23
88.0,26,0.875,loss,True,24
73.0,26,0.875,loss,True,25
105.0,26,0.08333333333333333,stable,True,26
175.0,27,-0.3333333333333333,increase,False,27
,17,,increase,,0
386.0,18,2.6,increase,True,1
173.0,18,4.6,increase,True,2
94.0,18,1.2222222222222223,increase,False,3
377.0,19,0.5,increase,True,4
68.0,20,1.5,increase,True,5
101.0,20,3.0,increase,True,6
116.0,20,1.0,stable,False,7
205.0,21,0.0,increase,False,8
135.0,21,0.8,loss,True,9
41.0,21,0.8,loss,True,10
121.0,22,0.5,loss,True,11
297.0,22,-0.2,stable,False,12
72.0,23,-0.3333333333333333,increase,False,13
258.0,23,0.2,increase,False,14
95.0,23,0.0,increase,False,15
52.0,24,0.4,increase,False,16
107.0,25,0.5,increase,False,17
63.0,24,0.6,increase,False,18
403.0,25,0.25,increase,False,19
182.0,26,0.25,increase,False,20
22.0,27,1.25,stable,True,21
64.0,26,0.75,increase,False,22
74.0,26,1.0,increase,False,23
203.0,27,0.125,loss,True,24
165.0,27,0.0,loss,True,25
,18,,increase,,0
36.0,18,,increase,,1
164.0,19,3.4444444444444446,stable,True,2
185.0,19,0.0,increase,False,3
261.0,20,2.5,increase,True,4
169.0,20,9.0,increase,True,5
116.0,21,2.5714285714285716,increase,False,6
77.0,21,0.75,increase,True,7
65.0,21,1.25,increase,True,8
63.0,21,0.8,increase,True,9
176.0,22,0.1111111111111111,increase,False,10
121.0,22,0.3333333333333333,stable,False,11
235.0,22,0.08333333333333333,stable,False,12
62.0,22,-0.13333333333333333,increase,False,13
70.0,23,0.0,stable,False,14
156.0,23,0.15384615384615385,stable,False,15
141.0,24,-0.08333333333333333,stable,False,16
139.0,24,-0.08333333333333333,stable,False,17
78.0,25,-0.09090909090909091,stable,True,18
18.0,24,-0.09090909090909091,stable,False,19
78.0,25,-0.12727272727272726,increase,False,20
92.0,25,0.0,stable,False,21
99.0,25,0.14583333333333334,loss,True,22
179.0,26,-0.04,loss,False,23
82.0,26,-0.2727272727272727,stable,False,24
100.0,26,-0.2708333333333333,loss,False,25
22.0,27,-0.2708333333333333,loss,False,26
64.0,26,0.0,loss,False,27
74.0,27,-0.05,loss,False,28
203.0,27,-0.21052631578947367,stable,False,29
92.0,27,-0.34210526315789475,stable,False,30
73.0,28,-0.47368421052631576,increase,False,31
,18,,increase,,0
164.0,18,,increase,,1
113.0,18,1.5,stable,False,2
220.0,19,0.0,stable,True,3
155.0,19,0.0,stable,True,4
248.0,20,0.0,stable,False,5
133.0,20,0.0,stable,False,6
194.0,21,0.0,stable,True,7
162.0,21,0.0,stable,True,8
196.0,22,0.0,increase,False,9
102.0,22,0.5,increase,False,10
60.0,22,2.0,increase,False,11
123.0,23,1.6666666666666667,increase,False,12
,17,,increase,,0
12.0,17,,increase,,1
301.0,18,7.0,stable,True,2
208.0,18,0.0,increase,True,3
92.0,19,1.0,increase,False,4
249.0,19,0.875,increase,True,5
30.0,19,1.5,increase,True,6
,22,,increase,,0
31.0,22,,increase,,1
401.0,23,0.5,increase,False,2
106.0,24,6.5,stable,True,3
103.0,24,0.3333333333333333,increase,False,4
306.0,24,2.75,increase,True,5
128.0,25,2.75,increase,True,6
117.0,25,0.3333333333333333,increase,False,7
101.0,25,5.666666666666667,increase,False,8
116.0,26,9.0,stable,False,9
205.0,26,0.0,increase,False,10
176.0,27,0.0,increase,False,11
121.0,27,0.2,stable,False,12
292.0,28,0.0,increase,False,13
5.0,27,-0.20833333333333334,increase,False,14
70.0,28,0.0,increase,False,15
156.0,28,0.5789473684210527,stable,False,16
141.0,29,0.25,increase,False,17
139.0,29,0.0,increase,False,18
78.0,30,0.2,stable,True,19
96.0,30,0.0,increase,False,20
92.0,30,0.0,increase,False,21
278.0,31,0.1111111111111111,stable,False,22
182.0,31,0.0,loss,False,23
160.0,32,-0.2,loss,False,24
203.0,32,-0.125,loss,False,25
92.0,32,-0.375,loss,False,26
73.0,33,-0.5,loss,False,27
,18,,increase,,0
1270.0,21,0.5,stable,False,1
839.0,24,0.0,increase,False,2
822.0,26,2.0,stable,True,3
205.0,26,0.0,increase,False,4
172.0,27,0.3333333333333333,increase,False,5
256.0,27,0.6666666666666666,loss,False,6
94.0,28,0.3333333333333333,stable,False,7
70.0,28,0.3333333333333333,stable,True,8
156.0,28,0.0,stable,True,9
141.0,29,0.0,loss,False,10
139.0,29,0.0,loss,False,11
78.0,30,-0.25,stable,False,12
96.0,30,-0.25,stable,False,13
370.0,31,0.0,stable,False,14
182.0,31,0.0,stable,False,15
160.0,32,0.0,stable,False,16
203.0,32,0.0,loss,False,17
165.0,33,-0.3333333333333333,loss,False,18
,18,,increase,,0
40.0,19,,increase,,1
71.0,19,,increase,,2
284.0,19,0.75,increase,False,3
26.0,19,0.0,increase,False,4
11.0,20,1.25,increase,False,5
63.0,20,1.5,increase,False,6
183.0,20,0.2,increase,False,7
148.0,21,0.2,increase,True,8
130.0,21,1.5,increase,True,9
86.0,21,2.3333333333333335,increase,False,10
148.0,22,1.0,loss,False,11
40.0,22,0.5,loss,False,12
138.0,22,0.25,loss,False,13
165.0,23,-0.3333333333333333,stable,False,14
61.0,23,-0.2,stable,False,15
181.0,23,-0.1,increase,False,16
87.0,24,1.0,increase,True,17
35.0,24,0.5,increase,True,18
140.0,24,1.5,stable,True,19
,19,,increase,,0
45.0,19,,increase,,1
196.0,19,1.0,increase,True,2
90.0,19,3.1666666666666665,stable,True,3
81.0,20,19.0,increase,True,4
149.0,20,0.04,increase,False,5
72.0,20,0.6666666666666666,increase,False,6
49.0,20,-0.75,increase,True,7
124.0,21,20.53846153846154,stable,True,8
86.0,20,15.666666666666666,increase,True,9
65.0,21,17.666666666666668,increase,True,10
103.0,21,0.07142857142857142,increase,False,11
85.0,22,0.35714285714285715,stable,True,12
80.0,22,0.07142857142857142,increase,False,13
108.0,22,-0.07894736842105263,increase,False,14
182.0,23,0.2857142857142857,stable,False,15
96.0,23,0.2857142857142857,stable,False,16
182.0,23,0.0,stable,False,17
160.0,24,0.0,stable,False,18
203.0,24,0.0,loss,False,19
165.0,25,-0.06666666666666667,loss,False,20
,18,,increase,,0
47.0,19,,increase,,1
149.0,19,5.0,increase,False,2
372.0,20,0.6666666666666666,increase,False,3
102.0,20,0.16666666666666666,increase,False,4
195.0,21,6.142857142857143,increase,True,5
12.0,21,13.285714285714286,increase,True,6
5.0,21,1.5714285714285714,increase,True,7
47.0,21,13.285714285714286,increase,True,8
162.0,21,5.666666666666667,increase,False,9
80.0,22,0.6,stable,False,10
298.0,22,0.0,stable,False,11
191.0,23,0.0,loss,False,12
120.0,23,-0.4375,stable,True,13
82.0,24,-0.5,increase,True,14
40.0,24,-0.5,loss,True,15
158.0,24,0.125,loss,False,16
332.0,25,-0.4444444444444444,increase,False,17
13.0,25,-0.2222222222222222,loss,False,18
183.0,26,-0.14285714285714285,increase,True,19
149.0,26,-0.14285714285714285,increase,True,20
203.0,26,0.3333333333333333,increase,True,21
135.0,27,1.3333333333333333,increase,True,22
41.0,27,1.6666666666666667,increase,True,23
121.0,27,3.0,loss,False,24
58.0,27,0.7142857142857143,stable,False,25
239.0,28,0.08333333333333333,stable,False,26
70.0,28,0.08333333333333333,loss,False,27
156.0,29,-0.07692307692307693,loss,False,28
68.0,29,-0.3076923076923077,loss,False,29
212.0,30,-0.2222222222222222,increase,False,30
78.0,30,0.1111111111111111,stable,False,31
96.0,30,-0.2222222222222222,increase,False,32
92.0,30,-0.1,increase,False,33
278.0,31,0.1111111111111111,stable,False,34
182.0,31,0.0,stable,False,35
160.0,32,0.0,stable,False,36
203.0,32,-0.1,loss,False,37
165.0,33,-0.3,loss,False,38
,17,,increase,,0
1221.0,21,11.0,increase,True,1
39.0,21,19.0,stable,True,2
222.0,22,0.0,stable,False,3
183.0,22,0.0,stable,False,4
212.0,23,0.0,increase,False,5
107.0,24,0.5,stable,True,6
102.0,23,0.5,stable,False,7
313.0,24,0.0,increase,True,8
574.0,26,3.0,stable,False,9
262.0,27,0.0,increase,True,10
121.0,27,0.6666666666666666,loss,True,11
297.0,27,-0.2,increase,False,12
70.0,28,0.0,stable,False,13
156.0,28,0.25,loss,False,14
141.0,29,0.0,increase,False,15
139.0,29,-0.3,increase,False,16
78.0,30,1.4,loss,True,17
18.0,29,0.4,increase,True,18
78.0,30,1.4,loss,True,19
370.0,31,-0.16666666666666666,stable,False,20
182.0,31,0.0,loss,False,21
160.0,32,-0.2,loss,False,22
203.0,32,-0.125,loss,False,23
165.0,33,-0.25,loss,False,24
,18,,increase,,0
59.0,18,,increase,,1
96.0,18,,increase,,2
82.0,19,2.6,stable,True,3
100.0,19,0.8,increase,True,4
22.0,20,1.2,increase,True,5
138.0,19,0.0,increase,False,6
203.0,20,0.3888888888888889,increase,False,7
92.0,20,0.6666666666666666,increase,False,8
73.0,20,0.7777777777777778,increase,False,9
105.0,21,0.28,stable,False,10
175.0,21,0.25,loss,False,11
,18,,increase,,0
95.0,18,,increase,,1
132.0,19,0.5,increase,False,2
78.0,19,4.0,stable,False,3
18.0,19,4.0,stable,False,4
78.0,19,4.0,stable,False,5
370.0,20,0.0,increase,False,6
82.0,20,0.2,increase,True,7
100.0,21,0.4,stable,True,8
160.0,21,0.16666666666666666,stable,False,9
203.0,22,0.0,increase,False,10
165.0,22,0.14285714285714285,increase,False,11
,17,,increase,,0
56.0,16,,increase,,1
451.0,17,8.333333333333334,increase,False,2
4.0,17,3.3333333333333335,increase,False,3
139.0,18,11.0,increase,True,4
47.0,18,1.7692307692307692,increase,True,5
123.0,19,3.6153846153846154,increase,True,6
190.0,19,1.0,increase,False,7
162.0,19,1.6666666666666667,increase,False,8
116.0,20,1.3333333333333333,increase,True,9
21.0,20,2.3333333333333335,increase,True,10
394.0,21,1.0,stable,False,11
3.0,21,1.0,stable,False,12
24.0,20,0.5,stable,False,13
167.0,21,0.0,loss,False,14
210.0,22,-0.25,loss,False,15
79.0,22,-0.4,stable,True,16
208.0,23,0.08333333333333333,increase,True,17
79.0,23,0.25,increase,True,18
,18,,increase,,0
324.0,19,4.0,increase,False,1
32.0,19,4.0,increase,False,2
73.0,19,79.0,increase,True,3
78.0,19,39.0,loss,True,4
66.0,20,39.0,loss,True,5
15.0,20,49.0,loss,True,6
112.0,20,-0.3,loss,True,7
255.0,21,-0.2857142857142857,stable,False,8
82.0,21,-0.2857142857142857,stable,False,9
197.0,21,-0.1,increase,True,10
162.0,22,0.5,increase,True,11
58.0,22,0.1111111111111111,increase,False,12
138.0,22,0.2,increase,False,13
89.0,23,3.0,stable,True,14
73.0,23,3.0,stable,True,15
,19,,increase,,0
,19,,increase,,0
91.0,19,,increase,,1
53.0,20,,increase,,2
88.0,20,2.3333333333333335,increase,False,3
139.0,20,0.875,increase,False,4
78.0,21,4.6,increase,False,5
18.0,20,3.4,increase,False,6
78.0,21,4.0,increase,False,7
274.0,21,0.28,increase,False,8
96.0,22,0.68,stable,False,9
182.0,22,0.0,loss,False,10
22.0,23,-0.23809523809523808,stable,False,11
138.0,22,-0.16666666666666666,stable,False,12
203.0,23,-0.08571428571428572,stable,False,13
165.0,24,-0.08571428571428572,stable,False,14
,18,,increase,,0
149.0,18,,stable,,1
221.0,19,0.0,stable,True,2
39.0,19,0.0,stable,True,3
311.0,20,0.0,stable,True,4
46.0,20,0.0,stable,True,5
360.0,21,0.0,increase,False,6
133.0,21,0.0,increase,False,7
69.0,22,1.0,increase,True,8
61.0,22,4.6,increase,True,9
57.0,22,11.0,increase,True,10
139.0,22,4.0,loss,False,11
28.0,22,4.0,loss,False,12
131.0,23,1.0,loss,True,13
297.0,23,-0.3333333333333333,loss,False,14
30.0,23,-0.16666666666666666,loss,False,15
40.0,24,-0.3333333333333333,loss,False,16
156.0,24,-0.32,loss,False,17
141.0,24,-0.15,increase,False,18
139.0,25,-0.11764705882352941,increase,False,19
78.0,26,0.8823529411764706,loss,False,20
18.0,25,0.058823529411764705,increase,False,21
78.0,25,0.17647058823529413,increase,False,22
92.0,26,-0.125,increase,False,23
182.0,26,0.35714285714285715,increase,False,24
96.0,26,0.5,stable,False,25
182.0,27,0.0,stable,False,26
160.0,27,-0.047619047619047616,stable,False,27
203.0,28,0.0,loss,False,28
165.0,28,-0.125,loss,False,29
,17,,increase,,0
100.0,17,,increase,,1
86.0,17,7.8,stable,False,2
74.0,18,7.8,stable,False,3
203.0,18,0.0,stable,False,4
165.0,19,0.0,increase,False,5
105.0,19,-0.09090909090909091,increase,False,6
175.0,20,0.13636363636363635,stable,False,7
,19,,increase,,0
96.0,20,,loss,,1
58.0,20,,increase,,2
239.0,20,0.6,stable,False,3
70.0,21,0.6,increase,False,4
156.0,21,0.0,increase,True,5
53.0,22,0.375,stable,True,6
88.0,21,0.0,increase,False,7
139.0,22,0.0,increase,False,8
78.0,23,0.875,loss,True,9
96.0,22,0.375,increase,True,10
92.0,23,-0.16666666666666666,increase,False,11
278.0,23,0.52,stable,False,12
182.0,24,-0.07894736842105263,loss,False,13
160.0,24,-0.21052631578947367,stable,False,14
203.0,25,-0.06666666666666667,loss,False,15
165.0,25,-0.26666666666666666,loss,False,16
,16,,increase,,0
123.0,17,,stable,,1
30.0,17,,increase,,2
176.0,17,0.0,increase,True,3
,18,,increase,,0
105.0,18,,increase,,1
85.0,18,1.5714285714285714,increase,False,2
137.0,19,0.5,increase,True,3
161.0,19,0.6666666666666666,increase,True,4
66.0,19,1.7777777777777777,increase,False,5
,19,,increase,,0
150.0,19,,increase,,1
371.0,20,5.0,increase,True,2
221.0,21,3.6666666666666665,increase,True,3
41.0,21,7.0,increase,True,4
121.0,22,13.666666666666666,stable,True,5
292.0,22,0.0,increase,False,6
5.0,22,-0.20454545454545456,increase,False,7
70.0,22,0.2727272727272727,increase,False,8
156.0,23,1.0,stable,False,9
141.0,23,0.25,stable,False,10
139.0,24,-0.08571428571428572,stable,False,11
78.0,24,-0.08571428571428572,stable,False,12
96.0,24,-0.08571428571428572,stable,False,13
370.0,25,0.09375,stable,False,14
182.0,26,0.0,stable,True,15
160.0,26,0.0,stable,True,16
203.0,27,0.0,stable,False,17
92.0,27,-0.14285714285714285,stable,False,18
73.0,27,0.0,stable,False,19
,19,,increase,,0
139.0,19,,increase,,1
78.0,20,30.25,stable,True,2
18.0,19,17.75,increase,True,3
78.0,20,24.0,stable,True,4
92.0,20,0.0,loss,False,5
278.0,21,-0.28,stable,False,6
182.0,21,0.0,increase,True,7
22.0,22,0.3888888888888889,stable,True,8
64.0,21,0.2222222222222222,increase,True,9
74.0,22,0.2222222222222222,increase,True,10
203.0,22,0.13636363636363635,increase,False,11
92.0,22,0.5909090909090909,increase,False,12
73.0,23,0.9090909090909091,loss,False,13
105.0,23,1.0,loss,True,14
35.0,23,0.5714285714285714,loss,True,15
140.0,24,-0.23809523809523808,increase,True,16
,18,,increase,,0
579.0,20,1.0,stable,False,1
234.0,20,0.0,increase,True,2
85.0,21,0.75,increase,False,3
142.0,21,0.5,increase,False,4
273.0,22,2.3333333333333335,increase,True,5
170.0,22,22.333333333333332,stable,True,6
169.0,22,6.0,stable,True,7
116.0,23,0.0,stable,False,8
205.0,23,0.0,loss,False,9
176.0,24,-0.14285714285714285,loss,False,10
126.0,24,-0.35714285714285715,loss,True,11
133.0,25,-0.25,loss,True,12
159.0,25,-0.2222222222222222,stable,False,13
70.0,25,-0.2222222222222222,increase,True,14
156.0,26,0.0,increase,True,15
53.0,26,0.42857142857142855,loss,False,16
88.0,26,0.14285714285714285,increase,False,17
139.0,26,-0.2,increase,False,18
78.0,27,1.5,loss,False,19
96.0,27,0.25,increase,False,20
92.0,27,-0.3,increase,False,21
278.0,28,1.1428571428571428,stable,False,22
182.0,28,0.0,stable,False,23
160.0,29,0.0,stable,False,24
203.0,29,-0.06666666666666667,stable,False,25
92.0,30,0.06666666666666667,loss,False,26
73.0,30,0.06666666666666667,loss,False,27
,18,,increase,,0
57.0,18,,increase,,1
109.0,19,,increase,,2
95.0,19,9.0,increase,True,3
94.0,19,2.3333333333333335,increase,True,4
145.0,20,1.5,increase,False,5
,19,,increase,,0
77.0,19,,increase,,1
170.0,20,3.0,increase,False,2
100.0,20,19.0,increase,False,3
22.0,21,45.666666666666664,stable,True,4
138.0,20,2.0,increase,False,5
203.0,21,1.3333333333333333,increase,True,6
165.0,21,1.3333333333333333,increase,True,7
,19,,stable,,0
187.0,20,0.0,increase,False,1
63.0,20,0.0,increase,True,2
87.0,20,0.0,increase,True,3
335.0,21,4.0,stable,True,4
407.0,22,0.0,increase,False,5
35.0,22,0.0,increase,False,6
60.0,23,0.3333333333333333,increase,False,7
245.0,23,0.5,increase,False,8
64.0,23,0.2,increase,False,9
10.0,23,0.75,increase,False,10
62.0,24,1.5,increase,False,11
173.0,24,1.8571428571428572,stable,False,12
86.0,24,0.6,increase,False,13
175.0,25,0.0,increase,True,14
78.0,26,0.875,stable,True,15
96.0,25,0.5,increase,True,16
92.0,26,0.0,increase,False,17
278.0,26,0.2,increase,False,18
182.0,27,0.3888888888888889,increase,False,19
160.0,27,0.5555555555555556,stable,False,20
203.0,28,0.0,increase,False,21
92.0,28,0.07142857142857142,increase,False,22
73.0,28,0.14285714285714285,loss,False,23
105.0,29,0.25,loss,True,24
35.0,29,0.4,loss,True,25
140.0,29,-0.21875,increase,True,26
,18,,increase,,0
53.0,17,,increase,,1
210.0,18,29.0,stable,True,2
279.0,20,0.0,stable,False,3
51.0,19,0.0,stable,False,4
186.0,19,0.0,increase,False,5
108.0,20,5.666666666666667,increase,False,6
168.0,20,12.333333333333334,increase,False,7
4.0,21,19.0,increase,True,8
100.0,21,2.0,increase,True,9
22.0,22,3.4,increase,True,10
138.0,21,0.2,increase,False,11
203.0,22,0.3888888888888889,increase,False,12
165.0,22,0.6666666666666666,increase,False,13
105.0,23,0.4,increase,False,14
35.0,23,0.4,increase,False,15
140.0,23,0.3333333333333333,stable,False,16
,17,,increase,,0
444.0,18,1.0,increase,False,1
191.0,19,1.5,increase,True,2
295.0,20,1.0,increase,False,3
607.0,21,0.5,increase,False,4
10.0,21,0.5,increase,False,5
216.0,22,0.3333333333333333,increase,False,6
307.0,22,0.5,loss,False,7
237.0,23,-0.13333333333333333,loss,False,8
18.0,24,-0.3333333333333333,stable,False,9
189.0,24,0.0,stable,True,10
212.0,25,0.0,stable,False,11
107.0,26,0.0,stable,False,12
102.0,25,0.0,stable,False,13
313.0,26,0.0,loss,False,14
203.0,27,-0.25,stable,True,15
162.0,27,-0.25,stable,True,16
295.0,28,0.0,stable,True,17
176.0,28,0.0,loss,True,18
121.0,29,0.0,loss,False,19
297.0,29,-0.2,increase,False,20
70.0,30,-0.2,increase,False,21
156.0,30,0.3333333333333333,stable,False,22
141.0,30,0.3333333333333333,loss,False,23
139.0,31,0.0,increase,False,24
78.0,32,-0.25,increase,False,25
96.0,31,-0.25,increase,False,26
274.0,32,0.6666666666666666,increase,False,27
96.0,32,5.666666666666667,loss,False,28
182.0,33,-0.125,loss,False,29
160.0,33,-0.125,loss,False,30
203.0,34,-0.14285714285714285,loss,False,31
92.0,34,-0.42857142857142855,loss,False,32
73.0,34,-0.5714285714285714,loss,False,33
,22,,increase,,0
466.0,23,2.0,stable,False,1
182.0,23,0.0,stable,False,2
160.0,24,0.0,stable,False,3
217.0,24,0.0,loss,True,4
151.0,25,0.0,loss,False,5
,16,,increase,,0
195.0,16,0.16666666666666666,stable,False,1
54.0,17,0.3333333333333333,increase,True,2
147.0,17,0.0,increase,True,3
129.0,17,0.25,increase,False,4
134.0,18,0.7142857142857143,increase,True,5
202.0,18,0.5,increase,True,6
,21,,increase,,0
65.0,21,,increase,,1
91.0,21,,increase,,2
141.0,21,2.6,increase,False,3
139.0,22,0.2857142857142857,increase,False,4
78.0,23,1.2222222222222223,stable,False,5
18.0,22,0.6666666666666666,increase,False,6
78.0,22,0.6666666666666666,increase,False,7
92.0,23,-0.1,stable,False,8
278.0,23,0.0,stable,False,9
184.0,24,0.0,loss,False,10
155.0,24,-0.16666666666666666,stable,False,11
220.0,25,0.06666666666666667,increase,False,12
148.0,25,0.2,increase,False,13
108.0,26,0.25,stable,False,14
35.0,26,0.25,stable,False,15
140.0,26,0.2222222222222222,stable,False,16
,17,,increase,,0
448.0,18,1.0,loss,False,1
279.0,19,-0.2,increase,False,2
10.0,19,0.0,increase,False,3
485.0,20,1.0,increase,True,4
24.0,20,2.0,stable,False,5
191.0,21,0.0,stable,False,6
79.0,21,0.0,stable,False,7
287.0,22,0.0,loss,True,8
230.0,22,-0.2,increase,False,9
71.0,22,-0.2,increase,False,10
217.0,23,1.9166666666666667,stable,False,11
13.0,23,0.6666666666666666,increase,False,12
94.0,23,1.7083333333333333,increase,False,13
240.0,24,0.15384615384615385,stable,False,14
97.0,24,0.23076923076923078,loss,False,15
97.0,24,0.06666666666666667,loss,False,16
224.0,25,-0.125,increase,False,17
116.0,25,0.25,increase,False,18
59.0,26,1.5,increase,False,19
94.0,26,2.857142857142857,stable,False,20
74.0,26,1.7,stable,False,21
200.0,27,0.0,loss,False,22
101.0,27,-0.14814814814814814,loss,False,23
61.0,27,-0.25925925925925924,loss,False,24
107.0,28,-0.3333333333333333,loss,True,25
175.0,28,-0.25,stable,True,26
,18,,increase,,0
448.0,19,1.0,increase,False,1
245.0,20,9.0,stable,False,2
10.0,20,6.5,increase,False,3
216.0,21,0.3333333333333333,loss,False,4
307.0,21,-0.3,loss,False,5
237.0,22,-0.2857142857142857,increase,False,6
207.0,23,1.0,increase,False,7
212.0,23,2.5,stable,False,8
107.0,24,3.5,increase,False,9
102.0,24,0.0,increase,False,10
313.0,25,0.42857142857142855,increase,False,11
121.0,25,0.42857142857142855,increase,False,12
218.0,26,0.4,increase,False,13
116.0,26,1.0,increase,False,14
205.0,27,0.2,increase,False,15
176.0,27,0.2,increase,False,16
121.0,28,0.6666666666666666,stable,False,17
58.0,27,0.6666666666666666,stable,False,18
234.0,28,0.0,increase,False,19
5.0,28,-0.2,increase,False,20
70.0,28,0.35,stable,False,21
156.0,29,0.5625,loss,False,22
141.0,29,-0.07407407407407407,loss,False,23
139.0,30,-0.12,loss,False,24
78.0,30,-0.28,loss,False,25
96.0,30,-0.2,loss,False,26
370.0,31,-0.2,loss,False,27
182.0,32,-0.125,loss,False,28
86.0,32,-0.25,loss,False,29
74.0,32,-0.25,loss,False,30
203.0,33,-0.16666666666666666,loss,False,31
92.0,33,-0.3333333333333333,loss,False,32
73.0,33,-0.5,loss,False,33
,20,,increase,,0
26.0,19,,increase,,1
333.0,20,1.5,increase,False,2
62.0,20,2.5,increase,True,3
282.0,21,0.14285714285714285,increase,False,4
219.0,21,0.125,stable,False,5
13.0,21,-0.125,increase,False,6
202.0,22,0.2857142857142857,increase,True,7
122.0,22,0.7142857142857143,increase,True,8
112.0,22,1.0,stable,False,9
75.0,23,0.5,stable,False,10
190.0,23,0.0,stable,False,11
169.0,24,-0.2777777777777778,increase,False,12
349.0,24,0.38461538461538464,increase,False,13
21.0,25,0.38461538461538464,increase,False,14
70.0,25,1.3076923076923077,increase,False,15
287.0,26,1.0,loss,False,16
174.0,26,0.3333333333333333,increase,False,17
7.0,26,-0.16666666666666666,increase,False,18
,16,,increase,,0
284.0,17,2.0,increase,False,1
93.0,17,11.0,increase,False,2
169.0,17,7.333333333333333,increase,False,3
181.0,18,0.2,loss,False,4
177.0,18,0.2,loss,False,5
276.0,19,-0.26666666666666666,increase,True,6
5.0,19,-0.4,increase,True,7
4.0,19,0.0,increase,True,8
326.0,20,0.8666666666666667,increase,False,9
38.0,20,1.6666666666666667,increase,False,10
118.0,20,0.6666666666666666,increase,False,11
141.0,21,0.375,increase,False,12
83.0,21,0.92,increase,False,13
66.0,21,0.68,increase,False,14
203.0,22,0.5476190476190477,increase,False,15
27.0,22,1.5,increase,False,16
84.0,22,1.2619047619047619,increase,False,17
1.0,22,0.9047619047619048,increase,False,18
209.0,23,0.5,increase,False,19
138.0,23,0.875,increase,False,20
145.0,23,0.4166666666666667,increase,False,21
52.0,23,0.13333333333333333,increase,False,22
85.0,24,0.3333333333333333,increase,False,23
85.0,24,0.17647058823529413,increase,False,24
77.0,24,0.23529411764705882,increase,False,25
48.0,24,0.5,loss,False,26
151.0,25,0.42857142857142855,stable,True,27
165.0,25,-0.16666666666666666,increase,True,28
105.0,26,-0.06666666666666667,stable,False,29
175.0,26,0.4,loss,False,30
,19,,increase,,0
127.0,19,,increase,,1
73.0,19,0.5,stable,False,2
263.0,20,0.0,stable,False,3
99.0,20,0.0,increase,True,4
92.0,21,0.0,increase,True,5
88.0,21,3.1666666666666665,increase,False,6
8.0,21,0.5,increase,False,7
81.0,21,1.0,increase,False,8
256.0,22,2.75,increase,False,9
168.0,22,3.1666666666666665,increase,False,10
47.0,22,0.7777777777777778,increase,True,11
57.0,22,0.7777777777777778,increase,True,12
53.0,23,1.6666666666666667,stable,True,13
56.0,23,0.8,increase,True,14
220.0,23,0.3333333333333333,increase,False,15
134.0,24,0.7777777777777778,increase,False,16
,17,,increase,,0
226.0,18,0.6,increase,False,1
185.0,18,1.0,stable,False,2
41.0,19,1.5,loss,False,3
264.0,19,-0.2,increase,False,4
242.0,20,1.5,stable,True,5
174.0,20,0.875,increase,True,6
165.0,21,0.0,increase,True,7
119.0,21,0.6666666666666666,increase,True,8
87.0,21,1.0,increase,False,9
87.0,21,2.5,increase,False,10
,19,,increase,,0
45.0,19,,increase,,1
597.0,20,2.0,increase,True,2
45.0,20,0.0,increase,True,3
23.0,21,8.0,increase,True,4
344.0,21,0.2222222222222222,increase,True,5
195.0,22,0.45454545454545453,increase,False,6
83.0,22,1.9090909090909092,increase,True,7
58.0,22,2.6363636363636362,increase,True,8
20.0,22,0.09090909090909091,increase,False,9
106.0,23,7.75,increase,False,10
98.0,23,49.0,increase,True,11
175.0,24,1.5714285714285714,increase,False,12
94.0,24,0.8,increase,False,13
74.0,24,1.0,stable,False,14
199.0,25,0.0,loss,True,15
92.0,25,-0.1,stable,True,16
73.0,25,-0.16666666666666666,stable,True,17
,21,,increase,,0
10.0,21,,increase,,1
228.0,22,1.1666666666666667,increase,False,2
7.0,22,2.0,increase,False,3
167.0,22,2.0,increase,False,4
221.0,22,0.6666666666666666,increase,False,5
133.0,23,1.2222222222222223,increase,False,6
105.0,23,1.0,increase,False,7
89.0,23,0.75,increase,False,8
162.0,24,0.3333333333333333,increase,False,9
195.0,24,0.125,increase,True,10
156.0,25,0.25,increase,True,11
,18,,increase,,0
100.0,18,,increase,,1
22.0,19,,increase,,2
64.0,18,15.0,increase,False,3
74.0,19,15.0,increase,False,4
203.0,19,0.5,stable,False,5
165.0,20,0.5,increase,False,6
,19,,increase,,0
65.0,19,,increase,,1
189.0,20,0.6,increase,False,2
111.0,20,19.0,increase,True,3
,17,,increase,,0
11.0,17,,increase,,1
91.0,18,,increase,,2
54.0,18,,increase,,3
135.0,18,0.42857142857142855,increase,False,4
173.0,19,0.3333333333333333,increase,False,5
188.0,19,0.5,loss,True,6
184.0,20,-0.16666666666666666,increase,True,7
155.0,20,-0.25,increase,True,8
206.0,21,1.6666666666666667,increase,True,9
92.0,21,2.7777777777777777,increase,True,10
73.0,21,3.888888888888889,increase,True,11
105.0,22,1.5,increase,False,12
35.0,22,0.6470588235294118,increase,False,13
,19,,increase,,0
327.0,19,3.0,increase,False,1
212.0,20,0.5,increase,False,2
53.0,20,0.5,increase,True,3
118.0,20,0.5,increase,True,4
178.0,21,1.6666666666666667,increase,False,5
105.0,21,2.3333333333333335,increase,False,6
77.0,21,0.5,increase,False,7
96.0,21,0.625,increase,True,8
73.0,22,0.4,increase,True,9
,18,,increase,,0
133.0,19,,increase,,1
159.0,19,0.8,increase,False,2
692.0,21,4.111111111111111,increase,True,3
169.0,22,10.11111111111111,increase,True,4
99.0,22,2.0434782608695654,increase,False,5
51.0,23,4.6521739130434785,increase,False,6
45.0,22,0.8,increase,False,7
88.0,22,0.42857142857142855,increase,False,8
251.0,23,1.0,stable,False,9
200.0,24,0.1,stable,True,10
165.0,24,0.1,stable,True,11
,18,,increase,,0
44.0,18,,increase,,1
187.0,19,1.6,stable,True,2
85.0,20,1.8,loss,True,3
86.0,19,2.4,loss,True,4
,18,,loss,,0
403.0,19,-0.5,increase,True,1
35.0,19,-0.125,increase,True,2
167.0,19,1.0,increase,True,3
62.0,19,0.14285714285714285,increase,True,4
285.0,20,0.5,increase,False,5
160.0,21,2.0,increase,False,6
281.0,21,0.16666666666666666,stable,True,7
89.0,22,0.16666666666666666,stable,True,8
205.0,22,0.0,increase,False,9
161.0,23,0.2857142857142857,increase,False,10
191.0,24,2.3333333333333335,increase,False,11
6.0,23,0.6666666666666666,increase,False,12
75.0,23,1.2222222222222223,increase,False,13
323.0,24,1.0,stable,False,14
158.0,25,1.0,stable,False,15
332.0,26,0.0,increase,False,16
13.0,25,0.0,increase,False,17
113.0,26,0.5,increase,True,18
101.0,26,1.25,increase,True,19
116.0,26,0.6666666666666666,stable,False,20
205.0,27,0.0,increase,False,21
176.0,27,0.0,stable,False,22
121.0,28,0.2,loss,False,23
297.0,28,-0.20833333333333334,loss,False,24
70.0,29,-0.4166666666666667,stable,False,25
156.0,29,-0.2631578947368421,stable,False,26
141.0,29,0.0,increase,False,27
139.0,30,0.0,increase,False,28
78.0,31,0.14285714285714285,stable,False,29
96.0,31,-0.14285714285714285,increase,False,30
92.0,31,0.0,stable,False,31
278.0,32,0.0,stable,False,32
182.0,32,0.0,loss,False,33
160.0,32,0.0,loss,False,34
207.0,33,-0.125,loss,True,35
137.0,33,-0.375,loss,True,36
,19,,increase,,0
52.0,20,,stable,,1
170.0,20,1.5,increase,True,2
167.0,21,0.0,increase,False,3
71.0,21,0.4,increase,False,4
355.0,22,0.2857142857142857,increase,False,5
184.0,23,0.3333333333333333,increase,False,6
88.0,23,1.0,increase,True,7
97.0,23,0.5,increase,True,8
72.0,24,2.3333333333333335,increase,True,9
76.0,23,0.3333333333333333,increase,False,10
,21,,stable,,0
240.0,22,0.0,increase,False,1
399.0,23,31.0,increase,False,2
151.0,24,35.0,increase,False,3
255.0,25,2.3333333333333335,loss,True,4
82.0,24,0.3888888888888889,stable,True,5
106.0,25,-0.5,increase,False,6
80.0,24,0.0,increase,False,7
19.0,25,2.4,increase,True,8
83.0,25,6.333333333333333,increase,False,9
96.0,26,11.8,increase,True,10
82.0,26,4.882352941176471,stable,False,11
100.0,26,0.5625,stable,False,12
86.0,26,-0.1,stable,False,13
74.0,27,-0.1,stable,False,14
203.0,27,0.0,loss,False,15
165.0,28,-0.1111111111111111,loss,False,16
105.0,28,-0.3333333333333333,loss,False,17
35.0,28,-0.2222222222222222,loss,False,18
140.0,29,-0.45,increase,False,19
,18,,increase,,0
85.0,18,,increase,,1
93.0,19,,increase,,2
290.0,19,7.0,loss,False,3
72.0,20,9.666666666666666,loss,True,4
101.0,20,7.0,loss,True,5
61.0,20,-0.16666666666666666,loss,True,6
,18,,increase,,0
100.0,18,,increase,,1
186.0,18,5.666666666666667,increase,False,2
113.0,19,25.666666666666668,increase,True,3
59.0,19,25.666666666666668,increase,True,4
26.0,20,13.0,stable,True,5
68.0,19,5.0,increase,True,6
74.0,19,1.0,increase,False,7
199.0,20,0.75,increase,True,8
92.0,20,0.875,increase,True,9
73.0,20,0.875,increase,True,10
,18,,increase,,0
,16,,increase,,0
859.0,18,2.3333333333333335,increase,True,1
167.0,18,22.333333333333332,increase,True,2
92.0,18,2.0,increase,False,3
67.0,19,6.0,increase,True,4
107.0,19,1.2857142857142858,increase,False,5
92.0,19,2.7142857142857144,increase,False,6
166.0,20,1.0,increase,False,7
5.0,20,1.0,increase,False,8
186.0,20,0.375,loss,True,9
96.0,21,0.125,stable,True,10
184.0,21,0.0,increase,False,11
20.0,22,0.5555555555555556,increase,True,12
135.0,22,0.0,increase,False,13
206.0,22,0.7777777777777778,stable,True,14
165.0,23,0.7777777777777778,stable,True,15
105.0,23,0.0,stable,False,16
175.0,24,-0.0625,stable,False,17
,16,,increase,,0
94.0,16,,increase,,1
98.0,16,1.6666666666666667,increase,True,2
76.0,16,4.333333333333333,increase,True,3
71.0,16,4.0,increase,False,4
126.0,17,0.5,increase,True,5
83.0,17,5.0,increase,True,6
86.0,17,15.0,increase,True,7
70.0,17,19.0,increase,False,8
,16,,increase,,0
305.0,18,1.5,stable,True,1
96.0,17,0.5,increase,False,2
92.0,17,0.0,increase,False,3
182.0,18,9.0,increase,False,4
96.0,18,29.0,increase,False,5
82.0,18,64.0,stable,False,6
100.0,19,1.1666666666666667,loss,False,7
22.0,19,0.5,loss,False,8
64.0,19,-0.07692307692307693,loss,False,9
74.0,19,-0.23076923076923078,loss,False,10
203.0,20,-0.2,loss,False,11
92.0,20,-0.36,loss,True,12
73.0,20,-0.5,stable,True,13
,17,,increase,,0
112.0,17,,increase,,1
94.0,17,2.3333333333333335,increase,False,2
98.0,17,1.5,increase,False,3
154.0,18,0.8,increase,False,4
203.0,18,4.555555555555555,increase,True,5
97.0,19,11.222222222222221,loss,True,6
85.0,19,1.2,loss,False,7
85.0,19,1.2,stable,True,8
175.0,20,-0.18181818181818182,increase,True,9
,20,,increase,,0
146.0,20,,loss,,1
216.0,21,-0.5,increase,True,2
163.0,21,-0.5,increase,True,3
156.0,22,0.5,increase,True,4
53.0,22,1.5,increase,False,5
73.0,23,7.0,increase,True,6
95.0,22,3.0,increase,False,7
181.0,23,4.0,increase,True,8
59.0,24,42.333333333333336,stable,True,9
75.0,23,19.0,increase,True,10
,20,,increase,,0
34.0,21,,stable,,1
297.0,21,-0.1,increase,False,2
70.0,21,-0.1,increase,False,3
65.0,22,1.0,increase,False,4
91.0,22,1.7777777777777777,stable,False,5
141.0,22,0.25,increase,False,6
139.0,23,0.0,increase,False,7
78.0,23,2.2,increase,False,8
18.0,23,1.0,increase,False,9
78.0,23,2.2,increase,False,10
370.0,24,0.5,increase,False,11
82.0,24,0.875,increase,False,12
100.0,25,0.25,increase,False,13
86.0,25,0.2,increase,False,14
74.0,25,0.3333333333333333,stable,False,15
203.0,26,0.1,stable,False,16
165.0,26,0.0,increase,False,17
105.0,27,0.0,increase,True,18
175.0,27,0.4,loss,True,19
,17,,increase,,0
305.0,18,1.0,increase,False,1
88.0,19,1.0,increase,False,2
705.0,20,4.0,increase,True,3
54.0,20,6.0,increase,True,4
135.0,20,0.2,increase,False,5
173.0,21,0.7142857142857143,increase,False,6
195.0,21,0.5,increase,False,7
46.0,22,2.0,increase,False,8
32.0,21,1.0,increase,False,9
183.0,22,1.0833333333333333,stable,True,10
74.0,22,1.0833333333333333,stable,True,11
203.0,23,0.0,stable,False,12
165.0,23,0.0,stable,False,13
,19,,increase,,0
177.0,20,,increase,,1
67.0,20,3.0,increase,False,2
231.0,21,0.5,stable,False,3
258.0,21,0.0,stable,False,4
350.0,22,0.0,stable,False,5
323.0,23,0.0,stable,True,6
47.0,23,0.0,stable,False,7
182.0,24,0.0,increase,False,8
53.0,24,0.3333333333333333,stable,True,9
31.0,25,0.3333333333333333,stable,True,10
76.0,24,0.0,increase,False,11
386.0,25,0.3333333333333333,stable,True,12
,16,,loss,,0
207.0,16,-0.9,increase,True,1
33.0,16,-0.5,increase,True,2
22.0,17,1.0,stable,False,3
343.0,17,0.0,stable,False,4
242.0,18,-0.1,increase,True,5
70.0,18,-0.1,increase,True,6
260.0,19,0.3888888888888889,increase,True,7
95.0,19,0.1111111111111111,increase,True,8
52.0,19,0.6666666666666666,increase,True,9
170.0,20,1.5,stable,False,10
121.0,20,0.6666666666666666,stable,True,11
284.0,21,0.0,increase,False,12
175.0,21,0.0,increase,True,13
27.0,22,2.6,stable,True,14
77.0,22,0.4,increase,True,15
63.0,22,1.4,increase,True,16
201.0,22,0.5,increase,True,17
92.0,23,0.6666666666666666,increase,True,18
73.0,23,0.8333333333333334,increase,True,19
105.0,23,0.5555555555555556,increase,False,20
35.0,23,0.25,increase,False,21
140.0,24,0.45454545454545453,stable,False,22
,18,,increase,,0
134.0,18,,loss,,1
159.0,18,0.6,increase,False,2
72.0,19,-0.1111111111111111,increase,False,3
68.0,19,1.2222222222222223,increase,False,4
190.0,20,3.0,increase,False,5
95.0,19,0.0,increase,False,6
81.0,20,3.0,increase,True,7
78.0,21,1.75,stable,True,8
96.0,21,4.0,increase,True,9
92.0,21,0.0,stable,False,10
278.0,22,0.0,increase,False,11
182.0,22,0.13636363636363635,increase,True,12
160.0,23,0.13636363636363635,increase,True,13
203.0,23,0.12,increase,False,14
165.0,24,0.12,stable,False,15
105.0,24,0.25,loss,False,16
35.0,24,0.25,loss,False,17
140.0,25,0.07142857142857142,stable,False,18
,16,,increase,,0
403.0,17,1.6666666666666667,stable,False,1
130.0,17,1.6666666666666667,stable,False,2
415.0,18,0.0,stable,True,3
413.0,19,0.0,increase,True,4
127.0,20,0.5625,increase,True,5
205.0,20,0.6,increase,False,6
172.0,21,1.4,stable,False,7
256.0,21,0.0,increase,False,8
80.0,22,0.3333333333333333,stable,False,9
14.0,21,-0.1,increase,False,10
167.0,22,0.0,increase,False,11
112.0,23,5.296296296296297,stable,True,12
49.0,23,1.5925925925925926,increase,False,13
178.0,23,0.0,stable,False,14
78.0,24,1.2857142857142858,stable,True,15
96.0,24,1.5714285714285714,loss,True,16
370.0,25,-0.1111111111111111,increase,False,17
182.0,25,0.125,stable,False,18
86.0,25,-0.0625,increase,False,19
74.0,26,-0.0625,increase,False,20
203.0,26,0.2,loss,False,21
165.0,27,0.2,stable,False,22
105.0,27,-0.1111111111111111,increase,False,23
35.0,27,-0.1111111111111111,increase,False,24
140.0,28,0.0,stable,False,25
,17,,increase,,0
59.0,18,,increase,,1
137.0,18,1.5,increase,False,2
230.0,19,0.2,increase,False,3
115.0,19,1.0,increase,True,4
,16,,increase,,0
242.0,17,5.0,increase,True,1
45.0,17,1.0,increase,True,2
147.0,18,1.3333333333333333,increase,False,3
178.0,18,9.0,increase,False,4
179.0,18,0.7142857142857143,stable,True,5
363.0,19,0.0,increase,True,6
165.0,20,0.0,increase,True,7
,17,,stable,,0
407.0,19,0.0,increase,True,1
197.0,20,1.6666666666666667,increase,True,2
140.0,20,0.0,increase,False,3
,18,,increase,,0
124.0,18,,increase,,1
10.0,18,,increase,,2
159.0,18,51.0,increase,False,3
143.0,19,7.0,increase,True,4
144.0,19,4.384615384615385,increase,True,5
84.0,19,7.0,increase,False,6
179.0,20,1.5714285714285714,increase,False,7
,17,,increase,,0
231.0,18,1.0,increase,False,1
85.0,19,24.0,stable,True,2
142.0,18,4.0,increase,False,3
273.0,19,1.5,increase,True,4
203.0,20,0.2,loss,False,5
162.0,20,0.2,loss,False,6
209.0,21,-0.3333333333333333,stable,False,7
277.0,21,0.0,increase,False,8
111.0,22,1.0,stable,False,9
133.0,22,1.5,increase,False,10
159.0,22,0.0,increase,False,11
72.0,23,0.2,increase,False,12
68.0,23,0.8,increase,False,13
139.0,24,2.3333333333333335,increase,False,14
51.0,23,0.5555555555555556,increase,False,15
95.0,23,0.1111111111111111,increase,False,16
81.0,24,0.5,increase,False,17
78.0,25,2.142857142857143,increase,False,18
18.0,24,1.5714285714285714,increase,False,19
78.0,24,3.0,increase,False,20
370.0,25,0.4,loss,False,21
182.0,26,-0.10714285714285714,loss,False,22
160.0,26,-0.2857142857142857,stable,False,23
203.0,27,0.0,loss,False,24
92.0,27,-0.15,loss,False,25
73.0,27,-0.25,loss,False,26
,16,,increase,,0
172.0,16,,increase,,1
719.0,18,5.4,increase,True,2
150.0,19,39.0,increase,True,3
40.0,19,14.0,increase,True,4
138.0,19,30.25,loss,True,5
165.0,20,0.8333333333333334,loss,False,6
46.0,19,-0.4,increase,False,7
15.0,20,-0.28,increase,False,8
163.0,20,-0.18181818181818182,increase,True,9
105.0,21,0.5,increase,True,10
35.0,21,0.1111111111111111,increase,True,11
140.0,21,1.2222222222222223,loss,False,12
,17,,increase,,0
256.0,17,3.0,increase,False,1
80.0,18,3.0,increase,False,2
14.0,17,2.5,increase,False,3
86.0,18,3.1666666666666665,increase,True,4
61.0,18,7.333333333333333,increase,True,5
67.0,18,8.523809523809524,increase,True,6
222.0,19,0.6,increase,False,7
75.0,19,1.6,increase,False,8
73.0,20,2.6,increase,True,9
4.0,19,2.0,increase,False,10
113.0,19,0.38461538461538464,increase,False,11
349.0,21,0.3888888888888889,increase,True,12
82.0,21,0.6666666666666666,stable,True,13
100.0,21,0.2,loss,False,14
22.0,22,0.0,loss,False,15
138.0,21,-0.06666666666666667,loss,False,16
203.0,22,-0.21428571428571427,loss,False,17
92.0,22,-0.35714285714285715,loss,False,18
73.0,22,-0.6428571428571429,increase,False,19
,18,,stable,,0
185.0,18,0.0,increase,True,1
155.0,19,1.8,increase,True,2
209.0,19,0.7142857142857143,loss,False,3
148.0,20,0.7142857142857143,loss,False,4
408.0,20,-0.25,increase,False,5
55.0,21,0.0,increase,False,6
72.0,21,-0.25,increase,False,7
7.0,21,0.25,stable,False,8
235.0,21,-0.1,increase,False,9
72.0,22,-0.2,increase,True,10
68.0,22,1.4,increase,True,11
139.0,23,15.666666666666666,stable,False,12
51.0,23,2.888888888888889,increase,False,13
95.0,22,0.9444444444444444,increase,False,14
81.0,23,0.0,increase,False,15
78.0,24,1.2857142857142858,increase,False,16
18.0,23,0.7142857142857143,increase,False,17
78.0,24,3.0,increase,False,18
370.0,25,0.42857142857142855,stable,False,19
182.0,25,0.1,stable,False,20
160.0,26,0.1,stable,False,21
203.0,26,0.0,loss,False,22
165.0,27,-0.09090909090909091,loss,False,23
,18,,stable,,0
224.0,18,0.0,increase,False,1
24.0,19,0.4,stable,True,2
134.0,18,-0.2,increase,False,3
320.0,20,0.75,increase,True,4
44.0,19,0.75,increase,True,5
536.0,21,1.0,increase,True,6
24.0,20,0.7142857142857143,increase,True,7
167.0,21,0.7142857142857143,increase,False,8
142.0,22,5.666666666666667,increase,True,9
68.0,22,2.75,increase,True,10
90.0,22,4.0,increase,True,11
81.0,22,0.5,increase,False,12
,16,,increase,,0
280.0,16,2.0,increase,False,1
173.0,17,3.0,stable,False,2
167.0,17,0.3333333333333333,increase,False,3
81.0,18,0.0,increase,True,4
68.0,18,0.0,increase,False,5
480.0,19,1.5,increase,True,6
100.0,19,5.25,increase,True,7
86.0,20,4.0,increase,False,8
74.0,20,9.0,increase,False,9
203.0,20,0.2,increase,False,10
165.0,21,0.5,increase,False,11
105.0,21,1.0833333333333333,increase,False,12
35.0,21,0.6666666666666666,increase,False,13
140.0,22,1.1333333333333333,stable,False,14
,19,,stable,,0
346.0,20,0.0,increase,False,1
322.0,20,2.0,increase,False,2
4.0,20,2.0,increase,False,3
105.0,21,5.0,increase,False,4
86.0,21,1.6666666666666667,increase,False,5
180.0,21,0.75,increase,False,6
50.0,22,2.75,increase,False,7
214.0,22,2.3333333333333335,loss,True,8
104.0,22,0.6666666666666666,increase,True,9
300.0,23,0.4,stable,True,10
20.0,23,0.0,increase,False,11
113.0,24,0.6,loss,True,12
159.0,24,0.28,increase,True,13
72.0,24,-0.2,increase,False,14
68.0,24,-0.05,increase,False,15
155.0,25,1.5,stable,False,16
130.0,25,0.5789473684210527,increase,False,17
81.0,25,0.0,increase,False,18
78.0,26,0.75,loss,False,19
96.0,26,0.6666666666666666,increase,False,20
92.0,26,-0.14285714285714285,increase,False,21
278.0,27,0.8333333333333334,increase,False,22
82.0,27,1.3333333333333333,stable,False,23
100.0,27,0.36363636363636365,loss,False,24
160.0,28,0.0,loss,False,25
203.0,28,-0.10714285714285714,loss,False,26
92.0,29,-0.42857142857142855,loss,False,27
73.0,29,-0.5,loss,False,28
,20,,increase,,0
121.0,20,,increase,,1
111.0,20,2.0,increase,False,2
133.0,21,5.0,increase,False,3
159.0,21,2.6,increase,False,4
72.0,21,1.1666666666666667,increase,False,5
258.0,22,0.5384615384615384,stable,False,6
95.0,22,0.5384615384615384,stable,False,7
81.0,23,0.5384615384615384,increase,False,8
78.0,24,-0.1,increase,False,9
96.0,23,0.0,increase,False,10
370.0,24,0.6,loss,False,11
182.0,25,-0.25,loss,False,12
160.0,25,-0.375,stable,False,13
203.0,26,0.0,loss,False,14
92.0,26,-0.3,loss,False,15
73.0,26,-0.5,loss,False,16
105.0,27,-0.75,loss,False,17
39.0,26,-0.5714285714285714,loss,True,18
136.0,27,-0.7,increase,False,19
,20,,increase,,0
147.0,20,,increase,,1
107.0,21,27.333333333333332,stable,True,2
63.0,21,19.0,increase,False,3
125.0,21,0.0,loss,False,4
182.0,22,-0.11764705882352941,loss,False,5
96.0,22,-0.29411764705882354,stable,False,6
182.0,22,0.0,increase,False,7
22.0,23,0.5,increase,False,8
138.0,23,0.25,increase,False,9
203.0,23,0.3333333333333333,stable,False,10
92.0,24,0.5333333333333333,stable,False,11
73.0,24,0.5333333333333333,stable,False,12
105.0,24,0.1,increase,False,13
35.0,24,0.08695652173913043,stable,False,14
140.0,25,0.08695652173913043,stable,False,15
,17,,increase,,0
11.0,17,,increase,,1
307.0,18,9.0,increase,True,2
228.0,18,0.75,increase,False,3
138.0,19,4.0,increase,False,4
222.0,20,0.3,increase,False,5
4.0,19,-0.1,increase,False,6
147.0,20,0.6,increase,True,7
84.0,20,1.2222222222222223,increase,True,8
64.0,20,1.8888888888888888,increase,True,9
50.0,21,1.5,loss,False,10
166.0,21,0.38461538461538464,loss,False,11
73.0,22,-0.25,loss,True,12
4.0,21,-0.25,loss,False,13
113.0,21,-0.16666666666666666,loss,False,14
349.0,22,-0.13333333333333333,loss,True,15
182.0,23,-0.23076923076923078,increase,False,16
160.0,23,-0.23076923076923078,increase,False,17
203.0,24,0.5,increase,False,18
92.0,24,1.5,increase,False,19
73.0,24,1.8,stable,False,20
,16,,stable,,0
386.0,16,0.0,stable,False,1
97.0,17,0.0,stable,False,2
321.0,18,0.0,increase,True,3
175.0,18,3.0,increase,False,4
94.0,18,5.0,increase,True,5
74.0,19,5.0,increase,True,6
136.0,19,1.0,increase,False,7
64.0,19,1.6666666666666667,increase,False,8
162.0,20,0.5,loss,False,9
,18,,increase,,0
251.0,19,13.0,increase,True,1
107.0,20,79.0,loss,True,2
63.0,19,47.0,increase,True,3
125.0,20,-0.25,stable,False,4
278.0,20,0.06666666666666667,increase,False,5
177.0,21,-0.06666666666666667,increase,True,6
27.0,22,0.125,stable,True,7
135.0,21,-0.125,increase,True,8
206.0,22,0.2857142857142857,loss,True,9
92.0,22,0.07142857142857142,loss,True,10
73.0,22,0.0,loss,True,11
105.0,23,-0.3333333333333333,loss,False,12
175.0,23,-0.42857142857142855,increase,False,13
,17,,increase,,0
177.0,18,,increase,,1
105.0,18,11.0,increase,False,2
153.0,19,0.2,increase,False,3
135.0,19,0.5,increase,False,4
10.0,19,5.0,increase,True,5
165.0,20,22.333333333333332,stable,True,6
258.0,20,0.0,increase,False,7
5.0,20,0.7142857142857143,increase,False,8
10.0,20,0.7142857142857143,increase,False,9
176.0,21,0.6666666666666666,increase,True,10
96.0,21,1.0833333333333333,stable,True,11
182.0,22,0.0,loss,False,12
160.0,22,-0.12,stable,False,13
203.0,23,0.0,increase,False,14
92.0,23,0.22727272727272727,increase,False,15
73.0,23,0.36363636363636365,increase,False,16
,21,,increase,,0
190.0,21,1.0,increase,False,1
95.0,21,0.3333333333333333,increase,False,2
52.0,21,12.333333333333334,increase,False,3
107.0,22,15.666666666666666,increase,False,4
63.0,22,29.0,increase,False,5
403.0,23,0.5,loss,False,6
184.0,24,-0.2777777777777778,stable,True,7
155.0,24,-0.3333333333333333,stable,True,8
40.0,24,-0.07692307692307693,stable,False,9
180.0,25,-0.08333333333333333,increase,True,10
148.0,25,0.5,increase,True,11
108.0,26,1.7272727272727273,increase,False,12
35.0,25,1.5454545454545454,increase,False,13
140.0,26,1.2222222222222223,stable,False,14
,18,,increase,,0
137.0,18,,increase,,1
81.0,18,99.0,stable,True,2
182.0,19,0.0,stable,True,3
165.0,19,0.0,loss,True,4
105.0,20,0.0,loss,False,5
,19,,increase,,0
57.0,20,,loss,,1
108.0,20,,increase,,2
112.0,20,-0.3,increase,False,3
178.0,21,21.22222222222222,stable,True,4
96.0,21,2.5714285714285716,loss,True,5
182.0,21,-0.2,stable,False,6
160.0,22,-0.2,stable,False,7
203.0,22,0.0,increase,False,8
92.0,23,0.25,increase,False,9
73.0,23,0.4,increase,False,10
,20,,loss,,0
271.0,20,-0.625,increase,False,1
174.0,20,0.125,increase,True,2
39.0,21,2.3333333333333335,increase,True,3
142.0,21,0.5555555555555556,increase,False,4
95.0,21,1.0,increase,False,5
64.0,21,7.0,increase,False,6
170.0,22,5.0,increase,True,7
57.0,22,0.5,increase,True,8
94.0,22,5.25,stable,True,9
15.0,22,5.25,stable,True,10
254.0,23,0.0,increase,True,11
92.0,23,-0.12,stable,True,12
73.0,23,-0.28,increase,True,13
105.0,24,0.4,increase,False,14
35.0,24,0.0,increase,False,15
140.0,24,2.611111111111111,loss,False,16
,16,,increase,,0
613.0,17,6.0,increase,True,1
66.0,17,9.0,increase,True,2
21.0,18,24.0,stable,True,3
104.0,18,0.42857142857142855,increase,False,4
171.0,18,0.0,increase,False,5
145.0,19,7.0,stable,True,6
,18,,increase,,0
1107.0,21,14.0,increase,True,1
19.0,21,2.0,increase,True,2
355.0,22,15.666666666666666,increase,True,3
141.0,23,45.666666666666664,increase,True,4
48.0,22,0.2,increase,False,5
318.0,24,2.0,loss,False,6
238.0,23,-0.2222222222222222,increase,False,7
171.0,24,0.1111111111111111,stable,False,8
128.0,25,0.42857142857142855,stable,False,9
218.0,25,0.0,increase,False,10
116.0,26,0.0,increase,False,11
142.0,26,0.5,increase,False,12
63.0,26,1.5,increase,False,13
176.0,27,1.0,loss,False,14
121.0,27,0.2,loss,False,15
292.0,28,-0.3333333333333333,increase,False,16
5.0,28,-0.2,stable,False,17
70.0,28,-0.25,stable,True,18
156.0,29,0.041666666666666664,loss,True,19
141.0,29,-0.022222222222222223,loss,False,20
139.0,29,-0.2,loss,False,21
78.0,30,-0.18181818181818182,loss,False,22
96.0,30,-0.18181818181818182,loss,False,23
370.0,31,-0.1111111111111111,loss,False,24
182.0,31,-0.1875,loss,False,25
160.0,32,-0.1875,loss,False,26
203.0,32,-0.15384615384615385,loss,False,27
165.0,33,-0.38461538461538464,loss,False,28
,20,,increase,,0
160.0,20,,increase,,1
335.0,21,3.0,increase,True,2
156.0,21,9.0,increase,True,3
227.0,22,5.0,increase,False,4
58.0,22,1.8,increase,False,5
234.0,23,1.8571428571428572,stable,False,6
5.0,23,1.0714285714285714,increase,False,7
30.0,22,1.5714285714285714,increase,False,8
40.0,23,1.8571428571428572,stable,True,9
156.0,24,0.1111111111111111,stable,True,10
71.0,24,0.1,loss,False,11
209.0,24,-0.18181818181818182,increase,False,12
78.0,25,0.0,stable,True,13
96.0,25,-0.18181818181818182,stable,False,14
92.0,25,0.0,loss,False,15
278.0,26,-0.18181818181818182,loss,True,16
182.0,26,-0.3333333333333333,increase,True,17
160.0,27,-0.3333333333333333,increase,True,18
203.0,27,0.25,increase,False,19
165.0,28,0.6666666666666666,increase,False,20
,21,,increase,,0
285.0,22,11.0,increase,True,1
79.0,21,3.0,increase,True,2
102.0,23,0.3888888888888889,increase,True,3
143.0,23,4.833333333333333,loss,False,4
41.0,23,0.4,loss,False,5
177.0,24,-0.5714285714285714,increase,True,6
10.0,23,-0.42857142857142855,increase,False,7
373.0,25,0.75,increase,False,8
72.0,25,0.75,increase,False,9
255.0,25,1.0,increase,False,10
79.0,26,1.8571428571428572,stable,False,11
119.0,26,0.21428571428571427,stable,False,12
169.0,26,0.0,loss,False,13
229.0,27,-0.2,increase,False,14
72.0,27,0.0,increase,False,15
173.0,28,0.25,increase,False,16
254.0,28,0.2,stable,False,17
165.0,29,0.4,loss,False,18
165.0,29,0.0,stable,True,19
224.0,30,0.0,stable,False,20
175.0,30,0.0,stable,False,21
94.0,31,0.08333333333333333,stable,False,22
74.0,31,0.08333333333333333,stable,False,23
200.0,31,-0.07692307692307693,loss,False,24
101.0,32,-0.23076923076923078,loss,False,25
61.0,32,-0.4230769230769231,loss,False,26
,21,,increase,,0
165.0,23,,stable,,1
216.0,23,0.0,stable,True,2
371.0,24,0.0,increase,True,3
277.0,25,0.75,loss,False,4
403.0,26,-0.14285714285714285,stable,False,5
506.0,27,0.0,stable,True,6
174.0,28,0.0,stable,True,7
181.0,28,0.0,increase,True,8
99.0,29,0.16666666666666666,increase,True,9
90.0,29,0.16666666666666666,increase,True,10
182.0,29,0.42857142857142855,stable,False,11
160.0,30,0.42857142857142855,stable,False,12
203.0,30,0.0,loss,False,13
165.0,31,-0.2,loss,False,14
,16,,increase,,0
115.0,16,,increase,,1
61.0,16,,increase,,2
181.0,17,0.6666666666666666,increase,False,3
23.0,17,5.666666666666667,increase,True,4
,18,,increase,,0
145.0,18,,increase,,1
18.0,18,,increase,,2
,18,,increase,,0
645.0,19,29.0,increase,True,1
25.0,19,29.0,increase,True,2
88.0,20,39.0,increase,True,3
135.0,20,0.4666666666666667,increase,True,4
18.0,20,0.2,increase,False,5
99.0,20,1.0,increase,True,6
70.0,20,1.2727272727272727,increase,False,7
229.0,21,0.5,increase,True,8
107.0,21,0.5,stable,True,9
79.0,22,0.6,stable,True,10
179.0,22,0.0,increase,False,11
9.0,22,0.0,loss,False,12
182.0,22,-0.16666666666666666,loss,False,13
96.0,23,-0.16666666666666666,loss,False,14
182.0,23,-0.2,increase,False,15
86.0,23,0.0,increase,False,16
74.0,24,0.2,stable,False,17
203.0,24,0.0,increase,False,18
165.0,25,0.16666666666666666,increase,False,19
,19,,increase,,0
94.0,19,,stable,,1
183.0,20,0.0,increase,False,2
105.0,20,1.0,increase,True,3
70.0,20,11.0,increase,True,4
197.0,20,1.5,stable,False,5
163.0,21,1.5,loss,True,6
165.0,21,0.0,stable,True,7
105.0,22,-0.2,increase,False,8
35.0,22,-0.2,increase,False,9
,17,,increase,,0
298.0,17,1.0,increase,False,1
774.0,20,3.0,stable,True,2
215.0,20,0.0,increase,False,3
79.0,21,0.0,increase,False,4
205.0,21,7.75,increase,False,5
83.0,21,11.5,increase,False,6
80.0,22,32.75,increase,False,7
5.0,22,19.0,increase,False,8
144.0,22,0.44,increase,False,9
128.0,22,0.875,increase,True,10
117.0,23,1.5,stable,True,11
86.0,22,0.2,increase,False,12
168.0,23,0.0,increase,False,13
57.0,24,0.3888888888888889,loss,False,14
40.0,24,-0.16666666666666666,increase,False,15
68.0,24,-0.05555555555555555,increase,False,16
112.0,24,0.4666666666666667,increase,False,17
281.0,25,0.36363636363636365,increase,False,18
75.0,25,0.8181818181818182,stable,True,19
100.0,25,0.9090909090909091,loss,True,20
22.0,26,0.16666666666666666,loss,True,21
138.0,26,0.0,loss,False,22
203.0,26,-0.25,loss,False,23
92.0,27,-0.375,loss,True,24
73.0,27,-0.45,loss,True,25
,17,,increase,,0
394.0,18,1.0,increase,False,1
346.0,19,2.5,increase,True,2
56.0,19,2.5,increase,False,3
240.0,20,16.142857142857142,increase,True,4
97.0,20,24.714285714285715,stable,True,5
186.0,20,0.0,increase,False,6
67.0,21,0.1111111111111111,increase,True,7
82.0,21,0.6666666666666666,increase,True,8
154.0,21,0.35,increase,False,9
21.0,21,0.8,increase,False,10
126.0,22,0.2,increase,False,11
67.0,22,0.1111111111111111,increase,False,12
292.0,23,0.25,loss,True,13
78.0,23,0.25,loss,True,14
96.0,23,0.25,stable,True,15
92.0,23,-0.12,increase,False,16
278.0,24,0.13636363636363635,increase,False,17
182.0,25,0.2,stable,False,18
160.0,25,0.4,stable,False,19
203.0,26,-0.08571428571428572,loss,False,20
92.0,26,-0.2857142857142857,loss,False,21
73.0,26,-0.4857142857142857,loss,False,22
144.0,26,-0.36,loss,True,23
55.0,27,-0.3333333333333333,loss,True,24
,21,,increase,,0
156.0,21,,increase,,1
53.0,22,1.4,increase,False,2
88.0,21,0.4,increase,False,3
139.0,22,0.16666666666666666,increase,False,4
78.0,23,3.0,loss,False,5
18.0,22,1.4285714285714286,increase,False,6
78.0,22,2.5714285714285716,loss,False,7
370.0,23,-0.12,stable,False,8
182.0,24,0.0,increase,False,9
160.0,24,0.13636363636363635,stable,False,10
203.0,25,0.0,stable,False,11
165.0,25,0.0,stable,False,12
,19,,stable,,0
47.0,19,,increase,,1
362.0,20,1.5,increase,False,2
128.0,20,1.5,increase,False,3
218.0,21,0.2,increase,False,4
116.0,21,2.2,increase,False,5
142.0,21,4.0,increase,False,6
63.0,21,2.125,increase,False,7
176.0,22,1.3333333333333333,increase,False,8
121.0,22,1.0,loss,False,9
297.0,23,-0.2,increase,False,10
70.0,23,0.0,loss,True,11
156.0,24,0.25,loss,True,12
53.0,24,-0.24,stable,False,13
18.0,24,-0.1,loss,False,14
209.0,25,-0.15555555555555556,stable,False,15
78.0,25,-0.15555555555555556,stable,False,16
96.0,25,-0.15555555555555556,stable,False,17
274.0,26,-0.07894736842105263,loss,False,18
96.0,26,-0.07894736842105263,loss,False,19
182.0,26,-0.14285714285714285,loss,False,20
22.0,27,-0.37142857142857144,stable,False,21
138.0,27,-0.2,loss,False,22
203.0,27,-0.2857142857142857,loss,False,23
92.0,28,-0.35714285714285715,loss,True,24
73.0,28,-0.4642857142857143,loss,True,25
,18,,increase,,0
205.0,18,9.0,increase,True,1
15.0,19,47.0,increase,True,2
134.0,19,199.0,loss,True,3
44.0,19,19.0,increase,False,4
148.0,20,-0.2,increase,True,5
59.0,21,1.0,increase,True,6
75.0,20,0.0,increase,True,7
,19,,stable,,0
347.0,19,0.0,stable,False,1
130.0,20,0.0,increase,False,2
102.0,20,0.0,increase,False,3
306.0,21,1.0,increase,False,4
2.0,21,29.0,increase,True,5
82.0,20,1.0,increase,False,6
137.0,21,2.3333333333333335,increase,False,7
135.0,21,24.0,increase,True,8
66.0,22,0.5,loss,False,9
85.0,22,-0.1,loss,False,10
66.0,23,0.2,loss,False,11
127.0,23,-0.6666666666666666,loss,True,12
74.0,23,-0.16666666666666666,loss,True,13
263.0,24,-0.5,increase,False,14
122.0,24,-0.4,increase,False,15
70.0,24,1.4,increase,False,16
90.0,24,2.2,increase,False,17
107.0,25,0.3333333333333333,increase,False,18
127.0,25,0.5,increase,False,19
47.0,25,1.5,stable,False,20
45.0,26,1.25,increase,False,21
208.0,26,0.1111111111111111,stable,False,22
,18,,increase,,0
71.0,19,,increase,,1
349.0,19,1.8571428571428572,increase,False,2
84.0,20,4.714285714285714,increase,True,3
74.0,20,7.571428571428571,stable,True,4
203.0,20,0.06666666666666667,increase,False,5
92.0,21,0.16666666666666666,increase,False,6
73.0,21,0.5,increase,False,7
,19,,stable,,0
35.0,19,,increase,,1
305.0,19,0.3333333333333333,increase,False,2
64.0,20,0.2,increase,False,3
72.0,20,1.3333333333333333,increase,False,4
173.0,21,2.3333333333333335,increase,False,5
151.0,21,0.42857142857142855,increase,False,6
103.0,21,0.5,increase,False,7
85.0,22,5.0,loss,True,8
12.0,22,1.0,increase,False,9
68.0,22,2.0,increase,False,10
108.0,22,-0.26666666666666666,increase,False,11
278.0,23,0.5909090909090909,stable,False,12
182.0,23,0.0,stable,False,13
160.0,24,0.0,stable,False,14
203.0,24,0.0,loss,False,15
92.0,25,-0.14285714285714285,loss,False,16
73.0,25,-0.2857142857142857,loss,False,17
105.0,25,-0.5714285714285714,loss,False,18
35.0,25,-0.3333333333333333,loss,False,19
140.0,26,-0.6,increase,False,20
,20,,increase,,0
89.0,21,,increase,,1
92.0,21,6.5,loss,False,2
144.0,21,0.5,loss,False,3
193.0,22,-0.2,increase,False,4
156.0,22,0.0,stable,False,5
186.0,23,0.0,increase,False,6
149.0,23,0.3333333333333333,increase,False,7
75.0,23,15.666666666666666,stable,True,8
128.0,24,11.5,stable,True,9
176.0,24,0.0,loss,False,10
121.0,25,0.0,loss,False,11
297.0,25,-0.2,loss,False,12
72.0,25,-0.32,loss,False,13
68.0,26,-0.4,stable,False,14
190.0,26,0.0,stable,False,15
95.0,26,0.0,stable,False,16
52.0,27,0.0,increase,False,17
107.0,28,0.0,increase,False,18
63.0,27,0.0,increase,False,19
403.0,28,0.3333333333333333,stable,False,20
182.0,29,0.0,loss,True,21
22.0,29,-0.1,loss,True,22
138.0,29,0.0,loss,True,23
203.0,30,-0.3,loss,False,24
92.0,30,-0.4,loss,False,25
73.0,30,-0.5,loss,False,26
,18,,increase,,0
375.0,18,1.5,stable,False,1
164.0,19,2.5,increase,False,2
36.0,18,-0.1,increase,False,3
81.0,19,2.2,increase,False,4
68.0,19,1.2857142857142858,increase,False,5
100.0,20,3.4444444444444446,stable,True,6
386.0,20,0.1,increase,False,7
97.0,20,1.0,increase,False,8
39.0,21,3.25,stable,True,9
58.0,21,2.8636363636363638,stable,True,10
224.0,22,-0.058823529411764705,increase,False,11
116.0,22,0.4117647058823529,increase,False,12
59.0,22,1.588235294117647,increase,False,13
168.0,22,1.3333333333333333,increase,False,14
136.0,23,0.5909090909090909,loss,False,15
64.0,23,0.14285714285714285,loss,False,16
57.0,24,-0.10714285714285714,stable,False,17
105.0,23,-0.14285714285714285,loss,False,18
,18,,loss,,0
329.0,18,-0.75,increase,False,1
85.0,19,1.0,increase,False,2
394.0,20,0.875,increase,False,3
207.0,21,0.6666666666666666,loss,True,4
71.0,21,0.3333333333333333,increase,True,5
129.0,21,-0.2,increase,False,6
235.0,22,2.0,increase,True,7
45.0,23,8.0,loss,False,8
238.0,22,-0.5,increase,True,9
72.0,23,0.1111111111111111,loss,False,10
231.0,23,-0.2,increase,False,11
3.0,23,0.2,increase,False,12
111.0,24,0.6,increase,False,13
284.0,24,0.5625,loss,False,14
26.0,24,0.0,increase,False,15
81.0,25,0.375,stable,False,16
258.0,25,0.0,increase,False,17
5.0,26,0.36363636363636365,stable,False,18
284.0,26,-0.1,loss,False,19
181.0,27,-0.25925925925925924,loss,True,20
138.0,27,-0.3333333333333333,loss,True,21
211.0,27,-0.16666666666666666,loss,False,22
13.0,28,-0.16666666666666666,loss,True,23
165.0,28,-0.3333333333333333,loss,True,24
,17,,increase,,0
227.0,18,1.0,increase,False,1
80.0,18,0.13333333333333333,increase,False,2
237.0,18,3.1176470588235294,stable,False,3
207.0,19,0.0,stable,False,4
212.0,20,0.0,increase,False,5
107.0,21,0.14285714285714285,stable,False,6
102.0,21,0.14285714285714285,stable,False,7
313.0,21,0.0,increase,False,8
339.0,22,0.25,increase,True,9
116.0,23,0.25,increase,True,10
142.0,23,0.5,increase,False,11
63.0,23,0.5,increase,False,12
176.0,24,0.2,loss,False,13
121.0,24,0.2,loss,False,14
297.0,24,-0.19444444444444445,loss,False,15
72.0,25,-0.3888888888888889,loss,False,16
68.0,25,-0.5,loss,False,17
190.0,26,-0.2222222222222222,loss,False,18
95.0,25,-0.2222222222222222,loss,False,19
81.0,26,-0.3333333333333333,loss,True,20
78.0,27,-0.2857142857142857,stable,True,21
96.0,27,-0.14285714285714285,loss,True,22
370.0,28,-0.16666666666666666,increase,False,23
182.0,28,0.8,stable,False,24
160.0,29,0.8,stable,False,25
203.0,29,0.0,loss,False,26
165.0,30,-0.2222222222222222,loss,False,27
,18,,increase,,0
183.0,18,1.0,increase,False,1
158.0,18,5.0,increase,False,2
7.0,18,11.0,increase,False,3
78.0,19,5.0,increase,False,4
66.0,19,7.0,stable,False,5
15.0,19,7.0,stable,False,6
112.0,20,0.26666666666666666,stable,False,7
337.0,20,0.05263157894736842,loss,False,8
122.0,20,-0.07894736842105263,loss,False,9
70.0,21,-0.25,stable,False,10
197.0,21,0.0,stable,False,11
174.0,22,0.0,stable,False,12
253.0,22,0.0,stable,False,13
,19,,increase,,0
118.0,19,,increase,,1
121.0,20,7.0,increase,False,2
292.0,20,0.25,loss,False,3
5.0,20,-0.1,increase,False,4
70.0,20,0.25,loss,False,5
156.0,21,0.2222222222222222,stable,False,6
141.0,21,-0.12,loss,False,7
139.0,22,0.0,stable,False,8
78.0,22,-0.18181818181818182,increase,True,9
96.0,22,-0.18181818181818182,increase,False,10
370.0,23,0.1111111111111111,stable,True,11
182.0,24,0.0,increase,False,12
160.0,24,0.1,increase,False,13
203.0,25,0.13636363636363635,loss,False,14
165.0,25,0.13636363636363635,loss,False,15
,18,,loss,,0
210.0,18,-0.75,increase,False,1
151.0,19,3.1666666666666665,increase,False,2
10.0,18,1.5,increase,False,3
328.0,19,7.666666666666667,increase,True,4
45.0,19,8.333333333333334,increase,True,5
72.0,20,8.333333333333334,increase,True,6
255.0,20,0.42857142857142855,increase,False,7
79.0,21,1.1428571428571428,stable,False,8
119.0,21,0.35,stable,False,9
101.0,21,-0.1,stable,True,10
297.0,22,-0.09259259259259259,increase,False,11
72.0,22,-0.18518518518518517,increase,False,12
68.0,22,-0.25925925925925924,stable,False,13
139.0,23,0.22727272727272727,stable,False,14
51.0,23,0.1,increase,False,15
95.0,23,0.0,increase,False,16
81.0,23,0.0,loss,False,17
174.0,24,0.35,loss,False,18
91.0,24,-0.18518518518518517,stable,False,19
43.0,24,-0.18518518518518517,stable,False,20
71.0,25,-0.25925925925925924,stable,False,21
77.0,25,-0.09090909090909091,stable,False,22
269.0,25,0.0,stable,True,23
79.0,26,-0.1,increase,True,24
285.0,26,0.1111111111111111,increase,True,25
92.0,27,0.2222222222222222,increase,True,26
73.0,27,0.3888888888888889,increase,True,27
105.0,27,0.75,increase,False,28
35.0,27,0.36363636363636365,increase,False,29
,19,,increase,,0
108.0,19,,increase,,1
69.0,19,,increase,,2
176.0,20,0.3333333333333333,increase,True,3
57.0,21,1.5,stable,True,4
108.0,20,0.5,increase,True,5
112.0,21,0.0,stable,False,6
281.0,21,-0.1,increase,False,7
174.0,22,0.0,increase,True,8
79.0,22,0.7777777777777778,increase,True,9
13.0,22,0.7777777777777778,increase,True,10
113.0,23,1.4,increase,False,11
94.0,23,1.5,increase,False,12
145.0,23,1.0833333333333333,increase,False,13
18.0,23,1.0833333333333333,increase,False,14
,18,,increase,,0
80.0,18,,increase,,1
152.0,18,11.0,increase,False,2
140.0,19,5.0,increase,False,3
107.0,19,0.16666666666666666,increase,False,4
61.0,19,0.5,increase,True,5
93.0,19,0.6666666666666666,increase,True,6
266.0,20,0.6,stable,False,7
24.0,20,0.4,increase,False,8
253.0,21,0.14285714285714285,increase,False,9
,17,,increase,,0
80.0,17,,increase,,1
182.0,17,0.5,increase,False,2
145.0,18,7.0,increase,False,3
190.0,18,2.75,increase,False,4
27.0,18,1.5,increase,False,5
,16,,increase,,0
559.0,18,0.5,increase,False,1
101.0,18,1.0,increase,False,2
82.0,18,0.3333333333333333,increase,False,3
364.0,19,2.0,increase,False,4
290.0,20,1.0,increase,True,5
178.0,21,9.0,increase,True,6
39.0,21,4.833333333333333,increase,False,7
13.0,20,1.5,increase,False,8
94.0,21,4.333333333333333,increase,False,9
195.0,22,0.25,increase,False,10
45.0,21,-0.0625,increase,False,11
71.0,22,2.4375,stable,True,12
26.0,22,0.875,increase,False,13
48.0,22,1.75,stable,True,14
263.0,23,0.0,increase,False,15
122.0,23,0.09090909090909091,increase,False,16
70.0,23,0.36363636363636365,increase,False,17
90.0,24,0.8181818181818182,increase,False,18
107.0,24,0.6666666666666666,increase,False,19
163.0,24,0.35,increase,True,20
165.0,25,0.2,increase,True,21
105.0,25,0.48148148148148145,increase,False,22
35.0,25,0.48148148148148145,increase,False,23
140.0,26,0.3333333333333333,increase,True,24
,19,,loss,,0
361.0,19,-0.2,increase,False,1
10.0,19,0.0,stable,False,2
485.0,20,0.0,increase,True,3
98.0,21,2.0,increase,True,4
118.0,21,3.4,increase,True,5
139.0,21,1.9333333333333333,stable,False,6
225.0,22,0.0,loss,False,7
231.0,22,-0.20454545454545456,loss,False,8
43.0,23,-0.3181818181818182,stable,False,9
183.0,23,0.0,loss,True,10
53.0,24,-0.4666666666666667,loss,True,11
88.0,23,-0.13333333333333333,loss,True,12
139.0,24,-0.375,increase,False,13
78.0,25,-0.3076923076923077,loss,False,14
18.0,24,-0.38461538461538464,loss,False,15
78.0,24,-0.23076923076923078,loss,False,16
370.0,25,-0.3,stable,False,17
182.0,26,0.0,increase,False,18
86.0,26,0.42857142857142855,increase,False,19
74.0,26,1.8571428571428572,stable,False,20
203.0,27,0.0,increase,False,21
92.0,27,0.5,increase,False,22
73.0,27,0.5,stable,False,23
105.0,28,1.0,loss,False,24
35.0,28,0.16666666666666666,stable,False,25
140.0,28,0.0,increase,False,26
,20,,increase,,0
413.0,21,0.875,increase,False,1
5.0,20,0.375,increase,False,2
30.0,20,0.5,increase,False,3
40.0,21,1.5,loss,False,4
156.0,21,0.5,loss,False,5
53.0,22,-0.4,loss,False,6
88.0,22,-0.2,increase,False,7
139.0,22,-0.16666666666666666,increase,False,8
78.0,23,0.125,increase,False,9
96.0,23,0.0,increase,False,10
274.0,23,0.5625,increase,False,11
96.0,24,0.5625,increase,False,12
82.0,24,0.875,stable,False,13
100.0,24,0.4,loss,False,14
86.0,24,0.0,loss,False,15
74.0,24,0.0,loss,False,16
203.0,25,-0.16666666666666666,loss,True,17
92.0,25,-0.26666666666666666,loss,True,18
73.0,26,-0.4,loss,True,19
105.0,26,-0.36,loss,False,20
175.0,27,-0.4444444444444444,increase,False,21
,18,,stable,,0
601.0,19,0.0,increase,True,1
27.0,20,3.0,increase,False,2
244.0,20,0.5,increase,False,3
37.0,20,-0.125,increase,False,4
140.0,21,1.0,increase,False,5
349.0,21,0.25,increase,False,6
19.0,22,0.5,increase,False,7
229.0,23,1.0833333333333333,increase,True,8
7.0,22,0.6666666666666666,increase,True,9
225.0,23,0.75,increase,False,10
144.0,23,2.0,increase,False,11
19.0,24,3.5,increase,True,12
100.0,24,1.5714285714285714,increase,True,13
86.0,24,0.6666666666666666,increase,False,14
74.0,24,1.2222222222222223,stable,False,15
138.0,25,0.2,increase,True,16
145.0,25,0.0,increase,True,17
,17,,stable,,0
274.0,17,0.0,loss,False,1
163.0,18,-0.3333333333333333,stable,False,2
253.0,18,0.0,increase,False,3
324.0,19,2.0,increase,False,4
176.0,20,8.0,increase,True,5
183.0,20,0.3333333333333333,loss,False,6
176.0,21,0.1111111111111111,stable,True,7
188.0,21,-0.1,increase,False,8
194.0,22,1.8888888888888888,loss,True,9
218.0,22,-0.23076923076923078,increase,False,10
17.0,23,1.3076923076923077,stable,False,11
185.0,23,0.0,increase,True,12
122.0,23,0.16666666666666666,stable,True,13
188.0,24,0.0,increase,False,14
159.0,24,0.08571428571428572,increase,False,15
113.0,25,0.2857142857142857,increase,False,16
45.0,25,0.2857142857142857,increase,False,17
130.0,25,0.8421052631578947,increase,False,18
86.0,25,0.7777777777777778,increase,False,19
188.0,26,0.5,increase,False,20
138.0,26,1.25,loss,False,21
211.0,26,-0.16666666666666666,increase,False,22
15.0,27,0.0,stable,True,23
181.0,27,0.0,stable,False,24
,19,,increase,,0
184.0,19,4.333333333333333,stable,False,1
513.0,21,0.0,increase,False,2
389.0,22,0.25,increase,False,3
95.0,22,2.75,increase,True,4
162.0,22,3.0,stable,True,5
479.0,24,0.0,increase,False,6
55.0,24,0.375,increase,False,7
149.0,24,1.0,increase,False,8
178.0,25,0.6363636363636364,increase,False,9
485.0,26,1.2222222222222223,increase,True,10
30.0,27,1.6666666666666667,stable,True,11
329.0,26,0.0,stable,False,12
35.0,28,0.25,loss,False,13
2.0,28,0.25,loss,False,14
238.0,27,-0.2,increase,False,15
171.0,28,0.0,stable,False,16
128.0,29,0.25,stable,False,17
218.0,29,0.0,loss,False,18
116.0,30,0.0,loss,False,19
142.0,30,-0.2,loss,False,20
63.0,30,-0.3333333333333333,loss,False,21
176.0,31,-0.3333333333333333,stable,False,22
324.0,31,0.0,loss,True,23
94.0,32,-0.1875,loss,True,24
70.0,32,-0.4375,loss,False,25
156.0,33,-0.38461538461538464,loss,True,26
141.0,33,-0.3333333333333333,loss,False,27
139.0,33,-0.375,loss,False,28
78.0,34,-0.5,stable,True,29
96.0,34,-0.3333333333333333,loss,False,30
370.0,35,-0.25,loss,True,31
182.0,35,-0.2,stable,False,32
160.0,36,-0.2,stable,False,33
203.0,36,0.0,loss,False,34
165.0,37,-0.16666666666666666,loss,False,35
,18,,increase,,0
245.0,19,149.0,loss,True,1
167.0,18,2.0,increase,False,2
81.0,18,-0.7333333333333333,increase,False,3
140.0,19,82.33333333333333,increase,True,4
133.0,19,10.25,stable,False,5
194.0,20,0.0,loss,False,6
162.0,20,0.0,loss,False,7
65.0,20,-0.1111111111111111,loss,False,8
131.0,21,-0.15555555555555556,loss,False,9
102.0,21,-0.2,stable,False,10
60.0,21,-0.2,stable,False,11
,18,,increase,,0
19.0,18,,increase,,1
205.0,18,2.0,increase,False,2
83.0,18,3.0,stable,False,3
229.0,19,-0.1,loss,False,4
99.0,19,-0.125,loss,False,5
226.0,20,-0.2857142857142857,loss,False,6
124.0,20,-0.5,increase,False,7
61.0,20,-0.3,increase,False,8
41.0,21,-0.4,increase,False,9
5.0,21,-0.1,loss,True,10
41.0,21,-0.4,increase,False,11
179.0,21,-0.1111111111111111,increase,False,12
189.0,22,1.0,increase,False,13
92.0,22,1.5,increase,False,14
111.0,22,0.875,increase,False,15
63.0,22,0.875,increase,False,16
79.0,23,0.8,increase,False,17
220.0,23,0.3888888888888889,increase,False,18
145.0,24,0.5555555555555556,increase,False,19
190.0,24,0.25,loss,True,20
35.0,24,0.25,loss,True,21
140.0,25,-0.10714285714285714,increase,True,22
,20,,stable,,0
63.0,20,,stable,,1
409.0,21,0.0,increase,True,2
178.0,21,1.0,stable,True,3
158.0,22,1.0,stable,True,4
203.0,22,0.0,increase,False,5
165.0,23,0.5,increase,False,6
105.0,23,2.5,increase,False,7
35.0,23,1.5,increase,False,8
140.0,24,6.666666666666667,loss,False,9
,17,,increase,,0
88.0,17,,increase,,1
,18,,increase,,0
190.0,18,4.0,increase,False,1
173.0,19,59.0,stable,False,2
86.0,19,7.0,increase,False,3
65.0,19,11.0,stable,False,4
103.0,20,-0.08333333333333333,increase,False,5
57.0,20,0.875,increase,False,6
108.0,20,0.0,increase,False,7
301.0,21,0.5,stable,False,8
92.0,21,0.5,stable,False,9
174.0,22,0.0,loss,False,10
79.0,22,0.0,loss,False,11
220.0,23,-0.16666666666666666,increase,False,12
145.0,23,-0.16666666666666666,increase,False,13
190.0,24,0.3333333333333333,increase,True,14
175.0,24,1.0,loss,True,15
,17,,increase,,0
139.0,17,,increase,,1
163.0,18,7.0,increase,True,2
256.0,18,0.25,increase,False,3
286.0,19,23.0,increase,False,4
34.0,19,2.2,increase,False,5
33.0,19,7.0,increase,False,6
7.0,19,31.0,stable,False,7
168.0,20,9.0,stable,True,8
,16,,stable,,0
263.0,17,0.0,increase,False,1
84.0,16,0.0,increase,False,2
18.0,17,2.0,increase,False,3
119.0,17,3.0,stable,False,4
103.0,17,0.3333333333333333,stable,False,5
32.0,17,0.0,increase,False,6
151.0,18,0.0,increase,False,7
181.0,18,0.25,increase,False,8
183.0,19,0.2,increase,True,9
167.0,19,0.6,increase,True,10
121.0,20,4.0,increase,True,11
70.0,20,9.0,increase,True,12
90.0,20,17.75,loss,True,13
107.0,20,0.875,stable,False,14
174.0,21,-0.2,stable,False,15
45.0,22,0.0,loss,False,16
208.0,21,-0.2,loss,False,17
,17,,increase,,0
68.0,17,,increase,,1
187.0,18,1.25,loss,False,2
248.0,18,-0.1111111111111111,increase,False,3
22.0,19,0.3333333333333333,increase,False,4
114.0,19,3.4444444444444446,increase,False,5
263.0,19,0.5,increase,False,6
4.0,20,1.25,increase,False,7
334.0,21,0.3333333333333333,loss,False,8
7.0,21,0.1111111111111111,loss,False,9
218.0,21,-0.2,stable,True,10
98.0,21,-0.3,increase,True,11
105.0,22,0.0,increase,True,12
70.0,22,0.5,increase,True,13
90.0,22,1.2857142857142858,increase,True,14
107.0,22,0.3333333333333333,increase,False,15
163.0,23,0.25,stable,True,16
165.0,23,0.25,loss,True,17
105.0,24,0.0,loss,False,18
,18,,increase,,0
156.0,19,,increase,,1
121.0,19,31.0,increase,False,2
106.0,19,2.0,increase,False,3
297.0,20,0.3333333333333333,stable,False,4
30.0,20,0.4666666666666667,stable,False,5
42.0,20,0.4666666666666667,stable,False,6
68.0,20,0.3333333333333333,stable,False,7
190.0,21,0.1,stable,False,8
95.0,21,0.0,stable,False,9
81.0,21,0.1,loss,False,10
174.0,22,0.1,loss,False,11
91.0,22,-0.18181818181818182,loss,False,12
43.0,22,-0.18181818181818182,stable,False,13
71.0,23,-0.2727272727272727,increase,False,14
77.0,23,-0.1111111111111111,increase,False,15
270.0,23,0.125,loss,True,16
160.0,24,0.0,stable,True,17
203.0,24,0.0,loss,False,18
95.0,25,-0.25,loss,True,19
142.0,25,-0.6875,loss,True,20
27.0,25,-0.625,loss,True,21
36.0,25,-0.6666666666666666,loss,True,22
,18,,stable,,0
1214.0,22,0.0,increase,True,1
531.0,24,0.6666666666666666,increase,True,2
48.0,23,0.0,increase,True,3
318.0,25,5.666666666666667,loss,False,4
238.0,24,-0.25,increase,False,5
171.0,25,0.25,increase,False,6
128.0,26,2.3333333333333335,stable,False,7
218.0,26,0.0,stable,False,8
116.0,27,0.0,stable,False,9
205.0,27,0.0,increase,False,10
176.0,28,0.4,stable,False,11
121.0,28,0.8,loss,False,12
297.0,28,-0.2222222222222222,loss,False,13
72.0,29,-0.4444444444444444,loss,False,14
258.0,30,-0.3,loss,False,15
95.0,29,-0.2,loss,False,16
52.0,30,-0.6,loss,False,17
107.0,31,-0.5714285714285714,loss,False,18
63.0,31,-0.625,loss,False,19
403.0,32,-0.2,loss,False,20
182.0,32,-0.16666666666666666,stable,False,21
160.0,33,-0.16666666666666666,stable,False,22
203.0,33,0.0,loss,False,23
165.0,34,-0.25,loss,False,24
,17,,increase,,0
347.0,17,1.0,increase,False,1
148.0,18,15.0,stable,False,2
12.0,18,9.0,increase,False,3
257.0,19,0.6,increase,False,4
191.0,19,0.25,increase,False,5
122.0,19,4.625,increase,False,6
142.0,20,12.0,stable,True,7
225.0,20,0.0,loss,False,8
231.0,21,-0.11538461538461539,increase,False,9
3.0,21,0.07692307692307693,increase,False,10
40.0,21,0.23076923076923078,increase,False,11
355.0,22,0.25,loss,False,12
26.0,21,0.25,loss,False,13
81.0,22,0.25,loss,False,14
79.0,23,-0.15,increase,True,15
13.0,23,-0.15,increase,False,16
166.0,23,-0.15,increase,False,17
191.0,24,0.17647058823529413,stable,True,18
96.0,24,0.058823529411764705,stable,True,19
82.0,24,0.17647058823529413,loss,True,20
100.0,24,0.0,loss,True,21
160.0,25,-0.25,stable,False,22
203.0,25,0.0,increase,False,23
92.0,26,0.2,increase,False,24
73.0,26,0.2,increase,False,25
,20,,stable,,0
,17,,increase,,0
52.0,18,,increase,,1
170.0,18,15.0,increase,True,2
124.0,19,19.0,increase,False,3
43.0,19,22.333333333333332,increase,False,4
71.0,19,24.0,stable,False,5
77.0,19,1.3333333333333333,increase,False,6
270.0,20,0.42857142857142855,stable,True,7
160.0,20,0.42857142857142855,stable,True,8
203.0,21,0.0,increase,False,9
165.0,21,0.0,increase,False,10
105.0,22,0.5,increase,False,11
35.0,22,0.25,increase,False,12
140.0,22,1.5,loss,False,13
,18,,stable,,0
214.0,19,0.0,increase,False,1
156.0,19,15.666666666666666,increase,False,2
43.0,19,32.333333333333336,increase,False,3
33.0,20,52.333333333333336,increase,False,4
206.0,20,0.5,stable,True,5
,17,,increase,,0
118.0,18,,increase,,1
212.0,18,0.5,increase,False,2
106.0,19,4.0,stable,True,3
103.0,19,1.6666666666666667,increase,False,4
306.0,20,0.25,increase,True,5
128.0,20,0.5,stable,True,6
218.0,20,0.0,increase,False,7
50.0,21,1.5,increase,False,8
66.0,21,2.3333333333333335,stable,False,9
205.0,21,0.0,stable,False,10
176.0,22,0.0,loss,False,11
121.0,22,0.0,loss,False,12
292.0,23,-0.4,loss,False,13
5.0,23,-0.2,loss,False,14
72.0,23,-0.5,stable,False,15
258.0,24,-0.1,increase,False,16
95.0,24,0.0,stable,False,17
52.0,24,-0.1,increase,False,18
107.0,25,0.1111111111111111,stable,False,19
63.0,25,-0.1,increase,False,20
403.0,26,0.1111111111111111,stable,False,21
182.0,26,0.0,increase,False,22
160.0,27,0.2,increase,False,23
203.0,27,0.16666666666666666,stable,False,24
92.0,28,0.25,loss,False,25
73.0,28,0.25,loss,False,26
,18,,increase,,0
187.0,18,1.0,increase,False,1
178.0,19,9.0,increase,False,2
336.0,20,1.4,stable,False,3
583.0,21,0.0,increase,True,4
413.0,23,0.16666666666666666,increase,False,5
127.0,23,0.4166666666666667,increase,True,6
205.0,23,0.47058823529411764,increase,False,7
172.0,24,3.411764705882353,increase,False,8
256.0,24,0.6,increase,False,9
80.0,25,0.7333333333333333,increase,False,10
14.0,25,0.28,increase,False,11
167.0,25,0.38461538461538464,stable,False,12
130.0,26,0.4583333333333333,increase,False,13
180.0,26,0.2857142857142857,increase,True,14
107.0,27,0.2857142857142857,increase,True,15
63.0,27,0.2857142857142857,increase,True,16
403.0,28,0.1111111111111111,increase,False,17
182.0,28,0.2,stable,False,18
160.0,29,0.2,stable,False,19
203.0,29,0.0,loss,False,20
165.0,30,-0.16666666666666666,loss,False,21
,19,,increase,,0
156.0,19,,increase,,1
121.0,20,5.0,increase,False,2
244.0,20,0.3333333333333333,increase,False,3
159.0,21,0.2,increase,False,4
72.0,21,0.25,increase,False,5
258.0,22,0.2,increase,False,6
95.0,21,0.2,increase,False,7
52.0,22,0.4,increase,False,8
107.0,23,4.0,loss,True,9
63.0,23,0.5,increase,False,10
125.0,23,-0.3333333333333333,increase,False,11
278.0,24,0.7,stable,False,12
182.0,24,0.0,increase,False,13
86.0,24,0.17647058823529413,stable,False,14
74.0,25,0.17647058823529413,stable,False,15
203.0,25,0.0,stable,False,16
165.0,26,-0.1,increase,False,17
105.0,26,0.0,increase,False,18
175.0,27,0.3888888888888889,stable,False,19
,17,,increase,,0
154.0,18,,increase,,1
195.0,18,1.5,increase,False,2
323.0,19,1.0,increase,False,3
14.0,19,1.6666666666666667,increase,True,4
168.0,20,0.3333333333333333,increase,True,5
65.0,20,0.15,stable,False,6
124.0,20,0.25,stable,False,7
236.0,20,-0.1,loss,False,8
21.0,21,-0.2,loss,False,9
218.0,21,-0.3,increase,True,10
159.0,22,-0.3,stable,True,11
26.0,21,0.2857142857142857,loss,False,12
75.0,22,0.0,stable,True,13
97.0,22,0.07142857142857142,loss,True,14
68.0,23,-0.16666666666666666,loss,True,15
42.0,23,0.0,loss,True,16
255.0,23,-0.14285714285714285,stable,False,17
82.0,24,0.0,loss,False,18
189.0,24,-0.21428571428571427,increase,True,19
160.0,25,0.0,increase,True,20
203.0,25,0.5714285714285714,increase,False,21
92.0,25,1.5,loss,False,22
73.0,26,1.5,loss,False,23
105.0,26,0.45454545454545453,stable,False,24
175.0,27,-0.2857142857142857,increase,False,25
,19,,increase,,0
83.0,19,,increase,,1
85.0,19,,increase,,2
243.0,20,0.6666666666666666,increase,False,3
226.0,21,11.0,increase,False,4
15.0,21,17.0,increase,True,5
116.0,20,9.0,increase,False,6
49.0,21,1.0,stable,True,7
258.0,22,0.0,increase,False,8
5.0,22,0.0,increase,False,9
199.0,22,0.25,increase,False,10
85.0,23,0.6666666666666666,increase,False,11
118.0,23,0.6666666666666666,increase,False,12
57.0,23,0.6666666666666666,loss,False,13
167.0,24,0.2,loss,False,14
205.0,24,-0.26666666666666666,stable,False,15
137.0,25,-0.4,increase,False,16
,16,,increase,,0
110.0,17,,increase,,1
137.0,17,1.6666666666666667,increase,False,2
81.0,17,0.5,increase,False,3
87.0,18,1.5,increase,False,4
15.0,18,0.75,increase,False,5
182.0,18,0.8571428571428571,increase,False,6
42.0,19,1.5714285714285714,increase,False,7
28.0,18,1.0,increase,False,8
128.0,19,0.9230769230769231,increase,False,9
145.0,19,3.2857142857142856,loss,True,10
,17,,increase,,0
19.0,17,,stable,,1
100.0,18,,stable,,2
160.0,18,0.0,stable,False,3
217.0,19,0.0,increase,True,4
88.0,19,0.4,increase,True,5
60.0,19,0.4,stable,True,6
108.0,20,0.8,loss,True,7
35.0,19,0.2857142857142857,loss,True,8
140.0,20,0.07142857142857142,stable,True,9
,20,,increase,,0
162.0,20,,increase,,1
167.0,21,35.0,increase,True,2
65.0,21,1.0,increase,True,3
63.0,21,1.4,increase,True,4
135.0,21,1.0,stable,False,5
41.0,21,2.0,loss,False,6
121.0,22,1.5,loss,False,7
292.0,23,-0.3333333333333333,loss,False,8
5.0,22,-0.2,loss,False,9
72.0,23,-0.4,loss,False,10
222.0,23,-0.1111111111111111,stable,False,11
131.0,23,0.0,loss,False,12
52.0,24,0.0,loss,False,13
107.0,25,-0.125,loss,False,14
63.0,24,-0.1111111111111111,loss,False,15
307.0,25,-0.25,loss,False,16
96.0,25,-0.25,loss,False,17
182.0,26,-0.25,stable,False,18
157.0,26,-0.3333333333333333,increase,True,19
206.0,27,0.125,increase,True,20
92.0,27,0.5,stable,True,21
73.0,27,0.25,increase,True,22
105.0,28,0.3333333333333333,increase,False,23
35.0,28,0.0,increase,False,24
140.0,28,0.2,increase,False,25
,17,,increase,,0
111.0,17,,increase,,1
63.0,17,,stable,,2
79.0,17,36.5,stable,True,3
4.0,18,24.0,increase,True,4
33.0,18,24.0,increase,True,5
300.0,18,0.5,increase,False,6
218.0,19,0.4666666666666667,increase,True,7
82.0,18,-0.2,increase,False,8
93.0,19,3.6666666666666665,loss,True,9
,20,,increase,,0
42.0,20,,increase,,1
85.0,20,,increase,,2
166.0,20,79.0,increase,False,3
36.0,20,0.6666666666666666,stable,True,4
141.0,21,0.6666666666666666,increase,True,5
113.0,21,0.0,increase,False,6
220.0,22,0.2,increase,False,7
15.0,23,1.9333333333333333,stable,False,8
140.0,22,1.9333333333333333,stable,False,9
125.0,22,-0.09090909090909091,stable,False,10
256.0,23,0.1,increase,False,11
194.0,24,0.13636363636363635,increase,False,12
162.0,24,0.5909090909090909,stable,False,13
58.0,24,0.2,increase,False,14
135.0,25,0.0,increase,True,15
165.0,25,0.16666666666666666,stable,True,16
105.0,26,0.14285714285714285,loss,False,17
35.0,26,0.14285714285714285,loss,False,18
140.0,26,0.0,stable,False,19
,17,,increase,,0
100.0,17,,increase,,1
183.0,18,0.25,increase,False,2
50.0,18,4.0,increase,False,3
34.0,18,14.0,loss,False,4
82.0,18,14.0,loss,False,5
122.0,19,-0.3333333333333333,loss,False,6
68.0,19,-0.4166666666666667,stable,False,7
187.0,19,0.0,loss,False,8
186.0,20,-0.14285714285714285,loss,True,9
45.0,21,0.14285714285714285,loss,True,10
39.0,20,-0.2857142857142857,increase,True,11
169.0,20,-0.375,increase,True,12
,17,,stable,,0
280.0,18,0.0,stable,True,1
167.0,19,0.0,stable,True,2
71.0,19,0.0,stable,False,3
347.0,20,0.0,increase,False,4
160.0,20,0.0,increase,False,5
217.0,21,0.2,increase,True,6
72.0,22,3.0,increase,True,7
6.0,21,3.0,increase,True,8
73.0,21,3.0,increase,True,9
,16,,increase,,0
218.0,17,0.5,increase,False,1
399.0,18,0.3333333333333333,increase,False,2
151.0,18,3.0,stable,False,3
199.0,19,0.0,stable,False,4
165.0,19,0.0,stable,False,5
338.0,20,-0.08333333333333333,increase,False,6
26.0,20,-0.16666666666666666,increase,False,7
118.0,21,1.5,increase,True,8
57.0,21,2.6363636363636362,increase,True,9
94.0,21,7.0,increase,True,10
15.0,21,9.0,increase,True,11
195.0,22,1.8,increase,True,12
61.0,22,2.6,increase,True,13
97.0,22,4.6,increase,True,14
84.0,22,1.2222222222222223,stable,False,15
189.0,23,0.0,increase,False,16
,20,,increase,,0
55.0,20,,increase,,1
202.0,21,2.3333333333333335,increase,True,2
503.0,22,1.0,increase,False,3
331.0,22,0.5,loss,False,4
6.0,23,0.5,loss,True,5
228.0,24,-0.3333333333333333,increase,False,6
7.0,23,-0.2,stable,False,7
367.0,24,0.0,stable,False,8
13.0,25,0.0,stable,False,9
190.0,25,0.0,increase,False,10
136.0,26,0.0,increase,False,11
225.0,26,0.6666666666666666,increase,True,12
69.0,27,1.9166666666666667,increase,True,13
254.0,27,0.14285714285714285,increase,False,14
22.0,27,0.0,increase,False,15
343.0,28,0.2857142857142857,increase,False,16
12.0,28,0.7142857142857143,stable,False,17
230.0,29,-0.08333333333333333,stable,False,18
71.0,29,-0.08333333333333333,stable,False,19
50.0,29,0.16666666666666666,loss,False,20
175.0,30,-0.09090909090909091,stable,False,21
203.0,30,0.0,loss,True,22
57.0,31,-0.2,loss,True,23
108.0,31,-0.1,loss,True,24
393.0,32,-0.2222222222222222,increase,False,25
174.0,32,-0.2222222222222222,stable,False,26
79.0,33,0.14285714285714285,loss,False,27
13.0,33,0.14285714285714285,loss,False,28
207.0,33,-0.125,loss,False,29
145.0,34,-0.25,loss,False,30
,19,,stable,,0
214.0,19,0.0,stable,True,1
65.0,20,0.0,stable,True,2
189.0,20,0.0,stable,False,3
,17,,stable,,0
314.0,18,-0.08,increase,False,1
70.0,18,-0.08,increase,False,2
355.0,19,0.30434782608695654,increase,True,3
222.0,20,1.3333333333333333,increase,True,4
19.0,19,0.0,increase,True,5
105.0,20,2.3333333333333335,increase,True,6
43.0,20,3.3333333333333335,increase,True,7
71.0,21,5.666666666666667,increase,True,8
77.0,21,0.5,increase,False,9
258.0,21,0.6666666666666666,stable,True,10
14.0,21,0.4666666666666667,increase,True,11
155.0,22,0.4666666666666667,increase,True,12
206.0,22,0.13636363636363635,loss,False,13
86.0,23,-0.09090909090909091,stable,False,14
79.0,23,0.0,stable,False,15
,19,,increase,,0
66.0,19,,stable,,1
98.0,20,,increase,,2
93.0,20,0.0,increase,False,3
240.0,20,0.6666666666666666,stable,False,4
180.0,21,0.0,increase,False,5
109.0,21,2.0,increase,True,6
125.0,22,4.0,increase,True,7
130.0,22,1.6666666666666667,increase,False,8
102.0,22,1.4,increase,True,9
72.0,22,5.0,increase,True,10
135.0,23,2.3333333333333335,increase,False,11
81.0,23,1.0,increase,False,12
12.0,23,0.06666666666666667,increase,False,13
6.0,23,1.0,increase,False,14
105.0,23,1.0,increase,False,15
159.0,23,0.6666666666666666,stable,False,16
30.0,24,0.25,stable,False,17
213.0,24,0.0,stable,False,18
66.0,25,0.0,stable,False,19
127.0,25,0.0,stable,False,20
255.0,26,-0.1,stable,False,21
82.0,26,-0.1,stable,False,22
189.0,26,0.0,stable,True,23
160.0,27,0.0,stable,True,24
203.0,27,0.0,loss,False,25
92.0,28,-0.1111111111111111,loss,False,26
73.0,28,-0.28888888888888886,loss,False,27
105.0,28,-0.4444444444444444,loss,False,28
35.0,28,-0.25,loss,False,29
140.0,29,-0.375,stable,False,30
,19,,increase,,0
81.0,19,,increase,,1
108.0,20,15.666666666666666,increase,False,2
,16,,increase,,0
463.0,18,1.0,increase,True,1
304.0,19,2.3333333333333335,increase,False,2
193.0,19,1.0,increase,False,3
321.0,20,0.5,increase,True,4
364.0,21,4.333333333333333,increase,False,5
49.0,21,0.6666666666666666,increase,False,6
156.0,22,0.5,increase,False,7
208.0,22,0.5,increase,False,8
124.0,22,0.8333333333333334,increase,False,9
220.0,23,0.13636363636363635,stable,True,10
116.0,23,0.13636363636363635,stable,True,11
205.0,24,0.0,increase,False,12
135.0,24,0.4,loss,False,13
41.0,24,0.4,loss,False,14
121.0,25,0.4,loss,False,15
297.0,25,-0.2,loss,False,16
70.0,26,-0.3142857142857143,stable,False,17
156.0,26,-0.14285714285714285,stable,False,18
74.0,26,0.0,stable,False,19
206.0,27,0.0,loss,False,20
78.0,28,-0.375,increase,False,21
96.0,27,-0.08333333333333333,loss,False,22
92.0,28,0.2,stable,False,23
278.0,28,0.0,stable,False,24
182.0,29,0.0,loss,False,25
86.0,29,-0.16666666666666666,loss,False,26
74.0,29,-0.16666666666666666,loss,False,27
203.0,30,-0.3333333333333333,loss,False,28
165.0,30,-0.4666666666666667,loss,False,29
,19,,increase,,0
596.0,20,11.0,increase,False,1
24.0,21,59.0,increase,False,2
135.0,22,239.0,stable,True,3
48.0,21,1.0,increase,False,4
318.0,23,1.0,stable,True,5
238.0,22,0.0,loss,False,6
171.0,23,-0.16666666666666666,loss,False,7
128.0,24,-0.16666666666666666,loss,False,8
218.0,24,-0.2,loss,False,9
116.0,25,-0.2,loss,False,10
205.0,25,-0.125,increase,False,11
176.0,26,0.25,increase,False,12
121.0,26,7.0,loss,True,13
58.0,26,4.142857142857143,increase,True,14
239.0,27,0.25,increase,False,15
70.0,27,0.5,increase,False,16
156.0,28,0.2,increase,False,17
71.0,28,0.1111111111111111,stable,False,18
209.0,28,0.06666666666666667,loss,False,19
78.0,29,-0.16666666666666666,loss,False,20
96.0,29,0.0,loss,False,21
370.0,30,-0.26666666666666666,loss,False,22
182.0,30,-0.2727272727272727,loss,False,23
22.0,31,-0.5454545454545454,loss,False,24
138.0,31,-0.4090909090909091,loss,False,25
203.0,31,-0.38461538461538464,loss,False,26
92.0,32,-0.5384615384615384,loss,False,27
73.0,32,-0.6153846153846154,loss,False,28
,19,,increase,,0
170.0,20,,increase,,1
124.0,20,6.0,increase,True,2
43.0,20,8.0,increase,True,3
71.0,21,1.4,increase,True,4
247.0,21,0.6666666666666666,increase,True,5
100.0,21,0.6666666666666666,increase,True,6
99.0,22,0.5,stable,True,7
63.0,22,1.0,loss,True,8
201.0,22,-0.2,loss,True,9
92.0,23,-0.3,loss,True,10
73.0,23,-0.3,stable,True,11
105.0,23,-0.21875,increase,False,12
35.0,23,-0.10714285714285714,increase,False,13
140.0,24,0.07142857142857142,stable,False,14
,18,,increase,,0
61.0,18,,increase,,1
67.0,18,,stable,,2
297.0,19,0.0,stable,True,3
190.0,19,0.0,increase,False,4
128.0,20,0.0,increase,True,5
216.0,20,1.0,increase,False,6
148.0,21,3.5,increase,False,7
40.0,21,2.75,increase,False,8
138.0,21,4.0,stable,False,9
226.0,22,0.0,loss,False,10
181.0,22,-0.2,increase,False,11
,19,,increase,,0
415.0,19,9.0,stable,False,1
203.0,20,0.0,increase,False,2
371.0,21,0.6666666666666666,increase,False,3
156.0,21,1.6666666666666667,increase,False,4
121.0,21,0.6,increase,False,5
244.0,22,0.5,increase,False,6
159.0,22,0.2,increase,False,7
70.0,23,1.0,increase,True,8
156.0,23,3.1666666666666665,stable,True,9
141.0,23,0.8333333333333334,stable,False,10
139.0,24,0.1,increase,False,11
78.0,25,0.0,increase,False,12
96.0,24,0.13636363636363635,stable,False,13
370.0,25,0.0,increase,False,14
182.0,26,0.12,stable,False,15
160.0,26,0.12,stable,False,16
203.0,27,0.0,loss,False,17
165.0,27,-0.10714285714285714,loss,False,18
,20,,increase,,0
142.0,20,,increase,,1
63.0,21,9.0,increase,False,2
135.0,21,4.0,increase,False,3
41.0,21,6.0,increase,False,4
121.0,22,3.0,stable,True,5
58.0,21,0.6,stable,True,6
234.0,22,0.0,stable,False,7
5.0,22,-0.2,increase,False,8
70.0,22,0.0,stable,False,9
156.0,23,0.25,stable,False,10
141.0,23,0.0,loss,False,11
139.0,24,-0.05,loss,False,12
78.0,24,-0.55,stable,False,13
18.0,24,-0.25,loss,False,14
78.0,24,-0.375,loss,False,15
92.0,24,0.0,increase,False,16
182.0,25,0.2222222222222222,stable,False,17
96.0,25,0.3888888888888889,loss,False,18
182.0,26,-0.2,stable,False,19
160.0,26,-0.2,stable,False,20
203.0,27,0.1,stable,True,21
165.0,27,0.2,loss,True,22
,18,,increase,,0
126.0,19,,increase,,1
210.0,19,1.0,increase,False,2
47.0,19,0.0,increase,False,3
8.0,20,3.0,increase,True,4
128.0,20,1.6666666666666667,increase,True,5
85.0,21,4.833333333333333,loss,True,6
12.0,20,0.6666666666666666,increase,False,7
68.0,20,0.6666666666666666,increase,False,8
108.0,21,-0.14285714285714285,increase,False,9
182.0,21,0.4,increase,False,10
96.0,21,0.5,increase,False,11
82.0,22,0.6666666666666666,stable,False,12
100.0,22,0.1111111111111111,stable,False,13
22.0,23,0.2222222222222222,stable,True,14
138.0,22,0.0,stable,False,15
203.0,23,0.1,loss,True,16
165.0,23,0.0,stable,True,17
105.0,24,-0.23636363636363636,stable,False,18
35.0,24,-0.23636363636363636,stable,False,19
140.0,24,-0.1,stable,False,20
,17,,increase,,0
45.0,18,,increase,,1
72.0,18,,increase,,2
201.0,18,1.8571428571428572,increase,False,3
54.0,19,1.8571428571428572,increase,False,4
79.0,19,4.142857142857143,increase,False,5
119.0,19,0.5,increase,False,6
169.0,20,0.3888888888888889,stable,False,7
85.0,20,1.0,stable,False,8
144.0,20,0.08,increase,False,9
72.0,20,0.06666666666666667,loss,False,10
173.0,21,0.37037037037037035,loss,False,11
126.0,21,-0.125,loss,False,12
25.0,21,0.15625,loss,False,13
103.0,22,-0.32432432432432434,increase,False,14
85.0,22,-0.32432432432432434,increase,True,15
80.0,22,-0.32432432432432434,increase,False,16
386.0,23,0.2,increase,True,17
182.0,24,0.26666666666666666,stable,False,18
160.0,24,0.26666666666666666,stable,False,19
203.0,25,0.0,stable,False,20
165.0,25,0.05263157894736842,stable,False,21
,17,,increase,,0
358.0,18,0.5,increase,True,1
419.0,19,0.5,stable,True,2
237.0,19,0.0,stable,False,3
355.0,20,0.0,increase,True,4
92.0,21,10.11111111111111,increase,True,5
73.0,21,12.333333333333334,increase,True,6
105.0,21,25.666666666666668,increase,False,7
35.0,21,1.0,increase,False,8
140.0,22,2.0,loss,False,9
,20,,increase,,0
97.0,19,,increase,,1
106.0,20,0.42857142857142855,increase,False,2
169.0,21,17.0,increase,True,3
76.0,21,1.0,increase,False,4
87.0,21,2.0,increase,False,5
218.0,22,0.2,increase,True,6
82.0,22,0.4666666666666667,increase,True,7
100.0,22,0.2222222222222222,increase,False,8
22.0,23,1.2222222222222223,stable,False,9
64.0,23,0.2727272727272727,increase,False,10
74.0,23,0.5909090909090909,increase,False,11
203.0,23,0.14285714285714285,stable,False,12
165.0,24,0.14285714285714285,stable,False,13
105.0,24,0.0,loss,False,14
175.0,25,0.0,loss,False,15
,18,,increase,,0
177.0,18,,increase,,1
187.0,19,0.3333333333333333,increase,False,2
147.0,19,0.5,increase,False,3
494.0,21,0.1111111111111111,stable,True,4
366.0,22,0.1,increase,False,5
503.0,23,1.2727272727272727,increase,False,6
127.0,23,2.1818181818181817,increase,True,7
47.0,23,4.454545454545454,increase,True,8
156.0,24,1.0,increase,False,9
121.0,24,1.1666666666666667,increase,False,10
106.0,25,4.714285714285714,loss,False,11
297.0,25,-0.2,increase,False,12
70.0,25,-0.2,increase,False,13
65.0,26,0.0,increase,False,14
91.0,26,0.75,stable,False,15
71.0,26,0.875,stable,False,16
209.0,27,0.0,stable,False,17
78.0,28,0.0,stable,False,18
96.0,27,0.06666666666666667,loss,False,19
274.0,28,-0.15625,increase,False,20
96.0,28,-0.15625,increase,False,21
182.0,29,0.1111111111111111,loss,False,22
160.0,29,0.1111111111111111,loss,False,23
203.0,30,-0.23333333333333334,loss,False,24
92.0,30,-0.4,loss,False,25
73.0,30,-0.4666666666666667,loss,False,26
,17,,increase,,0
111.0,17,,increase,,1
218.0,17,2.5,increase,False,2
89.0,18,3.5,increase,False,3
465.0,19,0.6666666666666666,increase,True,4
92.0,20,0.6666666666666666,increase,True,5
85.0,19,0.6666666666666666,increase,True,6
197.0,20,0.3333333333333333,increase,False,7
122.0,21,0.7333333333333333,increase,False,8
158.0,21,0.5,increase,False,9
243.0,22,0.3333333333333333,increase,False,10
89.0,22,0.5333333333333333,increase,False,11
13.0,22,0.2,increase,False,12
179.0,22,0.7391304347826086,stable,False,13
129.0,23,1.2222222222222223,stable,False,14
226.0,23,0.0,increase,True,15
139.0,24,0.25,stable,True,16
28.0,24,0.25,stable,True,17
197.0,24,0.0,loss,False,18
231.0,25,-0.2,increase,False,19
3.0,25,0.0,increase,False,20
40.0,25,0.2,increase,False,21
112.0,26,0.4,stable,False,22
269.0,26,0.0,stable,False,23
81.0,26,0.0,stable,False,24
258.0,27,-0.07142857142857142,loss,False,25
5.0,27,-0.07142857142857142,loss,False,26
284.0,28,-0.3076923076923077,loss,False,27
175.0,28,-0.38461538461538464,loss,False,28
104.0,29,-0.3333333333333333,loss,False,29
63.0,29,-0.3333333333333333,loss,False,30
104.0,29,-0.45,stable,False,31
101.0,29,-0.26666666666666666,loss,False,32
137.0,30,0.0,loss,False,33
,17,,increase,,0
152.0,17,,increase,,1
199.0,18,14.0,stable,False,2
70.0,18,14.0,increase,False,3
158.0,19,0.0,increase,False,4
223.0,19,0.3333333333333333,increase,False,5
119.0,20,1.4444444444444444,increase,False,6
327.0,20,0.36363636363636365,stable,False,7
30.0,21,0.45454545454545453,stable,False,8
329.0,21,0.0,increase,False,9
35.0,22,0.375,stable,False,10
2.0,22,0.375,stable,False,11
238.0,22,-0.045454545454545456,increase,False,12
171.0,23,0.0,increase,False,13
128.0,23,0.19047619047619047,stable,False,14
218.0,24,0.0,stable,False,15
116.0,24,0.0,stable,True,16
205.0,25,0.0,stable,False,17
135.0,25,0.12,loss,False,18
41.0,25,0.2,loss,False,19
121.0,26,0.08,loss,False,20
297.0,26,-0.2037037037037037,stable,False,21
70.0,26,-0.2037037037037037,loss,True,22
156.0,27,-0.06976744186046512,loss,True,23
53.0,27,-0.20930232558139536,loss,True,24
88.0,27,-0.06976744186046512,loss,True,25
139.0,28,-0.23529411764705882,loss,False,26
50.0,28,-0.5,stable,True,27
124.0,28,-0.4,loss,False,28
285.0,29,-0.25,loss,True,29
92.0,29,-0.5,increase,True,30
75.0,29,-0.625,increase,True,31
100.0,30,-0.2222222222222222,increase,True,32
86.0,30,0.7777777777777778,stable,False,33
74.0,30,0.7777777777777778,stable,False,34
203.0,31,0.0,loss,True,35
165.0,31,-0.25,loss,True,36
,17,,stable,,0
323.0,18,0.0,increase,False,1
257.0,18,4.0,increase,True,2
57.0,18,0.6666666666666666,increase,False,3
44.0,19,4.0,increase,True,4
137.0,19,31.0,increase,True,5
161.0,20,19.0,increase,False,6
66.0,20,2.75,increase,False,7
,18,,increase,,0
155.0,19,,increase,,1
144.0,19,0.25,stable,False,2
193.0,20,0.0,increase,False,3
156.0,20,0.0,increase,False,4
186.0,21,4.0,increase,True,5
149.0,21,4.0,increase,True,6
394.0,22,2.2,increase,True,7
106.0,22,6.2,loss,True,8
58.0,22,6.2,loss,True,9
239.0,23,-0.19444444444444445,increase,False,10
72.0,23,-0.2777777777777778,increase,False,11
68.0,23,-0.1111111111111111,increase,False,12
190.0,24,1.1875,loss,False,13
95.0,24,0.375,increase,False,14
81.0,24,1.1875,loss,True,15
78.0,25,-0.2,stable,True,16
96.0,25,0.45454545454545453,loss,True,17
370.0,26,-0.125,loss,False,18
182.0,26,-0.21428571428571427,loss,False,19
22.0,27,-0.2857142857142857,stable,False,20
138.0,27,-0.21428571428571427,loss,False,21
203.0,27,-0.18181818181818182,stable,False,22
141.0,28,-0.3181818181818182,stable,True,23
,18,,increase,,0
63.0,18,,loss,,1
188.0,18,-0.2,increase,False,2
182.0,18,5.25,increase,False,3
96.0,18,5.25,increase,False,4
182.0,19,0.2,increase,False,5
22.0,20,1.0,stable,False,6
64.0,19,0.6,increase,False,7
74.0,19,0.8,increase,False,8
203.0,20,0.1111111111111111,stable,False,9
92.0,20,0.0,loss,False,10
73.0,20,0.0,loss,False,11
105.0,21,-0.1,loss,True,12
175.0,21,-0.37777777777777777,increase,True,13
,18,,increase,,0
43.0,19,,stable,,1
,16,,increase,,0
94.0,16,,increase,,1
145.0,17,0.5,increase,False,2
,18,,increase,,0
15.0,18,,increase,,1
224.0,19,49.0,increase,True,2
28.0,19,9.0,increase,True,3
128.0,19,79.0,increase,True,4
145.0,20,9.0,stable,True,5
,19,,increase,,0
318.0,20,2.0,stable,False,1
38.0,19,3.0,increase,False,2
151.0,20,0.0,increase,True,3
81.0,20,0.25,increase,True,4
100.0,21,2.3333333333333335,increase,False,5
12.0,21,49.0,increase,True,6
74.0,21,19.0,increase,True,7
263.0,21,2.0,increase,False,8
89.0,22,2.5,stable,True,9
100.0,22,0.16666666666666666,increase,True,10
22.0,23,0.3333333333333333,increase,True,11
138.0,22,0.0,increase,False,12
203.0,23,0.5714285714285714,loss,False,13
165.0,23,0.42857142857142855,stable,False,14
,18,,increase,,0
415.0,19,4.0,increase,False,1
121.0,19,7.0,increase,True,2
117.0,20,1.0,stable,True,3
101.0,20,0.25,increase,True,4
116.0,20,0.0,increase,False,5
275.0,21,0.5,increase,True,6
106.0,21,1.0,increase,True,7
121.0,22,2.3333333333333335,loss,True,8
58.0,21,1.1333333333333333,increase,True,9
239.0,22,0.25,stable,False,10
70.0,23,0.25,stable,False,11
156.0,23,0.0,stable,False,12
141.0,23,-0.05,increase,False,13
144.0,24,-0.05,increase,True,14
77.0,24,0.18421052631578946,stable,True,15
113.0,24,0.3157894736842105,loss,False,16
128.0,25,0.0,loss,False,17
216.0,25,-0.1111111111111111,loss,False,18
148.0,26,-0.2222222222222222,loss,False,19
40.0,26,-0.125,loss,False,20
138.0,26,-0.25,loss,False,21
165.0,27,-0.2857142857142857,loss,True,22
61.0,27,-0.3333333333333333,loss,True,23
97.0,27,-0.5,stable,True,24
84.0,27,-0.25,stable,False,25
183.0,28,-0.06666666666666667,increase,True,26
79.0,28,0.2,increase,True,27
,16,,increase,,0
117.0,16,,increase,,1
,20,,stable,,0
185.0,20,0.0,loss,False,1
226.0,21,-0.5,stable,True,2
764.0,23,0.0,stable,False,3
104.0,23,0.0,stable,False,4
287.0,24,0.0,increase,True,5
261.0,25,9.0,increase,False,6
97.0,24,9.0,increase,False,7
106.0,25,0.2,stable,False,8
169.0,26,0.2,increase,False,9
76.0,26,0.0,increase,False,10
87.0,26,0.6666666666666666,stable,False,11
232.0,27,0.0,stable,True,12
21.0,27,0.0,stable,True,13
148.0,27,-0.2,increase,True,14
99.0,28,-0.1,increase,True,15
81.0,28,0.875,increase,True,16
87.0,28,7.75,increase,True,17
15.0,28,2.888888888888889,increase,False,18
182.0,29,1.2857142857142858,loss,False,19
70.0,29,1.2857142857142858,loss,False,20
,18,,increase,,0
98.0,17,,increase,,1
301.0,19,3.0,increase,True,2
93.0,18,1.0,increase,True,3
353.0,20,9.0,increase,False,4
285.0,21,0.8,increase,False,5
32.0,20,0.6,increase,False,6
331.0,22,0.875,increase,True,7
96.0,21,0.5,increase,True,8
173.0,23,0.6666666666666666,increase,False,9
92.0,23,1.5,increase,False,10
7.0,22,0.6666666666666666,increase,False,11
113.0,23,1.0,increase,False,12
79.0,24,2.25,stable,True,13
175.0,23,0.3,stable,False,14
240.0,25,-0.07692307692307693,loss,True,15
121.0,25,-0.23076923076923078,stable,True,16
251.0,26,-0.1,stable,True,17
179.0,25,-0.2,increase,True,18
107.0,26,0.0,increase,True,19
79.0,27,0.75,increase,True,20
119.0,27,0.4444444444444444,stable,False,21
169.0,27,0.14285714285714285,loss,False,22
229.0,28,-0.1875,stable,False,23
72.0,28,-0.1875,stable,False,24
223.0,29,0.0,stable,False,25
204.0,29,0.0,stable,False,26
57.0,30,0.23076923076923078,loss,False,27
108.0,30,0.23076923076923078,loss,False,28
393.0,31,-0.125,stable,False,29
174.0,31,-0.125,stable,False,30
161.0,32,0.0,stable,True,31
203.0,32,0.0,loss,False,32
165.0,33,0.0,loss,False,33
105.0,33,-0.14285714285714285,loss,False,34
175.0,34,-0.5,increase,False,35
,19,,stable,,0
277.0,20,0.0,increase,False,1
475.0,22,1.5,stable,False,2
258.0,22,0.0,stable,False,3
95.0,22,0.0,stable,False,4
52.0,23,0.0,increase,False,5
170.0,23,0.0,increase,True,6
167.0,24,0.6,increase,False,7
71.0,24,0.6,increase,True,8
247.0,25,1.5,stable,True,9
100.0,25,1.5,stable,True,10
160.0,25,0.0,stable,False,11
203.0,26,0.0,stable,False,12
86.0,27,0.0,stable,True,13
79.0,26,0.0,stable,False,14
,20,,increase,,0
21.0,21,,increase,,1
47.0,21,,increase,,2
100.0,21,,increase,,3
22.0,22,79.0,increase,True,4
64.0,21,1.7777777777777777,increase,False,5
74.0,21,2.888888888888889,increase,False,6
203.0,22,0.42857142857142855,stable,False,7
92.0,22,0.5714285714285714,stable,False,8
73.0,22,0.5714285714285714,stable,False,9
105.0,23,0.1,stable,False,10
175.0,23,-0.09090909090909091,stable,False,11
,19,,increase,,0
37.0,19,,increase,,1
133.0,19,,increase,,2
105.0,19,5.25,increase,False,3
89.0,20,3.0,stable,False,4
162.0,20,0.6,stable,False,5
196.0,21,0.0,increase,False,6
162.0,21,0.125,stable,False,7
,18,,increase,,0
203.0,19,5.0,increase,False,1
108.0,19,24.0,stable,False,2
268.0,20,0.0,increase,True,3
189.0,20,0.8,increase,False,4
10.0,20,2.0,increase,False,5
147.0,21,4.0,increase,False,6
10.0,21,6.0,loss,False,7
168.0,21,1.0,stable,False,8
189.0,22,0.0,loss,False,9
236.0,22,-0.2,stable,False,10
21.0,22,-0.06666666666666667,loss,False,11
126.0,23,-0.06666666666666667,loss,False,12
67.0,23,-0.10714285714285714,stable,False,13
297.0,24,-0.08,loss,False,14
190.0,24,-0.13043478260869565,stable,False,15
128.0,25,-0.13043478260869565,stable,False,16
216.0,25,-0.1,loss,False,17
188.0,26,-0.1111111111111111,increase,False,18
21.0,26,0.0,increase,True,19
117.0,26,-0.16666666666666666,increase,False,20
224.0,27,0.6666666666666666,increase,True,21
92.0,27,0.8666666666666667,stable,True,22
73.0,27,1.3333333333333333,loss,True,23
,17,,increase,,0
87.0,17,,increase,,1
363.0,18,1.0,increase,False,2
158.0,19,1.0,increase,True,3
223.0,19,24.0,increase,False,4
121.0,20,49.0,increase,True,5
70.0,20,1.6,increase,True,6
,19,,increase,,0
75.0,19,,increase,,1
65.0,19,,loss,,2
91.0,19,1.5,loss,False,3
68.0,20,1.0,stable,False,4
212.0,20,0.0,increase,False,5
78.0,21,1.25,loss,True,6
63.0,21,0.0,increase,True,7
125.0,21,-0.16666666666666666,increase,False,8
278.0,22,0.3333333333333333,loss,False,9
182.0,22,-0.15,stable,False,10
160.0,23,-0.15,stable,False,11
203.0,23,0.0,increase,False,12
92.0,23,0.17647058823529413,increase,False,13
73.0,24,0.17647058823529413,increase,False,14
,17,,increase,,0
284.0,18,4.0,increase,False,1
26.0,17,2.5,increase,False,2
81.0,18,4.0,increase,True,3
258.0,19,0.3,stable,False,4
5.0,19,0.3,stable,False,5
284.0,20,0.0,increase,False,6
175.0,20,0.5384615384615384,loss,False,7
167.0,21,0.5384615384615384,loss,False,8
104.0,21,-0.2,loss,False,9
101.0,21,-0.2,loss,False,10
97.0,21,-0.125,loss,False,11
40.0,22,-0.25,stable,False,12
,21,,increase,,0
34.0,22,,increase,,1
35.0,22,,increase,,2
104.0,22,,stable,,3
180.0,23,0.05555555555555555,increase,False,4
252.0,23,0.8947368421052632,increase,True,5
101.0,24,2.789473684210526,increase,True,6
57.0,23,0.47368421052631576,increase,True,7
73.0,24,1.0,increase,True,8
152.0,24,3.2857142857142856,increase,True,9
15.0,24,2.2142857142857144,increase,True,10
96.0,25,1.2222222222222223,stable,False,11
10.0,25,1.7777777777777777,loss,False,12
269.0,26,-0.25,stable,False,13
45.0,26,-0.4,increase,False,14
6.0,25,-0.15,loss,False,15
186.0,25,-0.17647058823529413,increase,False,16
108.0,26,0.058823529411764705,increase,False,17
168.0,27,0.2857142857142857,increase,False,18
104.0,27,0.1111111111111111,increase,False,19
86.0,27,0.6666666666666666,increase,True,20
74.0,28,1.0,increase,True,21
53.0,28,1.3,stable,True,22
150.0,28,0.3888888888888889,stable,False,23
165.0,29,0.08695652173913043,loss,False,24
,19,,increase,,0
409.0,20,1.0,increase,False,1
128.0,20,1.0,increase,False,2
82.0,20,0.5,increase,True,3
111.0,21,3.0,increase,False,4
347.0,22,0.625,increase,True,5
14.0,22,1.125,increase,True,6
154.0,22,1.5,stable,True,7
189.0,23,0.0,loss,False,8
236.0,23,-0.2,loss,False,9
21.0,23,-0.3,stable,False,10
49.0,24,-0.3,loss,True,11
156.0,24,0.0,loss,True,12
141.0,24,-0.14285714285714285,loss,False,13
144.0,25,-0.21428571428571427,loss,True,14
77.0,25,-0.3333333333333333,loss,True,15
113.0,25,-0.36363636363636365,stable,False,16
128.0,26,-0.125,stable,False,17
216.0,26,0.0,increase,False,18
87.0,27,0.42857142857142855,increase,True,19
100.0,27,1.2857142857142858,increase,True,20
86.0,27,1.0,increase,False,21
74.0,27,1.4,increase,False,22
203.0,28,0.16666666666666666,increase,False,23
92.0,28,0.6666666666666666,stable,False,24
73.0,28,0.8333333333333334,loss,False,25
,19,,stable,,0
179.0,19,,increase,,1
182.0,20,0.25,loss,False,2
185.0,20,-0.2,stable,False,3
180.0,21,0.0,increase,False,4
122.0,21,34.0,increase,True,5
61.0,21,69.0,loss,True,6
181.0,22,-0.14285714285714285,increase,False,7
87.0,22,0.07142857142857142,increase,True,8
175.0,23,0.25,increase,True,9
,18,,increase,,0
177.0,19,,stable,,1
10.0,19,1.6666666666666667,stable,False,2
373.0,20,0.0,increase,False,3
55.0,20,6.5,increase,False,4
17.0,20,11.5,increase,False,5
64.0,20,17.75,increase,False,6
137.0,20,1.0,increase,False,7
54.0,21,0.3333333333333333,increase,False,8
79.0,21,1.0,stable,False,9
119.0,21,0.2,stable,False,10
169.0,22,-0.06666666666666667,loss,False,11
85.0,22,0.0,loss,False,12
144.0,22,-0.32142857142857145,stable,False,13
71.0,22,-0.20833333333333334,stable,True,14
178.0,23,0.05263157894736842,increase,True,15
39.0,23,-0.05263157894736842,increase,False,16
13.0,23,0.10526315789473684,increase,False,17
289.0,24,0.5238095238095238,increase,False,18
45.0,24,0.3333333333333333,increase,False,19
97.0,24,1.2857142857142858,increase,False,20
39.0,24,1.0,stable,False,21
58.0,24,1.5,stable,False,22
224.0,25,0.0,loss,False,23
179.0,26,-0.08571428571428572,loss,True,24
160.0,26,-0.14285714285714285,stable,True,25
203.0,27,-0.06666666666666667,loss,False,26
165.0,27,-0.2,loss,False,27
,19,,increase,,0
329.0,19,5.666666666666667,increase,False,1
135.0,20,11.5,increase,False,2
145.0,21,3.375,loss,False,3
27.0,21,2.125,increase,False,4
423.0,21,0.24,loss,True,5
21.0,22,0.12,loss,True,6
126.0,22,-0.2,increase,True,7
67.0,22,-0.2857142857142857,increase,False,8
297.0,23,0.3,stable,False,9
190.0,23,0.0,increase,False,10
128.0,24,-0.07692307692307693,increase,False,11
130.0,24,0.15384615384615385,increase,False,12
86.0,24,0.4166666666666667,stable,False,13
187.0,25,0.0,stable,True,14
160.0,25,0.0,stable,True,15
203.0,26,0.0,stable,False,16
165.0,26,0.058823529411764705,loss,False,17
,18,,increase,,0
80.0,17,,increase,,1
78.0,17,,increase,,2
346.0,18,2.2,increase,False,3
11.0,19,3.0,increase,True,4
195.0,19,0.5,increase,False,5
46.0,19,1.5,increase,False,6
360.0,20,0.4,increase,False,7
57.0,20,4.6,increase,False,8
76.0,20,7.0,increase,False,9
188.0,21,0.5,stable,False,10
77.0,21,0.5,stable,False,11
286.0,22,0.0,loss,True,12
231.0,22,-0.2,increase,False,13
3.0,22,0.13333333333333333,increase,False,14
293.0,23,0.5882352941176471,stable,False,15
128.0,23,0.29411764705882354,increase,False,16
81.0,24,0.0,stable,False,17
258.0,24,0.0,loss,False,18
5.0,25,-0.18518518518518517,stable,True,19
10.0,24,-0.18518518518518517,stable,True,20
274.0,25,0.0,increase,False,21
118.0,26,0.2727272727272727,stable,False,22
57.0,26,0.2727272727272727,stable,False,23
167.0,26,0.0,stable,False,24
205.0,27,0.0,loss,False,25
97.0,27,-0.35714285714285715,loss,False,26
40.0,27,-0.6428571428571429,stable,False,27
,21,,stable,,0
244.0,22,0.0,increase,False,1
159.0,22,-0.2,increase,False,2
72.0,22,0.5,increase,False,3
258.0,23,0.6666666666666666,increase,False,4
95.0,23,0.6666666666666666,increase,False,5
52.0,24,1.0,increase,False,6
107.0,24,2.2,stable,False,7
63.0,24,0.6,increase,False,8
125.0,24,0.0,increase,False,9
278.0,25,0.375,stable,False,10
182.0,26,0.09090909090909091,stable,False,11
160.0,26,0.09090909090909091,stable,False,12
203.0,27,0.08333333333333333,loss,False,13
165.0,27,0.0,loss,False,14
105.0,28,-0.23076923076923078,loss,False,15
175.0,28,-0.4166666666666667,increase,False,16
,18,,increase,,0
128.0,18,,increase,,1
135.0,19,4.0,increase,False,2
41.0,19,7.0,stable,False,3
121.0,19,1.6666666666666667,stable,False,4
297.0,20,-0.1,loss,False,5
72.0,20,-0.25,increase,True,6
154.0,21,-0.16666666666666666,increase,False,7
141.0,21,0.16666666666666666,increase,True,8
110.0,21,0.5,increase,True,9
107.0,22,2.5714285714285716,stable,True,10
63.0,22,0.5714285714285714,increase,True,11
125.0,22,0.0,increase,False,12
182.0,23,0.2,increase,False,13
96.0,23,0.6,stable,False,14
182.0,23,0.0,stable,False,15
160.0,24,0.0,stable,False,16
203.0,24,0.0,increase,False,17
92.0,25,0.25,increase,False,18
73.0,25,0.25,increase,False,19
105.0,25,0.625,stable,False,20
35.0,25,0.3,stable,False,21
140.0,26,0.4,loss,False,22
,18,,increase,,0
323.0,19,5.0,increase,False,1
169.0,19,7.0,increase,True,2
43.0,20,0.6666666666666666,increase,True,3
71.0,20,3.0,stable,True,4
77.0,20,0.5,increase,False,5
270.0,21,1.0,increase,False,6
160.0,21,1.0,increase,False,7
203.0,22,0.16666666666666666,increase,True,8
92.0,22,0.5,increase,True,9
73.0,22,0.6666666666666666,stable,True,10
105.0,23,0.6428571428571429,loss,True,11
35.0,22,0.3888888888888889,loss,True,12
140.0,23,-0.1,increase,True,13
,18,,increase,,0
118.0,18,,stable,,1
121.0,19,0.4,stable,False,2
297.0,19,-0.1,increase,False,3
70.0,19,0.0,stable,False,4
156.0,20,0.1111111111111111,stable,False,5
141.0,20,-0.08571428571428572,stable,False,6
139.0,21,-0.08571428571428572,loss,False,7
96.0,21,-0.0625,loss,False,8
78.0,21,-0.21875,loss,False,9
88.0,22,-0.21875,loss,True,10
199.0,22,-0.32,loss,False,11
85.0,22,-0.4,loss,False,12
80.0,22,-0.52,increase,True,13
100.0,23,-0.2,increase,True,14
22.0,23,0.4666666666666667,stable,True,15
64.0,23,0.25,increase,False,16
74.0,23,0.5,increase,False,17
203.0,24,0.3333333333333333,increase,False,18
165.0,24,0.3888888888888889,increase,False,19
,18,,increase,,0
95.0,18,,stable,,1
327.0,19,0.0,increase,False,2
60.0,19,0.3,increase,False,3
4.0,19,-0.1,increase,False,4
72.0,19,1.0,increase,True,5
222.0,20,1.0,stable,False,6
37.0,20,1.0,stable,False,7
243.0,21,0.0,loss,True,8
158.0,21,0.0,loss,True,9
66.0,22,-0.125,stable,False,10
268.0,22,0.0,increase,False,11
127.0,22,1.4285714285714286,increase,True,12
40.0,23,1.8571428571428572,increase,True,13
138.0,23,3.0,increase,True,14
73.0,23,1.2,increase,False,15
153.0,24,0.7857142857142857,increase,False,16
181.0,24,0.4,stable,False,17
87.0,25,0.6,loss,True,18
35.0,24,0.6,loss,True,19
140.0,25,-0.08571428571428572,stable,True,20
,17,,increase,,0
610.0,19,0.5,increase,False,1
91.0,19,6.0,stable,True,2
43.0,19,6.0,stable,True,3
71.0,20,2.3333333333333335,increase,True,4
294.0,20,0.4,increase,True,5
55.0,20,0.6,increase,True,6
20.0,21,2.0,increase,True,7
135.0,21,0.14285714285714285,increase,False,8
206.0,21,2.125,increase,True,9
92.0,22,3.375,loss,True,10
73.0,22,4.0,loss,True,11
105.0,22,0.4,stable,True,12
175.0,23,-0.3,increase,True,13
,18,,stable,,0
52.0,19,,increase,,1
114.0,19,,increase,,2
36.0,19,0.05555555555555555,increase,False,3
260.0,20,4.2631578947368425,loss,True,4
182.0,20,-0.4,loss,False,5
174.0,21,-0.7,increase,False,6
211.0,21,0.3333333333333333,stable,False,7
167.0,22,0.3333333333333333,stable,False,8
193.0,22,0.0,stable,False,9
87.0,23,0.25,increase,False,10
150.0,23,-0.1,increase,False,11
40.0,23,5.0,stable,True,12
15.0,23,1.4,increase,True,13
252.0,24,1.5,increase,False,14
98.0,24,2.3333333333333335,stable,True,15
35.0,24,2.3333333333333335,stable,True,16
140.0,25,0.6666666666666666,loss,True,17
,18,,increase,,0
221.0,18,1.0,increase,True,1
173.0,19,9.0,increase,True,2
86.0,18,2.0,increase,False,3
65.0,19,4.0,increase,False,4
103.0,19,0.2,increase,False,5
57.0,20,3.1666666666666665,loss,True,6
108.0,20,0.8,increase,False,7
112.0,20,-0.2,stable,False,8
281.0,21,0.1,stable,False,9
174.0,21,0.0,stable,False,10
79.0,22,-0.09090909090909091,stable,False,11
220.0,22,0.0,increase,False,12
145.0,23,0.1,increase,False,13
190.0,23,0.13636363636363635,stable,True,14
35.0,23,0.36363636363636365,loss,True,15
,17,,increase,,0
173.0,17,,increase,,1
232.0,18,0.25,stable,False,2
385.0,19,0.0,increase,True,3
321.0,20,0.3333333333333333,increase,True,4
224.0,21,0.5,increase,True,5
277.0,21,0.3333333333333333,loss,False,6
267.0,22,-0.35,increase,False,7
129.0,22,-0.375,increase,False,8
290.0,23,1.0,stable,True,9
69.0,23,-0.2,increase,False,10
38.0,24,1.4,increase,True,11
102.0,24,0.0,increase,False,12
313.0,25,1.4,increase,False,13
238.0,25,1.0,increase,True,14
101.0,26,1.0,increase,True,15
116.0,26,0.5,stable,False,16
205.0,27,0.0,stable,False,17
176.0,27,0.0,loss,False,18
121.0,28,0.0,loss,False,19
297.0,28,-0.19444444444444445,loss,False,20
70.0,28,-0.3333333333333333,loss,False,21
156.0,29,-0.4482758620689655,loss,False,22
141.0,29,-0.3333333333333333,increase,False,23
139.0,30,-0.25,increase,False,24
78.0,30,0.25,loss,True,25
18.0,30,0.25,loss,True,26
78.0,30,0.25,loss,True,27
370.0,31,-0.2,loss,True,28
182.0,32,-0.125,stable,False,29
160.0,32,-0.125,stable,False,30
203.0,33,0.0,increase,False,31
92.0,33,0.42857142857142855,loss,False,32
73.0,33,0.42857142857142855,loss,False,33
105.0,34,0.14285714285714285,loss,False,34
175.0,34,-0.5,increase,False,35
,18,,stable,,0
386.0,18,0.0,stable,False,1
97.0,19,0.0,stable,False,2
97.0,19,0.0,stable,False,3
224.0,20,0.0,increase,False,4
116.0,20,4.333333333333333,increase,False,5
59.0,20,4.333333333333333,increase,False,6
168.0,21,0.5,increase,False,7
136.0,21,1.5,increase,False,8
64.0,21,1.5,increase,False,9
101.0,22,3.1666666666666665,increase,False,10
61.0,22,3.0,increase,False,11
107.0,22,11.0,increase,True,12
35.0,22,3.8,increase,True,13
140.0,23,6.0,loss,True,14
,18,,increase,,0
11.0,18,,increase,,1
91.0,18,,increase,,2
189.0,19,1.0,stable,True,3
368.0,20,0.0,increase,True,4
46.0,20,1.0,stable,True,5
483.0,21,0.0,increase,True,6
20.0,21,0.0,increase,False,7
173.0,22,0.5,increase,True,8
154.0,22,1.5,increase,False,9
107.0,23,9.0,stable,True,10
,19,,increase,,0
152.0,20,,increase,,1
1152.0,23,4.0,stable,True,2
39.0,22,2.0,increase,False,3
74.0,23,4.0,stable,True,4
405.0,24,0.0,stable,False,5
212.0,25,0.0,stable,False,6
413.0,26,0.0,increase,True,7
162.0,26,0.4,increase,True,8
312.0,27,0.42857142857142855,stable,False,9
209.0,28,0.0,loss,False,10
277.0,29,-0.3,increase,False,11
106.0,29,0.0,loss,False,12
297.0,29,-0.2,stable,False,13
70.0,30,-0.2,stable,False,14
156.0,30,0.0,increase,False,15
141.0,31,0.0,stable,False,16
110.0,31,0.25,loss,True,17
170.0,31,0.0,loss,True,18
167.0,32,-0.4,loss,False,19
71.0,33,-0.25,loss,False,20
349.0,33,-0.3333333333333333,loss,False,21
155.0,34,-0.3333333333333333,loss,False,22
220.0,34,-0.25,loss,True,23
148.0,35,-0.25,loss,True,24
,18,,increase,,0
19.0,18,,increase,,1
89.0,18,,increase,,2
192.0,19,2.0,increase,False,3
97.0,19,5.0,loss,False,4
32.0,19,5.0,loss,False,5
226.0,20,-0.25,increase,False,6
139.0,20,0.3333333333333333,loss,False,7
28.0,20,0.0,stable,False,8
131.0,21,0.5555555555555556,stable,True,9
297.0,21,-0.1,loss,False,10
66.0,21,-0.2857142857142857,stable,True,11
250.0,22,0.0,stable,False,12
47.0,22,0.0,increase,False,13
8.0,23,0.1,increase,True,14
128.0,23,0.1,increase,True,15
57.0,24,1.5454545454545454,loss,False,16
40.0,23,0.2727272727272727,increase,False,17
68.0,23,0.6363636363636364,increase,False,18
112.0,24,0.5714285714285714,increase,False,19
189.0,24,0.45454545454545453,increase,False,20
92.0,24,1.0,increase,False,21
174.0,25,0.375,increase,False,22
79.0,25,0.13636363636363635,stable,False,23
13.0,25,0.13636363636363635,stable,False,24
207.0,26,0.0,stable,False,25
230.0,26,0.0,loss,True,26
105.0,27,-0.12,stable,True,27
175.0,27,-0.2,stable,False,28
,22,,increase,,0
170.0,22,,increase,,1
124.0,22,0.25,increase,True,2
43.0,23,0.25,increase,True,3
71.0,23,0.25,increase,True,4
349.0,24,0.52,stable,False,5
155.0,24,0.6,stable,False,6
220.0,25,0.0,increase,False,7
148.0,25,1.0,increase,False,8
108.0,26,3.0,increase,False,9
35.0,26,1.5,increase,False,10
140.0,26,1.5,stable,False,11
,20,,increase,,0
329.0,21,0.5,stable,False,1
135.0,21,0.5,stable,True,2
204.0,22,0.0,increase,True,3
327.0,23,1.7777777777777777,increase,False,4
60.0,23,2.3333333333333335,increase,False,5
4.0,23,1.2222222222222223,increase,False,6
114.0,23,6.222222222222222,loss,True,7
125.0,24,1.25,increase,True,8
159.0,24,-0.3076923076923077,increase,False,9
26.0,24,0.4444444444444444,loss,False,10
11.0,24,0.3333333333333333,loss,True,11
78.0,25,0.5555555555555556,loss,True,12
66.0,25,1.2222222222222223,loss,True,13
127.0,25,-0.42857142857142855,stable,True,14
74.0,25,-0.3,loss,True,15
263.0,26,-0.42857142857142855,loss,False,16
122.0,26,-0.5714285714285714,increase,False,17
70.0,26,-0.25,increase,False,18
197.0,27,0.6666666666666666,increase,False,19
174.0,28,0.6666666666666666,increase,False,20
84.0,28,0.6,increase,False,21
169.0,28,0.6,increase,False,22
6.0,28,1.4,increase,True,23
35.0,28,0.25,increase,True,24
140.0,29,0.625,increase,True,25
,21,,increase,,0
2244.0,27,7.0,stable,True,1
119.0,27,7.0,increase,True,2
71.0,28,0.0,increase,False,3
349.0,29,0.5,loss,False,4
155.0,29,0.5,loss,False,5
220.0,30,-0.16666666666666666,loss,False,6
148.0,30,-0.16666666666666666,loss,False,7
108.0,31,-0.13333333333333333,loss,False,8
175.0,31,-0.5333333333333333,increase,False,9
,20,,increase,,0
174.0,21,,increase,,1
134.0,21,1.5,stable,True,2
71.0,22,1.4,loss,True,3
349.0,22,-0.16666666666666666,stable,False,4
155.0,23,-0.16666666666666666,stable,False,5
220.0,23,0.0,stable,False,6
148.0,24,0.0,loss,False,7
108.0,24,0.0,loss,False,8
,19,,increase,,0
,22,,increase,,0
200.0,22,5.0,increase,False,1
273.0,23,0.3333333333333333,increase,False,2
40.0,23,0.3333333333333333,increase,True,3
198.0,24,0.25,increase,False,4
126.0,24,1.125,increase,False,5
250.0,25,0.4117647058823529,increase,True,6
205.0,25,2.3333333333333335,increase,False,7
35.0,24,0.0,increase,True,8
48.0,25,4.0,loss,False,9
80.0,26,4.0,stable,False,10
149.0,26,-0.2,increase,False,11
72.0,26,0.0,increase,False,12
173.0,27,2.75,increase,False,13
126.0,27,1.3333333333333333,increase,False,14
25.0,27,1.0,increase,False,15
103.0,27,0.1111111111111111,increase,False,16
80.0,28,2.6666666666666665,increase,True,17
15.0,28,1.5,increase,True,18
112.0,28,1.5,stable,True,19
74.0,28,0.6666666666666666,stable,False,20
263.0,29,0.0,loss,False,21
122.0,29,-0.2,loss,False,22
70.0,29,-0.36,loss,False,23
90.0,30,-0.52,loss,False,24
107.0,30,-0.4375,loss,False,25
174.0,30,-0.3333333333333333,loss,False,26
253.0,31,-0.375,loss,False,27
,19,,increase,,0
276.0,20,0.42857142857142855,increase,True,1
119.0,20,1.0,increase,True,2
71.0,21,6.2,increase,False,3
349.0,21,1.7777777777777777,increase,False,4
155.0,22,2.888888888888889,increase,False,5
220.0,22,0.21428571428571427,increase,False,6
88.0,23,0.42857142857142855,increase,False,7
60.0,23,0.7142857142857143,increase,False,8
108.0,23,1.1176470588235294,increase,False,9
35.0,23,0.5,increase,False,10
140.0,24,0.8333333333333334,stable,False,11
,17,,increase,,0
298.0,18,4.0,increase,False,1
102.0,18,7.0,increase,False,2
177.0,19,2.0,increase,True,3
10.0,19,0.875,increase,True,4
328.0,19,1.0,increase,False,5
45.0,20,3.6666666666666665,increase,False,6
55.0,20,4.333333333333333,increase,False,7
17.0,20,8.333333333333334,stable,False,8
256.0,21,0.0,increase,True,9
54.0,21,0.5714285714285714,increase,True,10
85.0,21,0.07142857142857142,increase,True,11
225.0,22,0.6666666666666666,loss,False,12
231.0,22,-0.2,increase,False,13
43.0,22,-0.08,stable,False,14
355.0,23,0.08695652173913043,loss,False,15
26.0,23,0.0,loss,False,16
81.0,24,0.08695652173913043,loss,False,17
51.0,25,-0.13043478260869565,stable,True,18
207.0,24,0.0,stable,True,19
294.0,25,-0.1,loss,True,20
111.0,25,-0.3,loss,True,21
63.0,26,-0.4,loss,True,22
79.0,26,-0.4444444444444444,stable,False,23
13.0,26,-0.4444444444444444,stable,False,24
276.0,27,0.0,increase,True,25
137.0,27,0.0,increase,True,26
129.0,28,0.5,increase,True,27
175.0,28,0.6,increase,True,28
,19,,increase,,0
317.0,19,1.3333333333333333,increase,True,1
145.0,20,4.0,increase,True,2
168.0,21,1.8571428571428572,stable,False,3
252.0,21,0.1,increase,False,4
368.0,22,0.5909090909090909,increase,False,5
96.0,22,0.5909090909090909,increase,False,6
173.0,23,0.2857142857142857,increase,False,7
92.0,23,0.7142857142857143,stable,False,8
7.0,23,0.0,increase,False,9
113.0,24,0.5555555555555556,stable,False,10
76.0,24,0.7142857142857143,stable,False,11
99.0,24,0.7142857142857143,increase,False,12
79.0,24,0.0,increase,False,13
11.0,24,0.0,increase,True,14
177.0,25,0.2857142857142857,increase,True,15
10.0,25,0.25,increase,False,16
373.0,26,1.0,increase,False,17
72.0,26,1.0,increase,False,18
201.0,27,0.6666666666666666,increase,False,19
54.0,27,1.3333333333333333,loss,False,20
79.0,27,1.0,stable,False,21
288.0,28,0.0,loss,False,22
229.0,28,-0.2,loss,False,23
114.0,29,-0.4,loss,True,24
125.0,29,-0.5,increase,True,25
56.0,29,-0.3333333333333333,loss,False,26
129.0,29,0.5,loss,False,27
81.0,30,-0.25,loss,False,28
258.0,30,-0.2777777777777778,loss,False,29
5.0,31,-0.2777777777777778,loss,False,30
284.0,31,-0.23076923076923078,loss,False,31
118.0,32,-0.5384615384615384,loss,False,32
57.0,32,-0.6153846153846154,loss,False,33
92.0,32,-0.5,loss,True,34
77.0,32,-0.16666666666666666,loss,True,35
134.0,33,-0.2,stable,True,36
145.0,33,-0.2,stable,True,37
,17,,increase,,0
141.0,17,,increase,,1
88.0,18,7.0,increase,False,2
86.0,18,14.0,increase,False,3
89.0,18,6.5,increase,False,4
183.0,19,0.6666666666666666,increase,False,5
167.0,19,4.666666666666667,stable,False,6
124.0,19,1.4,increase,False,7
104.0,20,-0.058823529411764705,increase,True,8
168.0,20,0.25,increase,True,9
464.0,21,0.3333333333333333,increase,False,10
56.0,21,0.3333333333333333,increase,False,11
36.0,22,1.6666666666666667,increase,False,12
85.0,22,0.7333333333333333,increase,False,13
279.0,23,1.6923076923076923,stable,False,14
2.0,23,1.6923076923076923,stable,True,15
38.0,23,0.9230769230769231,increase,False,16
371.0,24,0.4,stable,True,17
128.0,24,0.4,stable,True,18
218.0,25,0.0,increase,False,19
116.0,25,0.14285714285714285,increase,False,20
205.0,26,0.25,loss,False,21
176.0,26,0.125,loss,False,22
121.0,27,-0.4,loss,False,23
58.0,26,-0.2,loss,False,24
239.0,27,-0.4,stable,False,25
70.0,28,-0.3,loss,False,26
65.0,28,-0.375,loss,False,27
91.0,28,-0.08333333333333333,stable,False,28
68.0,28,-0.21428571428571427,stable,False,29
212.0,29,-0.09090909090909091,increase,False,30
78.0,30,0.2727272727272727,loss,False,31
96.0,29,-0.09090909090909091,stable,False,32
92.0,29,-0.10714285714285714,loss,False,33
278.0,30,-0.2,stable,False,34
177.0,31,-0.2,loss,True,35
167.0,31,0.0,loss,True,36
205.0,32,-0.15,loss,False,37
137.0,32,-0.4,loss,False,38
,19,,loss,,0
,17,,increase,,0
128.0,17,,increase,,1
57.0,18,9.0,stable,True,2
47.0,18,0.0,increase,False,3
61.0,18,1.0,increase,False,4
112.0,18,0.0,increase,False,5
189.0,19,0.3333333333333333,increase,False,6
92.0,19,2.3333333333333335,increase,False,7
111.0,19,3.5,increase,False,8
63.0,19,3.5,increase,False,9
79.0,20,0.8,increase,False,10
126.0,20,0.1111111111111111,stable,False,11
94.0,20,0.1111111111111111,increase,False,12
145.0,21,0.0,increase,False,13
,17,,increase,,0
89.0,17,,increase,,1
11.0,17,,increase,,2
413.0,18,4.0,increase,False,3
47.0,18,5.25,increase,True,4
57.0,19,6.5,increase,True,5
53.0,19,16.5,increase,True,6
41.0,19,1.5,increase,True,7
15.0,19,1.5,increase,True,8
220.0,19,0.6,increase,False,9
134.0,20,1.0,increase,False,10
170.0,20,2.125,increase,True,11
35.0,20,0.7,increase,True,12
50.0,20,0.2,increase,False,13
90.0,21,2.5,loss,True,14
,19,,increase,,0
245.0,19,1.9166666666666667,increase,False,1
64.0,20,1.6666666666666667,increase,False,2
10.0,20,4.0,increase,False,3
62.0,20,6.5,increase,False,4
173.0,21,0.6666666666666666,stable,False,5
86.0,20,0.1111111111111111,increase,False,6
168.0,21,0.0,increase,False,7
57.0,22,1.4,loss,False,8
108.0,22,0.2,increase,False,9
112.0,22,-0.25,increase,False,10
189.0,23,0.6666666666666666,increase,False,11
92.0,23,1.2222222222222223,stable,False,12
174.0,23,0.3333333333333333,stable,True,13
79.0,24,-0.1,increase,True,14
226.0,24,0.1111111111111111,stable,True,15
61.0,24,0.0,increase,True,16
160.0,25,-0.1,increase,True,17
108.0,25,0.1111111111111111,increase,True,18
35.0,25,0.1111111111111111,increase,True,19
140.0,26,0.5555555555555556,loss,False,20
,18,,increase,,0
166.0,19,,increase,,1
170.0,19,2.0,stable,False,2
209.0,20,0.0,increase,False,3
107.0,21,2.3333333333333335,stable,False,4
102.0,21,2.3333333333333335,stable,False,5
313.0,21,0.0,stable,False,6
203.0,22,0.0,stable,False,7
371.0,23,0.0,increase,False,8
156.0,23,3.0,increase,False,9
121.0,24,7.0,stable,False,10
244.0,24,0.0,loss,False,11
159.0,24,-0.2,increase,False,12
72.0,25,-0.2,increase,False,13
258.0,26,0.25,loss,False,14
95.0,25,0.25,loss,False,15
52.0,26,0.09375,stable,False,16
170.0,27,-0.125,stable,False,17
167.0,27,-0.08571428571428572,stable,False,18
71.0,28,-0.08571428571428572,stable,False,19
349.0,28,0.0,loss,False,20
155.0,29,-0.0625,stable,False,21
220.0,29,-0.06666666666666667,loss,True,22
72.0,30,-0.3333333333333333,stable,True,23
76.0,30,-0.26666666666666666,stable,True,24
,17,,increase,,0
124.0,18,,increase,,1
61.0,18,3.6666666666666665,increase,True,2
41.0,18,3.6666666666666665,increase,True,3
220.0,19,0.42857142857142855,increase,True,4
43.0,19,0.42857142857142855,increase,True,5
71.0,19,1.8571428571428572,increase,True,6
349.0,20,0.5,increase,False,7
155.0,20,1.0,stable,False,8
220.0,21,0.0,loss,False,9
38.0,21,-0.375,loss,True,10
,16,,stable,,0
55.0,16,,increase,,1
155.0,16,0.0,increase,False,2
123.0,17,29.0,increase,False,3
97.0,17,39.0,increase,False,4
88.0,17,0.7777777777777778,increase,False,5
60.0,17,1.2222222222222223,increase,False,6
,17,,increase,,0
89.0,17,,increase,,1
11.0,17,,increase,,2
245.0,17,4.0,increase,False,3
168.0,18,6.0,increase,False,4
47.0,18,2.0,increase,False,5
57.0,18,3.0,increase,False,6
78.0,19,4.357142857142857,increase,True,7
13.0,18,3.2857142857142856,increase,True,8
207.0,19,1.0833333333333333,increase,False,9
145.0,20,1.5,stable,False,10
,18,,increase,,0
183.0,18,4.0,increase,True,1
102.0,19,12.0,stable,True,2
70.0,19,14.0,loss,True,3
235.0,20,-0.2,increase,True,4
208.0,19,0.25,stable,False,5
104.0,20,0.0,increase,False,6
94.0,20,0.0,stable,False,7
15.0,20,0.0,stable,False,8
220.0,21,0.0,increase,False,9
59.0,22,2.0,increase,False,10
275.0,22,0.5555555555555556,increase,False,11
55.0,21,-0.5555555555555556,increase,False,12
90.0,22,2.7777777777777777,stable,True,13
,20,,increase,,0
118.0,20,,increase,,1
57.0,20,,increase,,2
157.0,21,1.5,increase,True,3
40.0,20,1.5,increase,True,4
83.0,21,2.3333333333333335,increase,True,5
97.0,21,2.0,increase,False,6
88.0,21,1.75,increase,False,7
60.0,22,2.0,increase,False,8
108.0,22,0.3333333333333333,increase,False,9
175.0,23,0.16666666666666666,increase,False,10
,17,,stable,,0
226.0,17,0.0,increase,False,1
159.0,18,1.0,loss,True,2
203.0,18,-0.3333333333333333,increase,False,3
53.0,19,-0.16666666666666666,increase,False,4
56.0,19,-0.4583333333333333,increase,False,5
220.0,19,3.6153846153846154,increase,False,6
134.0,19,11.307692307692308,increase,False,7
170.0,20,6.333333333333333,increase,True,8
35.0,20,1.5,increase,True,9
50.0,20,0.0,increase,False,10
90.0,21,2.125,stable,True,11
,19,,increase,,0
67.0,20,,increase,,1
290.0,20,2.0,increase,False,2
74.0,21,19.0,increase,True,3
,17,,increase,,0
539.0,18,1.0,increase,False,1
36.0,18,-0.1,increase,False,2
81.0,18,2.0,increase,False,3
68.0,18,1.0,increase,False,4
75.0,19,5.666666666666667,increase,False,5
64.0,19,1.5,stable,False,6
217.0,19,0.0,increase,True,7
227.0,20,0.2,increase,True,8
39.0,20,0.8666666666666667,stable,True,9
58.0,20,0.8666666666666667,loss,True,10
126.0,21,-0.07142857142857142,increase,False,11
98.0,21,-0.14285714285714285,increase,False,12
175.0,21,0.15384615384615385,increase,False,13
94.0,22,1.0833333333333333,increase,False,14
74.0,22,1.9166666666666667,loss,False,15
200.0,22,-0.14285714285714285,loss,False,16
101.0,23,-0.22857142857142856,loss,False,17
61.0,23,-0.37142857142857144,increase,False,18
107.0,23,-0.3333333333333333,increase,True,19
35.0,23,-0.25925925925925924,increase,True,20
140.0,24,0.36363636363636365,loss,True,21
,18,,increase,,0
886.0,20,3.6666666666666665,increase,True,1
226.0,20,1.1428571428571428,increase,False,2
46.0,21,3.2857142857142856,increase,True,3
128.0,21,3.2857142857142856,increase,True,4
52.0,21,1.0,loss,True,5
288.0,22,-0.16666666666666666,increase,False,6
170.0,23,-0.16666666666666666,stable,True,7
35.0,22,0.2,loss,False,8
182.0,23,-0.25,loss,True,9
115.0,23,-0.3333333333333333,stable,True,10
268.0,24,0.0,increase,True,11
88.0,24,1.25,increase,True,12
60.0,24,2.0,increase,True,13
,19,,increase,,0
323.0,20,1.5,increase,False,1
217.0,20,5.0,increase,True,2
12.0,21,5.0,increase,True,3
86.0,21,6.2,stable,True,4
74.0,21,6.2,stable,True,5
217.0,22,0.0,increase,False,6
88.0,22,0.1111111111111111,increase,False,7
60.0,22,0.2222222222222222,increase,False,8
,18,,increase,,0
276.0,19,2.0,increase,False,1
19.0,18,2.0,increase,False,2
191.0,19,0.3333333333333333,increase,True,3
404.0,20,0.5,increase,False,4
158.0,21,0.5,increase,False,5
332.0,21,0.16666666666666666,stable,False,6
13.0,21,0.16666666666666666,loss,False,7
179.0,22,0.0,loss,False,8
129.0,22,-0.2857142857142857,stable,False,9
226.0,23,0.0,increase,False,10
19.0,23,0.4,increase,True,11
346.0,24,0.7142857142857143,stable,True,12
230.0,24,0.08333333333333333,increase,False,13
71.0,25,0.08333333333333333,increase,False,14
50.0,24,0.3333333333333333,stable,False,15
180.0,25,0.0,loss,False,16
97.0,25,0.0,loss,True,17
100.0,26,-0.25,loss,True,18
183.0,26,-0.16666666666666666,stable,False,19
87.0,27,-0.16666666666666666,stable,False,20
284.0,27,0.0,increase,False,21
175.0,28,1.0,increase,False,22
104.0,28,4.0,increase,False,23
63.0,28,5.0,increase,False,24
104.0,29,3.0,increase,False,25
101.0,29,0.5,stable,False,26
137.0,29,0.125,stable,False,27
,18,,increase,,0
312.0,19,4.0,stable,False,1
226.0,20,0.0,loss,False,2
307.0,20,-0.4,stable,False,3
237.0,21,0.0,loss,False,4
207.0,22,-0.3333333333333333,stable,False,5
234.0,22,0.0,stable,True,6
187.0,23,0.0,increase,True,7
366.0,24,1.0,stable,True,8
1925.0,29,0.0,stable,False,9
310.0,30,0.0,stable,True,10
12.0,30,0.0,stable,False,11
196.0,30,0.0,loss,True,12
181.0,31,-0.125,loss,False,13
186.0,31,-0.14285714285714285,loss,True,14
148.0,32,-0.42857142857142855,loss,True,15
,18,,increase,,0
502.0,19,0.5,stable,True,1
179.0,19,0.75,loss,True,2
182.0,20,-0.14285714285714285,loss,False,3
185.0,20,-0.16666666666666666,increase,False,4
180.0,21,1.4,increase,False,5
188.0,21,1.9166666666666667,increase,True,6
45.0,22,4.833333333333333,increase,True,7
39.0,22,4.0,increase,True,8
281.0,22,1.3333333333333333,increase,False,9
,18,,increase,,0
175.0,19,,increase,,1
45.0,19,1.0,increase,False,2
236.0,19,4.0,increase,True,3
66.0,19,8.0,increase,True,4
176.0,20,1.5,increase,False,5
192.0,20,0.12,loss,False,6
219.0,21,-0.10714285714285714,stable,False,7
6.0,21,-0.10714285714285714,stable,False,8
316.0,22,0.0,increase,True,9
47.0,22,0.0,increase,True,10
149.0,22,0.4,increase,True,11
39.0,23,0.4,increase,True,12
278.0,23,1.8571428571428572,stable,True,13
216.0,24,0.0,stable,False,14
188.0,24,0.0,increase,False,15
138.0,25,0.0,increase,False,16
73.0,25,0.5,increase,False,17
153.0,25,0.8,stable,False,18
181.0,26,0.0,increase,False,19
,20,,increase,,0
156.0,21,,increase,,1
121.0,21,5.0,increase,False,2
111.0,21,0.6666666666666666,loss,False,3
133.0,22,0.6666666666666666,increase,False,4
159.0,22,-0.2,increase,False,5
72.0,22,1.8,increase,False,6
63.0,23,3.0,loss,True,7
91.0,23,4.0,loss,True,8
68.0,23,0.42857142857142855,loss,True,9
212.0,24,-0.2,stable,False,10
50.0,25,-0.1,loss,True,11
124.0,24,-0.2,stable,False,12
285.0,25,0.0,loss,True,13
92.0,25,-0.125,increase,True,14
122.0,26,-0.375,increase,True,15
55.0,26,-0.25,increase,True,16
155.0,26,0.6,stable,False,17
220.0,27,0.0,increase,False,18
88.0,27,0.25,increase,False,19
60.0,27,0.25,increase,False,20
108.0,28,0.5,increase,False,21
175.0,28,0.8,loss,False,22
,17,,stable,,0
298.0,17,0.0,increase,False,1
7.0,18,9.0,increase,False,2
22.0,18,79.0,stable,True,3
97.0,18,29.0,increase,False,4
65.0,18,2.0,increase,False,5
202.0,19,1.6666666666666667,increase,True,6
40.0,19,1.6666666666666667,increase,True,7
158.0,19,0.25,increase,False,8
332.0,20,0.4,increase,False,9
13.0,20,0.4,increase,False,10
179.0,21,0.7142857142857143,increase,False,11
97.0,21,1.1428571428571428,increase,False,12
32.0,21,1.4285714285714286,increase,False,13
108.0,21,0.6666666666666666,increase,False,14
61.0,22,0.5333333333333333,increase,False,15
57.0,22,0.47058823529411764,increase,False,16
139.0,22,0.30434782608695654,increase,False,17
28.0,22,0.5217391304347826,stable,False,18
197.0,23,0.0,loss,False,19
231.0,23,-0.2,stable,False,20
43.0,23,-0.14285714285714285,stable,False,21
251.0,24,-0.06666666666666667,loss,False,22
46.0,25,-0.16666666666666666,loss,False,23
84.0,24,0.06666666666666667,loss,False,24
81.0,25,-0.17857142857142858,loss,False,25
258.0,25,-0.21739130434782608,stable,False,26
5.0,26,-0.13043478260869565,stable,False,27
284.0,26,-0.1,loss,False,28
118.0,27,-0.3,loss,False,29
57.0,27,-0.3,loss,False,30
104.0,27,-0.4444444444444444,loss,False,31
63.0,27,-0.2857142857142857,loss,False,32
205.0,28,-0.2,stable,False,33
137.0,28,-0.2,stable,False,34
,17,,increase,,0
187.0,18,0.3333333333333333,increase,False,1
150.0,18,1.6666666666666667,increase,False,2
425.0,19,0.5,increase,False,3
336.0,20,1.0,loss,True,4
230.0,20,-0.125,increase,False,5
71.0,21,-0.125,increase,False,6
217.0,22,2.4285714285714284,increase,False,7
83.0,22,6.619047619047619,increase,True,8
24.0,21,1.0952380952380953,increase,False,9
104.0,22,1.2222222222222223,increase,True,10
57.0,23,0.25,stable,False,11
40.0,22,4.0,loss,True,12
68.0,23,4.454545454545454,loss,True,13
393.0,24,-0.25,increase,False,14
174.0,24,-0.3333333333333333,increase,False,15
79.0,25,0.1111111111111111,increase,False,16
220.0,25,0.4,increase,False,17
145.0,26,0.4,increase,False,18
18.0,25,0.8,increase,False,19
172.0,26,1.1428571428571428,increase,True,20
35.0,26,0.3333333333333333,increase,True,21
140.0,27,1.2222222222222223,stable,True,22
,19,,increase,,0
221.0,19,1.6666666666666667,increase,False,1
173.0,20,2.3333333333333335,increase,False,2
126.0,20,1.0,stable,True,3
128.0,21,0.8,loss,True,4
57.0,21,0.0,loss,False,5
108.0,21,0.125,loss,False,6
393.0,22,-0.2222222222222222,increase,False,7
111.0,22,0.0,increase,False,8
63.0,23,0.3333333333333333,stable,False,9
79.0,23,0.7142857142857143,stable,False,10
220.0,24,0.0,loss,False,11
145.0,24,0.25,loss,False,12
,18,,increase,,0
156.0,18,,increase,,1
121.0,18,27.0,stable,False,2
244.0,19,0.0,stable,False,3
159.0,19,-0.1,increase,False,4
70.0,20,-0.1,increase,True,5
156.0,20,0.1111111111111111,loss,True,6
141.0,20,0.1111111111111111,loss,False,7
110.0,21,-0.14285714285714285,loss,False,8
170.0,21,-0.2857142857142857,loss,False,9
167.0,22,-0.3333333333333333,stable,False,10
71.0,22,-0.24,stable,False,11
347.0,23,0.0,increase,False,12
160.0,23,0.0,increase,False,13
120.0,24,0.3157894736842105,increase,True,14
97.0,24,0.4473684210526316,increase,True,15
148.0,24,0.8,increase,False,16
108.0,25,0.8181818181818182,increase,False,17
35.0,25,0.8181818181818182,increase,False,18
140.0,25,0.6666666666666666,loss,False,19
,21,,increase,,0
80.0,21,,increase,,1
292.0,22,0.5,increase,False,2
5.0,22,-0.1,increase,False,3
70.0,22,1.5,increase,False,4
65.0,22,3.25,stable,False,5
91.0,23,3.7222222222222223,stable,False,6
141.0,23,0.0,increase,False,7
139.0,23,0.0,increase,False,8
78.0,24,0.47058823529411764,loss,False,9
96.0,24,0.47058823529411764,loss,False,10
370.0,25,-0.2,loss,False,11
129.0,25,-0.36,stable,False,12
55.0,25,-0.25,stable,False,13
155.0,26,-0.0625,stable,False,14
206.0,26,0.0,loss,False,15
165.0,27,-0.13333333333333333,stable,False,16
,17,,increase,,0
321.0,18,0.4,increase,False,1
135.0,18,1.0,stable,False,2
41.0,18,1.0,stable,False,3
187.0,19,0.0,stable,True,4
231.0,19,-0.1,increase,False,5
70.0,20,-0.1,increase,True,6
65.0,20,0.0,increase,True,7
91.0,20,0.3333333333333333,increase,True,8
68.0,20,0.6666666666666666,stable,False,9
217.0,21,0.0,loss,True,10
190.0,21,-0.13333333333333333,loss,False,11
128.0,22,-0.4,stable,True,12
216.0,22,0.0,increase,False,13
134.0,23,0.3333333333333333,increase,True,14
55.0,23,0.3333333333333333,increase,True,15
155.0,23,0.3333333333333333,stable,False,16
40.0,23,0.25,stable,False,17
180.0,24,0.06666666666666667,increase,False,18
148.0,24,0.3333333333333333,increase,False,19
108.0,25,0.25,increase,False,20
175.0,25,0.5,loss,False,21
,18,,increase,,0
231.0,18,1.0,increase,False,1
315.0,19,1.0,loss,True,2
25.0,19,0.5,stable,False,3
175.0,20,-0.25,increase,False,4
154.0,20,0.0,increase,True,5
207.0,21,0.6666666666666666,increase,False,6
146.0,21,1.6666666666666667,increase,True,7
257.0,22,4.0,increase,False,8
79.0,22,11.5,increase,False,9
24.0,22,16.5,increase,True,10
23.0,22,1.5,increase,False,11
142.0,23,0.6,increase,True,12
92.0,23,15.0,increase,True,13
166.0,23,2.25,increase,False,14
5.0,23,2.75,stable,False,15
284.0,24,0.0,stable,False,16
175.0,25,0.0,loss,True,17
167.0,25,0.0,loss,True,18
205.0,26,-0.2,increase,False,19
97.0,26,-0.06666666666666667,increase,False,20
40.0,26,-0.06666666666666667,increase,False,21
129.0,27,0.6666666666666666,increase,True,22
35.0,26,0.42857142857142855,increase,True,23
140.0,27,1.0,loss,True,24
,19,,stable,,0
142.0,19,,stable,,1
274.0,20,0.0,increase,False,2
355.0,21,1.0,increase,False,3
26.0,20,1.0,increase,False,4
74.0,21,3.0,increase,False,5
183.0,22,0.25,increase,False,6
87.0,22,2.75,stable,False,7
284.0,23,0.0,increase,False,8
127.0,23,0.5,increase,True,9
55.0,23,0.3333333333333333,increase,True,10
155.0,24,0.1111111111111111,stable,False,11
40.0,23,0.25,stable,False,12
180.0,24,0.0,increase,False,13
148.0,25,0.0,increase,False,14
108.0,25,0.8,increase,False,15
35.0,25,0.6,increase,False,16
140.0,26,1.4,stable,False,17
,19,,increase,,0
252.0,19,1.0,increase,True,1
556.0,21,15.666666666666666,increase,True,2
41.0,21,45.666666666666664,increase,True,3
121.0,22,145.66666666666666,loss,True,4
58.0,21,6.2,stable,False,5
239.0,22,-0.027777777777777776,loss,False,6
70.0,22,-0.027777777777777776,loss,False,7
156.0,23,-0.14285714285714285,loss,False,8
141.0,23,-0.14285714285714285,increase,False,9
139.0,24,-0.13333333333333333,increase,False,10
78.0,25,0.4666666666666667,loss,False,11
96.0,24,-0.13333333333333333,increase,False,12
92.0,24,-0.3181818181818182,increase,False,13
278.0,25,0.6666666666666666,stable,False,14
182.0,26,0.0,stable,False,15
160.0,26,0.0,stable,False,16
203.0,27,0.0,loss,False,17
92.0,27,-0.12,loss,False,18
73.0,27,-0.2,loss,False,19
105.0,28,-0.28,loss,True,20
35.0,27,-0.2727272727272727,stable,True,21
140.0,28,-0.25,stable,True,22
,18,,stable,,0
402.0,19,0.0,stable,False,1
365.0,20,0.0,increase,False,2
57.0,20,7.0,increase,False,3
184.0,21,1.5,stable,False,4
220.0,21,-0.1,increase,False,5
178.0,22,0.5,stable,False,6
151.0,22,0.8888888888888888,loss,False,7
169.0,23,0.0,stable,True,8
183.0,23,0.0,increase,False,9
151.0,24,0.2,increase,False,10
39.0,24,0.6666666666666666,stable,False,11
187.0,24,0.0,increase,False,12
114.0,25,-0.2,increase,False,13
56.0,25,0.0,increase,False,14
98.0,25,0.4,increase,False,15
76.0,25,1.0,stable,False,16
207.0,26,0.0,increase,True,17
88.0,26,1.0,increase,True,18
60.0,26,1.5,increase,True,19
,17,,increase,,0
8.0,18,,increase,,1
125.0,18,,increase,,2
68.0,18,4.333333333333333,increase,True,3
187.0,19,0.875,loss,False,4
248.0,19,-0.13333333333333333,increase,False,5
22.0,19,1.6666666666666667,increase,False,6
79.0,20,4.333333333333333,increase,False,7
35.0,20,5.666666666666667,increase,False,8
50.0,20,6.6923076923076925,increase,True,9
313.0,21,0.2,increase,False,10
85.0,22,2.0,stable,True,11
77.0,21,1.5,stable,False,12
111.0,21,0.0,loss,False,13
49.0,21,-0.3333333333333333,increase,True,14
229.0,22,0.25,loss,True,15
120.0,22,-0.1,loss,True,16
57.0,23,-0.3,loss,True,17
167.0,23,-0.3333333333333333,stable,False,18
118.0,23,-0.21428571428571427,increase,True,19
97.0,24,0.0,increase,True,20
88.0,24,0.2727272727272727,increase,False,21
60.0,24,0.36363636363636365,increase,False,22
108.0,25,0.25,increase,False,23
175.0,25,0.4666666666666667,loss,False,24
,17,,stable,,0
99.0,17,,increase,,1
128.0,18,0.0,increase,False,2
45.0,18,1.0,increase,False,3
75.0,19,19.0,stable,True,4
9.0,18,9.0,increase,True,5
413.0,19,1.0,stable,False,6
51.0,20,1.25,loss,True,7
13.0,19,0.8,stable,True,8
128.0,20,-0.0625,loss,True,9
11.0,20,-0.0625,increase,True,10
47.0,21,-0.09722222222222222,increase,False,11
123.0,21,-0.3333333333333333,increase,False,12
190.0,21,1.4,increase,False,13
162.0,22,2.6,increase,False,14
137.0,22,1.0833333333333333,loss,False,15
160.0,22,0.2222222222222222,stable,False,16
261.0,23,-0.09090909090909091,loss,False,17
14.0,23,-0.09090909090909091,loss,True,18
138.0,24,-0.09090909090909091,loss,True,19
226.0,24,-0.25,loss,False,20
181.0,25,-0.13333333333333333,increase,True,21
,17,,stable,,0
220.0,17,0.0,increase,False,1
281.0,18,14.0,increase,True,2
169.0,18,24.0,increase,True,3
105.0,18,4.0,stable,True,4
63.0,19,4.0,stable,True,5
205.0,19,0.0,increase,False,6
97.0,19,0.2,increase,False,7
40.0,20,1.2666666666666666,increase,False,8
161.0,20,1.7777777777777777,stable,False,9
,18,,increase,,0
839.0,20,9.0,increase,True,1
235.0,21,2.0,increase,True,2
156.0,21,7.0,increase,True,3
106.0,22,3.0,increase,True,4
121.0,22,2.125,loss,True,5
58.0,22,1.25,stable,True,6
239.0,23,-0.027777777777777776,stable,False,7
30.0,22,0.2222222222222222,loss,False,8
40.0,23,-0.1111111111111111,stable,True,9
70.0,23,-0.2222222222222222,increase,True,10
154.0,24,0.0625,loss,True,11
131.0,23,0.14285714285714285,stable,False,12
52.0,24,-0.11764705882352941,loss,True,13
107.0,25,0.0,loss,True,14
63.0,25,0.0625,loss,True,15
307.0,25,-0.23529411764705882,increase,False,16
96.0,26,-0.058823529411764705,stable,False,17
182.0,26,0.0625,stable,False,18
160.0,27,0.0625,stable,False,19
203.0,27,0.0,increase,False,20
165.0,28,-0.11764705882352941,increase,False,21
105.0,28,0.17647058823529413,increase,False,22
35.0,28,0.058823529411764705,increase,False,23
140.0,29,0.6666666666666666,stable,False,24
,20,,increase,,0
156.0,21,,increase,,1
121.0,21,119.0,increase,False,2
106.0,22,8.333333333333334,loss,True,3
58.0,21,7.333333333333333,loss,True,4
234.0,22,-0.24,stable,False,5
5.0,22,-0.1,loss,False,6
70.0,22,-0.36,increase,False,7
156.0,23,-0.2,stable,False,8
68.0,23,0.125,stable,False,9
212.0,24,0.0,loss,True,10
78.0,24,-0.1111111111111111,loss,True,11
96.0,24,0.0,loss,True,12
274.0,25,-0.2777777777777778,stable,True,13
96.0,25,-0.3333333333333333,increase,False,14
184.0,26,0.16666666666666666,increase,False,15
155.0,26,0.16666666666666666,increase,False,16
220.0,27,0.14285714285714285,loss,False,17
88.0,27,0.2857142857142857,loss,False,18
60.0,27,0.2857142857142857,loss,False,19
108.0,28,-0.125,loss,False,20
35.0,27,-0.1111111111111111,loss,False,21
140.0,28,-0.4444444444444444,increase,False,22
,19,,increase,,0
142.0,19,,increase,,1
394.0,20,34.0,increase,True,2
117.0,20,79.0,increase,True,3
101.0,20,2.4285714285714284,increase,False,4
116.0,21,0.875,stable,False,5
205.0,21,0.0,increase,False,6
176.0,22,0.3333333333333333,increase,False,7
121.0,22,0.4666666666666667,stable,False,8
297.0,23,0.09090909090909091,increase,False,9
30.0,22,0.36363636363636365,increase,False,10
40.0,23,0.8181818181818182,increase,False,11
65.0,23,1.0454545454545454,stable,False,12
91.0,24,0.5,stable,False,13
71.0,24,0.125,stable,False,14
209.0,24,0.0,loss,False,15
78.0,25,-0.3333333333333333,loss,False,16
18.0,25,-0.06666666666666667,loss,False,17
78.0,25,-0.1111111111111111,loss,False,18
274.0,26,-0.375,loss,False,19
96.0,26,-0.375,loss,False,20
182.0,26,-0.12,stable,False,21
160.0,27,-0.12,stable,False,22
203.0,27,0.0,loss,False,23
92.0,28,-0.09090909090909091,stable,False,24
73.0,28,-0.2727272727272727,increase,False,25
105.0,28,-0.3181818181818182,increase,True,26
175.0,29,0.375,stable,True,27
,19,,increase,,0
156.0,20,,increase,,1
293.0,21,3.0,stable,True,2
72.0,21,3.0,increase,True,3
159.0,21,-0.1,increase,True,4
73.0,21,0.125,increase,True,5
167.0,22,1.2222222222222223,increase,True,6
96.0,22,1.6666666666666667,increase,False,7
169.0,23,1.25,stable,True,8
258.0,23,0.0,loss,False,9
5.0,23,0.0,loss,False,10
199.0,24,-0.2222222222222222,loss,False,11
85.0,24,-0.3333333333333333,loss,False,12
175.0,25,-0.35714285714285715,loss,False,13
104.0,25,-0.4166666666666667,loss,False,14
63.0,25,-0.5833333333333334,loss,False,15
205.0,26,-0.2,increase,False,16
97.0,26,-0.4,increase,False,17
40.0,26,-0.4,increase,False,18
129.0,26,1.0,increase,True,19
35.0,26,0.6666666666666666,increase,True,20
140.0,27,2.3333333333333335,stable,True,21
,19,,increase,,0
220.0,20,0.3333333333333333,increase,True,1
155.0,20,0.3333333333333333,increase,True,2
220.0,21,1.9166666666666667,stable,False,3
148.0,21,1.9166666666666667,stable,False,4
,17,,increase,,0
17.0,18,,increase,,1
16.0,18,,increase,,2
156.0,18,4.0,increase,True,3
272.0,19,1.4,increase,False,4
87.0,19,4.0,increase,True,5
54.0,19,11.0,increase,True,6
2.0,19,19.0,increase,True,7
95.0,19,11.5,increase,True,8
158.0,20,0.6,increase,False,9
198.0,20,0.125,increase,False,10
118.0,21,0.375,increase,False,11
50.0,21,0.1875,increase,False,12
464.0,22,0.8947368421052632,loss,False,13
56.0,21,0.8947368421052632,loss,False,14
36.0,23,0.6842105263157895,stable,False,15
85.0,22,0.6842105263157895,stable,False,16
279.0,24,0.0,stable,False,17
40.0,23,0.0,stable,False,18
158.0,24,0.0,stable,False,19
332.0,25,0.0,loss,False,20
13.0,24,0.0,increase,False,21
179.0,25,-0.125,increase,False,22
97.0,26,0.125,increase,False,23
32.0,26,0.25,increase,False,24
164.0,26,0.2222222222222222,increase,True,25
63.0,26,0.25,increase,True,26
176.0,27,0.36363636363636365,stable,False,27
121.0,27,0.4,stable,False,28
292.0,28,-0.08571428571428572,loss,False,29
5.0,28,-0.2,loss,False,30
70.0,28,-0.08571428571428572,loss,False,31
85.0,29,-0.37142857142857144,loss,False,32
71.0,29,-0.10714285714285714,loss,False,33
53.0,29,-0.4375,loss,False,34
227.0,29,-0.1111111111111111,loss,False,35
78.0,30,-0.4444444444444444,stable,True,36
18.0,30,-0.4444444444444444,increase,False,37
78.0,30,-0.5,increase,False,38
92.0,30,0.0,increase,False,39
278.0,31,0.2,stable,False,40
182.0,31,0.08333333333333333,loss,False,41
160.0,32,0.08333333333333333,loss,False,42
203.0,32,-0.15384615384615385,loss,False,43
165.0,33,-0.23076923076923078,loss,False,44
,19,,increase,,0
165.0,19,,increase,,1
147.0,20,0.6666666666666666,increase,False,2
214.0,20,0.6,increase,False,3
151.0,21,1.0,increase,False,4
372.0,22,0.4,increase,False,5
32.0,21,0.0,increase,False,6
196.0,22,1.0,increase,True,7
176.0,23,1.0,increase,False,8
190.0,23,0.5,increase,False,9
143.0,24,1.0,increase,False,10
301.0,24,0.25,stable,False,11
102.0,25,0.75,loss,False,12
177.0,26,0.0,increase,False,13
10.0,25,-0.14285714285714285,increase,False,14
373.0,26,0.3333333333333333,increase,True,15
72.0,27,1.0,increase,True,16
64.0,27,1.6666666666666667,stable,True,17
191.0,27,0.0,increase,False,18
79.0,28,1.125,loss,False,19
119.0,27,0.5625,loss,False,20
86.0,28,-0.17647058823529413,loss,True,21
83.0,28,-0.17647058823529413,loss,True,22
229.0,28,-0.21428571428571427,stable,False,23
128.0,29,-0.21428571428571427,loss,False,24
117.0,30,-0.09090909090909091,stable,False,25
190.0,30,-0.1,loss,True,26
78.0,30,-0.25,loss,True,27
66.0,31,-0.5,loss,True,28
127.0,31,-0.4666666666666667,stable,True,29
351.0,32,0.0,loss,True,30
174.0,32,0.0,loss,True,31
79.0,33,-0.125,loss,False,32
220.0,33,-0.14285714285714285,loss,False,33
145.0,34,-0.5714285714285714,loss,False,34
18.0,33,-0.42857142857142855,loss,False,35
,19,,stable,,0
,20,,increase,,0
181.0,21,2.3333333333333335,increase,False,1
161.0,21,1.6666666666666667,increase,False,2
186.0,22,1.5,increase,False,3
178.0,22,24.0,increase,False,4
79.0,22,17.0,loss,True,5
58.0,22,17.0,loss,True,6
224.0,23,-0.16666666666666666,stable,False,7
179.0,23,-0.1111111111111111,stable,True,8
160.0,24,0.06666666666666667,stable,True,9
203.0,24,0.0,increase,False,10
92.0,25,0.5625,increase,False,11
73.0,25,0.5625,increase,False,12
,17,,increase,,0
37.0,18,,increase,,1
60.0,19,,increase,,2
40.0,18,,increase,,3
441.0,19,2.5,increase,False,4
74.0,20,4.0,stable,False,5
20.0,19,4.0,increase,False,6
167.0,20,-0.1,increase,False,7
169.0,21,0.5,stable,False,8
176.0,21,0.6666666666666666,stable,True,9
189.0,22,0.0,increase,False,10
157.0,22,4.333333333333333,increase,False,11
10.0,22,9.0,increase,False,12
14.0,22,12.333333333333334,increase,False,13
154.0,23,15.666666666666666,stable,False,14
196.0,23,-0.04,loss,True,15
85.0,23,-0.2,loss,True,16
144.0,23,-0.3333333333333333,stable,False,17
70.0,24,-0.35,increase,True,18
156.0,24,-0.0625,increase,True,19
69.0,24,0.6923076923076923,stable,False,20
211.0,25,0.0,increase,True,21
78.0,26,0.45454545454545453,loss,True,22
96.0,26,0.13636363636363635,increase,True,23
92.0,26,-0.125,stable,False,24
278.0,27,0.07142857142857142,increase,False,25
182.0,27,0.16666666666666666,stable,False,26
160.0,27,0.16666666666666666,stable,False,27
203.0,28,-0.08571428571428572,loss,True,28
165.0,28,-0.22857142857142856,loss,True,29
,18,,increase,,0
56.0,18,,increase,,1
451.0,19,4.333333333333333,increase,False,2
141.0,19,7.0,increase,False,3
49.0,20,1.5,increase,True,4
123.0,20,2.25,increase,True,5
190.0,20,0.5384615384615384,increase,False,6
162.0,21,0.9230769230769231,increase,False,7
137.0,21,0.5,increase,False,8
397.0,22,0.16666666666666666,increase,False,9
24.0,22,0.0,increase,False,10
167.0,23,0.14285714285714285,stable,False,11
206.0,23,0.0,increase,True,12
59.0,24,0.875,increase,True,13
134.0,24,0.25,increase,False,14
,17,,increase,,0
137.0,18,,stable,,1
67.0,18,1.0,stable,False,2
82.0,18,1.0,stable,False,3
265.0,19,0.0,increase,False,4
130.0,19,0.0,increase,False,5
102.0,19,1.5,stable,False,6
300.0,20,-0.08,increase,False,7
6.0,20,0.2,increase,True,8
84.0,20,0.0,increase,False,9
234.0,21,1.4,stable,True,10
38.0,21,0.2,increase,True,11
151.0,22,0.0,stable,True,12
66.0,22,1.6666666666666667,loss,True,13
15.0,22,1.6666666666666667,loss,True,14
112.0,22,0.0,loss,True,15
255.0,23,-0.16666666666666666,stable,False,16
82.0,23,-0.16666666666666666,stable,False,17
192.0,24,0.0,increase,False,18
197.0,24,0.2,loss,False,19
163.0,25,0.2,loss,True,20
165.0,25,-0.16666666666666666,increase,True,21
105.0,26,-0.3333333333333333,increase,False,22
175.0,26,0.6,stable,False,23
,16,,increase,,0
415.0,16,5.0,increase,False,1
203.0,17,1.6666666666666667,increase,False,2
162.0,17,7.333333333333333,increase,False,3
167.0,18,3.375,stable,False,4
128.0,18,0.4,stable,False,5
176.0,19,0.0,loss,False,6
121.0,19,0.0,loss,True,7
292.0,20,-0.2857142857142857,loss,False,8
5.0,19,-0.1,loss,False,9
114.0,20,-0.42857142857142855,stable,True,10
284.0,21,-0.1,increase,False,11
26.0,20,0.0,stable,False,12
82.0,21,-0.25,increase,True,13
78.0,22,0.2222222222222222,stable,True,14
96.0,22,-0.1,stable,True,15
92.0,22,0.0,loss,False,16
278.0,23,-0.18181818181818182,loss,False,17
182.0,23,-0.2777777777777778,loss,False,18
160.0,24,-0.4444444444444444,stable,False,19
203.0,24,-0.1,increase,True,20
165.0,25,0.5,increase,True,21
,20,,increase,,0
162.0,20,,increase,,1
209.0,21,1.0,increase,True,2
388.0,22,1.5,increase,False,3
133.0,22,3.5,loss,False,4
159.0,22,0.4,increase,False,5
70.0,23,-0.2222222222222222,increase,True,6
65.0,23,0.1111111111111111,increase,True,7
91.0,23,1.0,increase,True,8
141.0,23,0.4,increase,False,9
110.0,24,0.2857142857142857,increase,False,10
107.0,25,0.42857142857142855,increase,False,11
63.0,24,0.14285714285714285,increase,False,12
307.0,25,0.5,increase,False,13
96.0,25,0.875,increase,False,14
182.0,26,0.3333333333333333,increase,False,15
160.0,26,0.6666666666666666,increase,False,16
203.0,27,0.12,stable,False,17
92.0,27,0.4,loss,False,18
73.0,27,0.4,loss,False,19
105.0,28,0.07142857142857142,loss,False,20
175.0,28,-0.37142857142857144,increase,False,21
,17,,increase,,0
298.0,18,2.0,increase,False,1
37.0,18,4.0,increase,True,2
60.0,19,15.0,increase,True,3
40.0,19,7.0,increase,True,4
268.0,20,10.25,increase,False,5
173.0,20,12.75,stable,False,6
74.0,20,0.4444444444444444,loss,False,7
187.0,21,-0.15384615384615385,increase,False,8
169.0,21,-0.15384615384615385,increase,False,9
202.0,22,0.8181818181818182,loss,True,10
72.0,22,0.45454545454545453,stable,True,11
255.0,23,0.0,loss,False,12
79.0,23,0.0,loss,False,13
288.0,24,-0.125,loss,False,14
229.0,24,-0.21428571428571427,stable,False,15
70.0,25,-0.21428571428571427,stable,True,16
156.0,25,-0.09090909090909091,stable,True,17
141.0,25,-0.09090909090909091,increase,False,18
110.0,26,0.0,increase,False,19
107.0,27,0.4,stable,False,20
63.0,26,-0.2,increase,False,21
125.0,26,0.0,increase,False,22
182.0,27,0.7142857142857143,increase,False,23
96.0,27,1.1428571428571428,stable,False,24
182.0,28,0.0,stable,False,25
160.0,28,0.0,stable,False,26
203.0,29,0.0,loss,False,27
165.0,29,-0.13333333333333333,loss,False,28
,18,,increase,,0
410.0,19,4.0,stable,False,1
7.0,19,1.5,increase,False,2
367.0,20,1.0,stable,False,3
13.0,20,1.0,stable,False,4
190.0,21,0.0,increase,False,5
136.0,21,0.5,increase,False,6
129.0,21,1.0,increase,True,7
77.0,22,0.3333333333333333,increase,True,8
189.0,22,0.25,increase,False,9
167.0,23,0.25,increase,False,10
14.0,23,1.0,increase,False,11
154.0,23,2.6,increase,False,12
189.0,24,0.1111111111111111,loss,False,13
236.0,24,-0.2,increase,False,14
21.0,24,-0.1,increase,False,15
49.0,24,0.2,increase,True,16
156.0,25,0.3333333333333333,increase,True,17
69.0,25,0.16666666666666666,stable,False,18
211.0,26,0.0,loss,False,19
78.0,26,0.0,loss,False,20
96.0,26,0.0,loss,False,21
370.0,27,-0.10714285714285714,loss,False,22
82.0,27,-0.39285714285714285,stable,True,23
100.0,28,-0.32,loss,True,24
160.0,28,0.0,loss,False,25
203.0,29,-0.11764705882352941,loss,False,26
165.0,29,-0.23529411764705882,loss,False,27
,17,,increase,,0
130.0,17,,increase,,1
357.0,18,1.6666666666666667,increase,False,2
34.0,18,4.0,increase,True,3
68.0,19,7.333333333333333,increase,True,4
68.0,19,10.666666666666666,increase,True,5
136.0,19,1.6,increase,False,6
137.0,20,1.5714285714285714,increase,False,7
179.0,19,0.38461538461538464,increase,False,8
69.0,20,0.3333333333333333,increase,False,9
48.0,20,0.8888888888888888,increase,False,10
283.0,21,0.29411764705882354,stable,False,11
68.0,21,0.29411764705882354,stable,False,12
235.0,22,-0.09090909090909091,stable,True,13
70.0,22,-0.18181818181818182,stable,True,14
156.0,23,-0.1,stable,False,15
141.0,23,0.0,loss,False,16
110.0,23,0.0,loss,False,17
170.0,24,-0.1111111111111111,increase,False,18
167.0,24,-0.1111111111111111,increase,False,19
71.0,25,0.25,stable,False,20
77.0,25,0.125,increase,False,21
270.0,25,0.1111111111111111,stable,True,22
160.0,26,0.1111111111111111,stable,True,23
203.0,26,0.0,increase,True,24
92.0,27,0.25,stable,True,25
73.0,27,0.25,stable,True,26
,20,,loss,,0
238.0,19,-0.75,increase,False,1
52.0,20,1.0,increase,False,2
119.0,20,1.5,stable,False,3
128.0,21,0.25,stable,False,4
218.0,21,0.0,increase,False,5
116.0,22,0.5,increase,False,6
142.0,22,0.8,increase,False,7
63.0,22,0.6666666666666666,increase,False,8
176.0,23,0.3888888888888889,stable,False,9
121.0,23,0.28,loss,True,10
58.0,23,0.28,loss,True,11
239.0,23,-0.203125,loss,False,12
70.0,24,-0.203125,loss,False,13
156.0,24,-0.13725490196078433,loss,False,14
141.0,25,-0.13725490196078433,increase,False,15
139.0,25,-0.18181818181818182,increase,False,16
78.0,26,0.13636363636363635,loss,False,17
96.0,26,-0.18181818181818182,increase,False,18
92.0,26,-0.12,increase,False,19
278.0,27,0.2727272727272727,stable,False,20
182.0,27,0.0,loss,True,21
160.0,28,-0.10714285714285714,stable,True,22
203.0,28,0.0,stable,False,23
165.0,29,0.12,loss,False,24
,19,,increase,,0
106.0,19,,stable,,1
55.0,20,,stable,,2
155.0,20,0.0,stable,False,3
40.0,20,-0.09090909090909091,stable,False,4
180.0,21,0.0,increase,True,5
72.0,22,0.2,increase,False,6
76.0,21,0.0,increase,True,7
14.0,21,0.2,increase,False,8
,18,,increase,,0
135.0,17,,increase,,1
173.0,18,1.0,increase,False,2
195.0,19,1.25,increase,False,3
113.0,19,3.25,increase,True,4
57.0,19,6.0,increase,True,5
167.0,19,0.6470588235294118,increase,False,6
205.0,20,0.25,increase,False,7
97.0,20,0.42857142857142855,stable,False,8
40.0,20,0.42857142857142855,stable,False,9
,19,,increase,,0
11.0,19,,stable,,1
187.0,20,0.0,stable,False,2
177.0,20,0.0,stable,False,3
189.0,21,0.0,stable,False,4
,19,,increase,,0
118.0,20,,loss,,1
329.0,20,-0.5,increase,False,2
37.0,21,0.0,stable,False,3
238.0,21,0.0,loss,False,4
171.0,22,0.0,loss,False,5
128.0,22,-0.3333333333333333,stable,False,6
244.0,23,0.0,stable,True,7
209.0,23,0.0,increase,True,8
156.0,24,0.5,increase,True,9
106.0,24,1.0,increase,True,10
259.0,25,0.5,increase,True,11
159.0,25,0.2,increase,True,12
70.0,25,2.0,increase,False,13
156.0,26,3.1666666666666665,stable,False,14
141.0,26,0.1111111111111111,increase,False,15
110.0,26,0.0,increase,False,16
107.0,27,0.5,increase,False,17
63.0,27,0.0,increase,False,18
403.0,28,0.8,stable,False,19
182.0,28,0.0,loss,False,20
22.0,29,-0.2777777777777778,loss,False,21
138.0,29,-0.16666666666666666,loss,False,22
203.0,29,-0.26666666666666666,loss,False,23
92.0,30,-0.5333333333333333,loss,False,24
73.0,30,-0.6,loss,False,25
,19,,increase,,0
14.0,19,,increase,,1
679.0,21,0.3333333333333333,loss,False,2
10.0,21,0.6666666666666666,loss,False,3
216.0,22,-0.4,stable,False,4
277.0,22,0.0,increase,False,5
267.0,22,0.6,increase,True,6
18.0,23,1.6666666666666667,increase,True,7
189.0,24,0.5,increase,False,8
212.0,24,0.3333333333333333,stable,True,9
107.0,25,1.0,increase,True,10
102.0,25,0.0,increase,False,11
313.0,26,0.75,increase,False,12
203.0,26,0.42857142857142855,increase,False,13
162.0,27,1.1428571428571428,stable,False,14
167.0,27,0.8,loss,False,15
128.0,27,0.0,stable,False,16
176.0,28,-0.16666666666666666,stable,False,17
259.0,29,0.0,loss,False,18
159.0,29,-0.2,loss,False,19
70.0,29,-0.4,stable,False,20
156.0,30,-0.25,loss,False,21
141.0,30,0.0,loss,False,22
110.0,30,-0.3333333333333333,loss,False,23
107.0,31,-0.7777777777777778,increase,False,24
63.0,31,-0.4444444444444444,loss,False,25
125.0,31,0.5,loss,False,26
278.0,32,-0.3333333333333333,stable,False,27
182.0,32,0.0,stable,False,28
160.0,33,0.0,stable,False,29
203.0,33,0.0,loss,False,30
165.0,34,-0.25,loss,False,31
,17,,stable,,0
277.0,17,0.0,increase,True,1
92.0,18,4.0,increase,True,2
73.0,18,4.0,increase,True,3
,18,,loss,,0
149.0,18,,loss,,1
10.0,19,,stable,,2
138.0,19,-0.25,stable,True,3
159.0,19,-0.1,increase,True,4
70.0,20,-0.1,increase,True,5
156.0,20,3.814814814814815,increase,True,6
53.0,21,9.37037037037037,increase,False,7
88.0,20,5.666666666666667,increase,False,8
139.0,21,0.35714285714285715,stable,False,9
78.0,22,1.1111111111111112,stable,False,10
18.0,21,1.2222222222222223,loss,False,11
78.0,21,1.2222222222222223,loss,False,12
370.0,22,-0.125,loss,False,13
82.0,23,-0.25,loss,False,14
100.0,23,-0.2857142857142857,increase,False,15
22.0,24,-0.2,increase,True,16
138.0,23,-0.26666666666666666,increase,False,17
203.0,24,0.45454545454545453,loss,True,18
165.0,24,0.36363636363636365,loss,True,19
,18,,stable,,0
121.0,19,,stable,,1
187.0,19,0.0,loss,False,2
177.0,20,-0.4,stable,False,3
189.0,20,0.0,increase,False,4
113.0,20,0.6666666666666666,increase,False,5
,20,,increase,,0
23.0,20,,increase,,1
104.0,21,,increase,,2
80.0,21,11.0,stable,True,3
194.0,21,0.0,increase,False,4
,20,,increase,,0
100.0,20,,increase,,1
86.0,20,1.5,stable,False,2
74.0,20,1.5,stable,False,3
203.0,21,0.0,stable,False,4
165.0,21,0.0,increase,False,5
105.0,22,0.0,increase,False,6
35.0,22,0.2,stable,False,7
140.0,22,0.12,stable,True,8
,19,,increase,,0
53.0,19,,increase,,1
68.0,19,,stable,,2
187.0,20,0.0,increase,False,3
177.0,20,1.0,increase,False,4
54.0,21,14.0,stable,True,5
45.0,21,4.0,increase,False,6
90.0,21,3.0,increase,True,7
,20,,stable,,0
97.0,19,,increase,,1
83.0,20,0.0,increase,True,2
170.0,21,5.666666666666667,stable,True,3
167.0,21,0.6666666666666666,stable,True,4
71.0,22,0.0,stable,False,5
347.0,22,0.0,increase,False,6
86.0,22,1.0,increase,False,7
74.0,23,3.0,stable,False,8
203.0,23,0.0,increase,False,9
165.0,24,0.0,stable,False,10
,16,,increase,,0
320.0,16,3.0,increase,True,1
135.0,17,7.333333333333333,stable,True,2
51.0,17,1.0833333333333333,increase,True,3
176.0,17,0.0,increase,False,4
,19,,increase,,0
174.0,19,,stable,,1
357.0,21,0.0,increase,False,2
51.0,20,0.0,increase,True,3
209.0,21,1.0,increase,True,4
106.0,22,3.0,stable,True,5
238.0,21,0.0,increase,False,6
171.0,22,4.0,increase,False,7
128.0,23,14.0,increase,False,8
218.0,23,0.3333333333333333,increase,True,9
116.0,24,1.0,increase,True,10
49.0,24,1.3333333333333333,increase,True,11
156.0,24,0.3333333333333333,loss,False,12
176.0,25,0.14285714285714285,loss,False,13
121.0,25,-0.125,loss,False,14
297.0,26,-0.2,loss,False,15
70.0,26,-0.2571428571428571,loss,False,16
156.0,27,-0.21428571428571427,increase,False,17
71.0,27,-0.15384615384615385,increase,False,18
48.0,27,-0.038461538461538464,increase,False,19
161.0,27,0.13636363636363635,increase,False,20
78.0,28,0.12,stable,False,21
96.0,28,-0.2,increase,False,22
92.0,28,0.0,loss,False,23
182.0,29,-0.10714285714285714,loss,False,24
96.0,29,-0.21428571428571427,stable,False,25
182.0,29,0.0,stable,False,26
160.0,30,0.0,stable,False,27
203.0,30,-0.09090909090909091,loss,False,28
165.0,31,-0.18181818181818182,loss,False,29
,20,,stable,,0
121.0,20,,stable,,1
292.0,21,0.0,increase,True,2
77.0,21,1.0,stable,True,3
258.0,22,0.0,increase,False,4
95.0,21,0.0,increase,False,5
52.0,22,2.0,increase,False,6
107.0,23,3.0,stable,False,7
63.0,22,4.0,loss,False,8
403.0,24,-0.2,increase,False,9
129.0,24,0.4,stable,False,10
53.0,24,0.75,increase,False,11
160.0,25,0.0,increase,False,12
203.0,25,0.14285714285714285,stable,False,13
162.0,26,0.14285714285714285,loss,True,14
,21,,increase,,0
162.0,22,,increase,,1
798.0,24,1.0,increase,False,2
628.0,26,1.0,loss,True,3
69.0,26,1.0,loss,True,4
740.0,28,-0.125,increase,True,5
19.0,28,-0.125,increase,True,6
179.0,28,0.14285714285714285,stable,True,7
160.0,29,0.14285714285714285,stable,True,8
203.0,29,0.0,loss,False,9
165.0,30,0.0,loss,False,10
,18,,increase,,0
75.0,18,,increase,,1
297.0,18,0.5,stable,False,2
58.0,18,0.5,stable,True,3
81.0,19,0.5,stable,False,4
174.0,19,0.0,increase,True,5
149.0,20,0.0,increase,True,6
126.0,20,1.3333333333333333,increase,True,7
98.0,20,2.3333333333333335,increase,False,8
79.0,21,5.0,increase,True,9
100.0,21,2.5714285714285716,increase,True,10
86.0,21,0.6666666666666666,increase,False,11
74.0,21,1.3333333333333333,stable,False,12
203.0,22,0.0,stable,False,13
92.0,22,0.19047619047619047,loss,False,14
73.0,22,0.19047619047619047,loss,False,15
,18,,increase,,0
1122.0,21,3.0,increase,True,1
333.0,22,0.75,stable,False,2
212.0,22,0.0,increase,False,3
106.0,23,4.714285714285714,stable,True,4
103.0,23,4.714285714285714,stable,True,5
306.0,24,0.0,increase,False,6
128.0,24,0.0,increase,False,7
117.0,24,0.5,increase,False,8
101.0,25,2.0,increase,False,9
116.0,25,4.0,stable,False,10
205.0,26,0.0,increase,False,11
176.0,26,0.2,increase,False,12
121.0,27,0.6666666666666666,loss,False,13
297.0,27,-0.2,increase,False,14
70.0,27,0.12,loss,False,15
156.0,28,0.25,loss,False,16
141.0,28,-0.10714285714285714,loss,False,17
139.0,29,-0.12,loss,False,18
78.0,29,-0.12,loss,True,19
96.0,29,-0.12,loss,False,20
370.0,30,-0.18181818181818182,loss,True,21
182.0,31,-0.2777777777777778,loss,False,22
160.0,31,-0.2777777777777778,loss,False,23
203.0,32,-0.23076923076923078,loss,False,24
165.0,32,-0.3076923076923077,loss,False,25
,19,,increase,,0
321.0,20,2.0,increase,True,1
447.0,20,0.6666666666666666,increase,True,2
419.0,22,3.0,increase,True,3
69.0,22,3.0,increase,True,4
37.0,23,15.0,increase,True,5
103.0,23,1.25,increase,False,6
306.0,24,1.6666666666666667,increase,False,7
128.0,24,3.0,increase,False,8
218.0,24,0.1111111111111111,stable,True,9
116.0,25,0.1111111111111111,increase,True,10
142.0,25,0.1,increase,False,11
63.0,25,0.25,increase,False,12
176.0,26,0.36363636363636365,loss,False,13
121.0,26,0.2,loss,False,14
297.0,27,-0.3333333333333333,increase,False,15
30.0,27,-0.16666666666666666,increase,False,16
40.0,27,-0.06666666666666667,loss,False,17
156.0,28,0.12,loss,False,18
141.0,28,-0.10714285714285714,loss,False,19
139.0,28,-0.10714285714285714,loss,False,20
78.0,29,-0.44,increase,False,21
18.0,29,-0.12,loss,False,22
78.0,29,-0.2,loss,False,23
92.0,29,0.14285714285714285,loss,False,24
182.0,30,-0.375,loss,False,25
96.0,30,-0.375,loss,False,26
182.0,30,-0.3,loss,False,27
160.0,31,-0.4,stable,False,28
203.0,31,0.0,loss,False,29
165.0,32,-0.16666666666666666,loss,False,30
,19,,increase,,0
126.0,19,,increase,,1
50.0,18,,increase,,2
111.0,19,3.0,increase,False,3
90.0,20,29.0,increase,False,4
294.0,21,1.1666666666666667,increase,False,5
114.0,20,0.6666666666666666,increase,False,6
3.0,20,0.5,increase,False,7
163.0,21,0.15384615384615385,increase,False,8
133.0,21,0.8888888888888888,stable,False,9
207.0,22,0.0,increase,False,10
81.0,23,0.29411764705882354,increase,True,11
18.0,22,0.058823529411764705,increase,True,12
78.0,23,0.058823529411764705,increase,True,13
370.0,24,0.3888888888888889,increase,False,14
182.0,24,0.12,stable,False,15
160.0,24,0.12,stable,False,16
203.0,25,0.0,loss,False,17
165.0,26,0.0,loss,False,18
,20,,increase,,0
487.0,21,11.0,increase,True,1
36.0,21,5.0,increase,True,2
190.0,21,2.3333333333333335,increase,True,3
159.0,22,3.6666666666666665,increase,True,4
139.0,22,2.0,increase,True,5
63.0,22,3.2857142857142856,increase,True,6
23.0,23,20.428571428571427,stable,True,7
56.0,23,16.142857142857142,increase,True,8
13.0,22,11.857142857142858,increase,True,9
272.0,23,0.6666666666666666,stable,True,10
165.0,24,1.0,stable,True,11
105.0,24,0.06666666666666667,increase,False,12
175.0,25,0.0,stable,False,13
,17,,increase,,0
141.0,18,,increase,,1
209.0,18,2.0,increase,False,2
551.0,20,1.0,increase,True,3
101.0,20,5.666666666666667,increase,True,4
116.0,20,3.6666666666666665,stable,False,5
205.0,21,0.0,increase,False,6
176.0,21,0.7142857142857143,increase,False,7
121.0,22,1.5714285714285714,loss,False,8
58.0,22,1.5714285714285714,loss,False,9
239.0,22,-0.19444444444444445,increase,False,10
70.0,23,0.0,loss,False,11
156.0,23,0.2413793103448276,loss,True,12
141.0,23,-0.1111111111111111,loss,False,13
139.0,24,-0.3333333333333333,loss,True,14
78.0,25,-0.5,stable,True,15
117.0,24,-0.16666666666666666,loss,True,16
349.0,25,-0.2,loss,True,17
118.0,26,-0.4,increase,True,18
63.0,26,-0.375,increase,True,19
79.0,26,0.125,increase,True,20
13.0,26,-0.125,increase,True,21
207.0,27,0.42857142857142855,stable,False,22
145.0,27,0.7142857142857143,loss,False,23
,18,,stable,,0
297.0,19,-0.1,increase,False,1
72.0,19,0.0,increase,True,2
68.0,19,0.16666666666666666,increase,True,3
285.0,19,0.14285714285714285,increase,True,4
52.0,20,0.14285714285714285,increase,True,5
107.0,21,3.0,loss,True,6
63.0,21,0.75,increase,False,7
125.0,21,-0.21428571428571427,increase,False,8
278.0,22,0.2727272727272727,increase,False,9
170.0,22,0.45454545454545453,increase,False,10
12.0,22,0.42857142857142855,stable,False,11
86.0,23,0.5714285714285714,stable,False,12
74.0,23,0.5714285714285714,stable,False,13
203.0,23,-0.09090909090909091,increase,False,14
165.0,24,-0.18181818181818182,increase,False,15
105.0,24,0.25,increase,False,16
35.0,24,0.1,increase,False,17
140.0,25,1.5,loss,False,18
,18,,increase,,0
389.0,20,1.5,increase,True,1
71.0,20,24.0,increase,True,2
77.0,20,19.0,increase,True,3
217.0,21,2.5,stable,False,4
55.0,21,2.5,increase,False,5
155.0,21,0.0,increase,False,6
220.0,22,0.14285714285714285,increase,False,7
72.0,23,2.5714285714285716,increase,False,8
16.0,22,0.42857142857142855,increase,False,9
60.0,22,0.7142857142857143,increase,False,10
14.0,23,1.8571428571428572,increase,False,11
,18,,stable,,0
22.0,17,,increase,,1
151.0,18,,increase,,2
166.0,18,0.6,increase,True,3
168.0,19,0.6,increase,False,4
427.0,20,0.25,stable,True,5
32.0,19,0.25,stable,True,6
130.0,21,0.75,loss,True,7
113.0,20,0.0,increase,False,8
233.0,21,0.2,increase,False,9
322.0,22,0.16666666666666666,increase,False,10
4.0,22,0.6666666666666666,increase,False,11
105.0,23,1.5,increase,False,12
86.0,23,0.5,increase,False,13
180.0,23,0.3333333333333333,stable,False,14
50.0,24,0.3333333333333333,stable,False,15
317.0,24,0.0,increase,True,16
168.0,25,0.0,increase,True,17
133.0,25,0.5,stable,True,18
133.0,25,1.0,stable,True,19
159.0,26,0.06666666666666667,increase,False,20
72.0,26,0.0,increase,False,21
207.0,27,0.5,increase,False,22
16.0,27,-0.125,increase,False,23
130.0,27,-0.125,increase,False,24
81.0,27,1.2857142857142858,increase,False,25
78.0,28,3.0,increase,False,26
18.0,28,1.8571428571428572,increase,False,27
78.0,28,3.0,increase,False,28
370.0,29,0.14285714285714285,increase,False,29
182.0,29,0.25,loss,False,30
160.0,30,0.125,loss,False,31
203.0,30,-0.16666666666666666,loss,False,32
92.0,31,-0.3333333333333333,loss,False,33
73.0,31,-0.3888888888888889,loss,False,34
105.0,31,-0.4,loss,True,35
175.0,32,-0.5454545454545454,increase,True,36
,22,,increase,,0
285.0,22,0.1111111111111111,increase,False,1
81.0,23,0.1111111111111111,increase,True,2
78.0,24,10.11111111111111,loss,True,3
18.0,23,1.7777777777777777,increase,True,4
78.0,23,3.0,increase,True,5
92.0,24,-0.25,increase,False,6
182.0,24,0.6666666666666666,increase,False,7
96.0,24,0.6666666666666666,increase,False,8
129.0,25,0.2,stable,False,9
55.0,25,0.2,stable,False,10
155.0,25,0.0,stable,False,11
206.0,26,-0.06666666666666667,stable,True,12
92.0,26,-0.26666666666666666,increase,True,13
73.0,26,-0.3333333333333333,increase,True,14
105.0,27,0.0,increase,True,15
35.0,27,0.13636363636363635,increase,True,16
140.0,27,0.75,stable,True,17
,18,,increase,,0
65.0,18,,increase,,1
80.0,18,,increase,,2
121.0,19,1.6666666666666667,stable,False,3
63.0,19,1.6666666666666667,stable,False,4
183.0,19,0.0,increase,False,5
87.0,20,1.5,stable,True,6
10.0,20,1.5,stable,True,7
274.0,20,0.0,increase,False,8
118.0,21,0.5,increase,False,9
57.0,21,2.0,increase,False,10
104.0,21,4.0,increase,False,11
63.0,21,3.0,stable,False,12
205.0,22,0.0,increase,False,13
137.0,22,0.0,increase,False,14
,18,,increase,,0
79.0,18,,increase,,1
216.0,19,4.333333333333333,increase,False,2
16.0,19,4.666666666666667,increase,False,3
139.0,19,4.666666666666667,increase,False,4
141.0,20,0.4117647058823529,increase,True,5
96.0,20,0.7647058823529411,stable,True,6
184.0,21,0.0,stable,False,7
137.0,21,0.0,stable,True,8
129.0,22,-0.06666666666666667,stable,True,9
260.0,22,0.0,stable,True,10
,17,,increase,,0
86.0,18,,increase,,1
76.0,18,,increase,,2
283.0,19,14.0,stable,True,3
,17,,increase,,0
158.0,18,,increase,,1
131.0,19,5.666666666666667,increase,False,2
242.0,19,3.5,loss,False,3
329.0,19,-0.7777777777777778,increase,False,4
38.0,20,0.0,stable,False,5
237.0,20,0.0,increase,False,6
178.0,21,0.1111111111111111,stable,False,7
203.0,22,0.0,increase,False,8
371.0,23,3.0,increase,False,9
277.0,23,0.25,increase,False,10
106.0,24,0.75,increase,False,11
292.0,24,0.14285714285714285,increase,False,12
5.0,24,-0.12857142857142856,increase,False,13
30.0,24,0.08571428571428572,increase,False,14
40.0,25,0.2857142857142857,increase,False,15
65.0,25,0.42857142857142855,increase,False,16
91.0,25,0.5789473684210527,increase,False,17
53.0,26,1.2222222222222223,loss,True,18
18.0,25,0.4444444444444444,increase,False,19
209.0,26,0.23076923076923078,stable,True,20
78.0,27,0.07692307692307693,stable,True,21
96.0,26,0.07692307692307693,stable,True,22
370.0,27,0.07142857142857142,stable,False,23
182.0,28,-0.06666666666666667,loss,False,24
22.0,29,-0.26666666666666666,loss,False,25
64.0,28,-0.13333333333333333,loss,False,26
74.0,28,-0.2,loss,False,27
203.0,29,-0.25,loss,False,28
92.0,29,-0.4166666666666667,loss,False,29
73.0,29,-0.5333333333333333,loss,False,30
,19,,increase,,0
73.0,19,,increase,,1
3.0,19,,increase,,2
,20,,increase,,0
147.0,20,,increase,,1
107.0,21,49.0,stable,False,2
63.0,20,36.5,increase,False,3
125.0,21,0.0,increase,False,4
182.0,21,0.5,increase,False,5
96.0,22,0.9,increase,False,6
82.0,22,1.4,stable,True,7
100.0,22,0.2631578947368421,stable,True,8
160.0,23,0.0,stable,False,9
203.0,23,0.041666666666666664,loss,False,10
165.0,24,-0.16666666666666666,loss,False,11
,18,,increase,,0
341.0,18,3.4,increase,False,1
92.0,19,4.0,increase,False,2
73.0,19,4.0,loss,False,3
105.0,19,0.36363636363636365,loss,True,4
35.0,19,0.4,loss,True,5
140.0,20,-0.32,increase,True,6
,19,,increase,,0
226.0,20,1.5714285714285714,increase,False,1
159.0,20,2.7142857142857144,loss,False,2
142.0,20,0.1111111111111111,increase,True,3
63.0,21,-0.23076923076923078,increase,True,4
98.0,21,0.9230769230769231,increase,True,5
64.0,21,3.0,increase,False,6
163.0,21,4.6,increase,True,7
47.0,22,2.5,increase,True,8
253.0,22,0.42857142857142855,increase,False,9
,17,,increase,,0
361.0,18,1.0,increase,False,1
97.0,18,15.0,increase,False,2
80.0,18,2.0,increase,False,3
182.0,18,12.333333333333334,increase,False,4
75.0,19,19.0,stable,False,5
268.0,19,0.0,stable,False,6
12.0,19,0.0,stable,True,7
194.0,20,0.0,increase,False,8
36.0,20,-0.13333333333333333,increase,False,9
71.0,20,0.4666666666666667,increase,False,10
78.0,20,0.4666666666666667,increase,False,11
139.0,21,0.2727272727272727,stable,False,12
218.0,21,0.0,loss,True,13
323.0,22,-0.2857142857142857,stable,True,14
23.0,22,-0.21428571428571427,stable,True,15
201.0,23,-0.09090909090909091,increase,True,16
142.0,23,0.36363636363636365,stable,True,17
191.0,24,0.0,increase,False,18
142.0,24,0.3333333333333333,increase,False,19
68.0,24,0.3333333333333333,increase,False,20
171.0,25,0.25,increase,False,21
,18,,stable,,0
462.0,19,0.0,stable,False,1
187.0,20,0.0,increase,False,2
18.0,20,0.0,increase,True,3
295.0,21,0.5,increase,True,4
121.0,21,1.5,increase,True,5
453.0,22,2.0,increase,True,6
156.0,23,3.0,stable,True,7
106.0,23,0.3333333333333333,stable,True,8
259.0,24,0.0,loss,True,9
159.0,24,-0.2,stable,True,10
70.0,24,-0.2,stable,True,11
156.0,25,0.0,stable,True,12
141.0,25,0.0,stable,False,13
357.0,26,0.0,increase,True,14
279.0,27,0.25,stable,False,15
125.0,27,0.5,loss,False,16
51.0,27,0.125,stable,False,17
55.0,28,-0.1,stable,False,18
155.0,28,0.0,stable,False,19
206.0,29,0.0,increase,False,20
86.0,30,-0.1111111111111111,increase,False,21
6.0,29,0.6666666666666666,loss,False,22
73.0,29,0.1111111111111111,increase,False,23
,24,,increase,,0
110.0,25,,increase,,1
170.0,25,0.2,increase,False,2
167.0,26,1.0,increase,False,3
71.0,26,2.0,increase,False,4
349.0,27,0.3333333333333333,stable,False,5
155.0,27,0.3333333333333333,stable,False,6
220.0,28,0.0,loss,False,7
72.0,29,-0.16666666666666666,stable,True,8
79.0,28,-0.16666666666666666,stable,True,9
,20,,increase,,0
344.0,21,1.5,increase,True,1
767.0,23,5.0,loss,True,2
147.0,24,3.0,loss,True,3
307.0,24,-0.2,stable,False,4
444.0,25,0.0,stable,True,5
212.0,26,0.0,stable,False,6
107.0,27,4.0,stable,True,7
102.0,27,0.0,increase,False,8
313.0,28,4.0,stable,True,9
203.0,28,0.0,loss,False,10
162.0,29,-0.25,stable,False,11
295.0,29,0.0,stable,True,12
176.0,30,0.0,loss,True,13
121.0,30,0.0,loss,False,14
297.0,31,-0.2,loss,False,15
70.0,31,-0.2,loss,True,16
156.0,32,-0.16666666666666666,loss,True,17
141.0,32,-0.16666666666666666,loss,False,18
110.0,32,-0.2,loss,False,19
170.0,33,-0.5,loss,False,20
167.0,33,-0.5625,loss,False,21
71.0,34,-0.5,loss,False,22
355.0,34,-0.3,loss,True,23
184.0,35,-0.2857142857142857,loss,False,24
182.0,35,-0.2,loss,False,25
75.0,36,-0.6,stable,True,26
98.0,36,-0.6,stable,False,27
,20,,increase,,0
133.0,20,,stable,,1
159.0,21,5.0,increase,False,2
70.0,21,-0.1,increase,False,3
65.0,21,1.5,increase,False,4
91.0,22,2.3333333333333335,stable,False,5
141.0,22,0.2,stable,False,6
110.0,22,0.0,increase,False,7
170.0,23,0.0,increase,False,8
167.0,23,0.3333333333333333,increase,False,9
71.0,24,0.6666666666666666,increase,False,10
77.0,24,0.6666666666666666,increase,False,11
270.0,24,0.4,increase,True,12
22.0,25,1.0,increase,True,13
138.0,25,0.4,increase,True,14
203.0,25,1.0,increase,True,15
86.0,26,1.1428571428571428,stable,True,16
79.0,26,1.0,increase,True,17
11.0,26,1.1428571428571428,stable,True,18
,20,,increase,,0
147.0,21,,increase,,1
170.0,21,6.5,increase,False,2
124.0,22,5.0,increase,False,3
43.0,22,7.0,increase,False,4
71.0,22,1.4444444444444444,increase,False,5
349.0,23,0.2727272727272727,increase,False,6
20.0,24,0.8181818181818182,stable,True,7
135.0,23,0.36363636363636365,increase,False,8
206.0,24,0.3333333333333333,loss,True,9
86.0,25,0.06666666666666667,loss,True,10
79.0,24,0.2,loss,True,11
,19,,loss,,0
3.0,19,,increase,,1
79.0,19,,increase,,2
102.0,19,7.333333333333333,increase,False,3
177.0,20,14.0,increase,False,4
10.0,20,0.6,increase,False,5
373.0,21,2.75,increase,False,6
55.0,21,4.5,increase,False,7
17.0,21,4.5,increase,False,8
257.0,21,0.13636363636363635,increase,True,9
135.0,22,0.36363636363636365,stable,True,10
41.0,22,0.5909090909090909,loss,True,11
121.0,22,0.4,loss,False,12
297.0,23,-0.2,loss,False,13
70.0,23,-0.2857142857142857,loss,False,14
65.0,23,-0.42857142857142855,loss,False,15
79.0,24,-0.35714285714285715,loss,False,16
12.0,24,-0.35714285714285715,loss,False,17
53.0,24,-0.4,loss,False,18
227.0,24,-0.2,stable,False,19
78.0,25,0.0,loss,True,20
96.0,25,-0.3333333333333333,increase,False,21
92.0,25,-0.13333333333333333,increase,False,22
182.0,26,0.38461538461538464,increase,False,23
96.0,26,0.38461538461538464,increase,False,24
82.0,26,0.6923076923076923,stable,False,25
100.0,26,0.2222222222222222,stable,False,26
160.0,27,-0.09090909090909091,stable,False,27
203.0,27,0.0,loss,False,28
92.0,28,-0.2,loss,False,29
73.0,28,-0.3,loss,False,30
,21,,increase,,0
174.0,21,,increase,,1
277.0,22,0.5,stable,False,2
244.0,23,0.0,loss,False,3
159.0,23,-0.2,loss,False,4
70.0,23,-0.2,loss,True,5
266.0,24,-0.16666666666666666,loss,True,6
141.0,24,-0.16666666666666666,increase,False,7
170.0,25,-0.2,increase,True,8
167.0,25,0.5,increase,True,9
71.0,26,1.75,increase,False,10
77.0,26,1.25,increase,True,11
272.0,27,0.3888888888888889,increase,True,12
155.0,27,0.3888888888888889,increase,True,13
141.0,28,0.2,loss,True,14
145.0,28,0.2,loss,True,15
6.0,28,-0.2,stable,True,16
90.0,28,-0.16666666666666666,loss,True,17
,19,,stable,,0
244.0,20,0.0,stable,False,1
229.0,20,0.0,increase,False,2
65.0,20,3.0,increase,False,3
91.0,21,4.0,increase,False,4
141.0,21,1.0,stable,False,5
110.0,21,0.6,increase,True,6
170.0,22,0.0,increase,True,7
356.0,23,0.25,increase,True,8
125.0,23,0.5,increase,True,9
51.0,23,1.5,increase,True,10
55.0,23,3.0,increase,False,11
20.0,24,14.0,increase,False,12
135.0,24,3.5,increase,False,13
40.0,24,0.5,increase,False,14
166.0,24,1.7777777777777777,loss,False,15
86.0,25,2.3333333333333335,stable,False,16
79.0,25,2.6666666666666665,stable,False,17
,16,,increase,,0
61.0,16,,increase,,1
866.0,19,0.5,increase,True,2
145.0,19,11.0,increase,True,3
18.0,19,7.0,increase,True,4
,19,,stable,,0
367.0,20,0.0,increase,True,1
109.0,21,1.0,increase,True,2
203.0,21,1.5,stable,False,3
162.0,22,1.5,stable,False,4
209.0,22,0.0,increase,False,5
277.0,23,0.5,increase,False,6
111.0,23,2.0,increase,True,7
133.0,24,4.333333333333333,loss,True,8
159.0,24,1.1333333333333333,increase,False,9
70.0,24,-0.2,increase,False,10
156.0,25,0.40625,increase,False,11
141.0,25,0.5625,stable,False,12
110.0,26,0.1111111111111111,loss,False,13
170.0,26,0.0,loss,False,14
167.0,26,-0.3,stable,False,15
71.0,27,-0.3,stable,False,16
349.0,28,0.0,loss,False,17
155.0,28,0.0,loss,False,18
220.0,29,-0.14285714285714285,loss,False,19
72.0,30,-0.14285714285714285,loss,True,20
76.0,29,-0.2,loss,False,21
14.0,29,0.0,loss,True,22
,17,,increase,,0
273.0,17,13.0,increase,False,1
40.0,18,19.0,increase,True,2
198.0,18,0.7,increase,False,3
126.0,18,1.0,increase,False,4
262.0,19,9.0,loss,True,5
110.0,19,14.0,increase,True,6
149.0,19,-0.65,increase,False,7
28.0,20,1.0,stable,False,8
218.0,20,-0.1,loss,False,9
13.0,20,-0.1,loss,False,10
115.0,21,-0.1,loss,True,11
117.0,21,-0.4444444444444444,stable,True,12
86.0,21,-0.2777777777777778,loss,False,13
65.0,21,-0.4444444444444444,loss,False,14
117.0,22,-0.3076923076923077,loss,True,15
12.0,23,0.15384615384615385,loss,True,16
54.0,22,-0.5,increase,True,17
15.0,22,-0.2,increase,True,18
179.0,23,0.6,increase,True,19
140.0,23,1.5,stable,True,20
133.0,23,1.5,stable,False,21
194.0,24,0.0,stable,False,22
162.0,24,0.0,stable,False,23
196.0,25,0.0,stable,False,24
102.0,25,0.1,loss,False,25
60.0,25,0.1,loss,False,26
105.0,26,0.1,stable,True,27
175.0,26,-0.2727272727272727,increase,True,28
,18,,increase,,0
73.0,18,,increase,,1
139.0,19,2.0,increase,False,2
196.0,19,0.3333333333333333,increase,True,3
177.0,20,1.0,increase,True,4
257.0,20,2.6666666666666665,increase,True,5
268.0,21,0.8181818181818182,stable,False,6
10.0,21,0.8181818181818182,stable,True,7
232.0,21,-0.1,increase,False,8
71.0,22,2.5,increase,False,9
55.0,22,2.0,increase,False,10
162.0,23,0.42857142857142855,stable,False,11
13.0,22,0.42857142857142855,stable,False,12
198.0,23,0.0,increase,True,13
57.0,24,0.2,increase,True,14
40.0,23,0.2,increase,True,15
68.0,24,0.4,stable,True,16
393.0,25,0.07142857142857142,increase,False,17
111.0,25,0.2857142857142857,increase,False,18
63.0,25,0.42857142857142855,increase,False,19
79.0,26,0.6,stable,True,20
13.0,25,0.7333333333333333,stable,True,21
207.0,26,-0.07692307692307693,stable,False,22
145.0,27,-0.38461538461538464,increase,False,23
6.0,27,-0.15384615384615385,stable,True,24
12.0,26,-0.23076923076923078,increase,False,25
78.0,27,-0.08333333333333333,stable,True,26
,17,,increase,,0
67.0,17,,increase,,1
398.0,19,4.0,increase,True,2
329.0,19,1.5,increase,False,3
135.0,20,12.333333333333334,increase,False,4
145.0,21,5.666666666666667,stable,False,5
27.0,20,4.333333333333333,increase,False,6
423.0,21,0.125,loss,True,7
3.0,21,-0.1,loss,True,8
236.0,22,-0.2777777777777778,increase,False,9
101.0,23,-0.16666666666666666,stable,False,10
58.0,22,-0.2777777777777778,increase,False,11
26.0,22,0.38461538461538464,loss,False,12
81.0,23,0.15384615384615385,stable,False,13
258.0,23,0.0,increase,False,14
5.0,24,0.0,increase,False,15
284.0,24,0.4666666666666667,increase,False,16
118.0,25,1.3333333333333333,increase,False,17
57.0,25,1.6666666666666667,stable,False,18
167.0,25,0.2857142857142857,loss,False,19
205.0,26,-0.1111111111111111,loss,False,20
137.0,26,-0.1111111111111111,loss,False,21
161.0,27,-0.25,loss,False,22
,20,,increase,,0
376.0,21,63.0,stable,False,1
12.0,21,31.0,increase,False,2
145.0,22,63.0,increase,False,3
80.0,22,0.875,increase,False,4
90.0,22,4.0,increase,True,5
43.0,22,2.75,loss,True,6
71.0,23,2.3333333333333335,stable,True,7
349.0,23,0.0,stable,False,8
155.0,24,0.0,stable,False,9
220.0,24,0.0,increase,False,10
72.0,25,0.8,increase,True,11
76.0,25,0.2,increase,False,12
14.0,25,0.6,increase,True,13
,18,,increase,,0
216.0,18,1.0,increase,False,1
161.0,19,5.0,increase,False,2
188.0,19,0.16666666666666666,stable,False,3
248.0,20,0.0,increase,True,4
55.0,20,1.1428571428571428,loss,True,5
131.0,20,2.142857142857143,loss,False,6
148.0,21,-0.3333333333333333,increase,True,7
149.0,21,-0.3181818181818182,stable,True,8
204.0,22,-0.06666666666666667,increase,True,9
14.0,22,0.3333333333333333,increase,True,10
154.0,22,1.6666666666666667,stable,True,11
189.0,23,0.0,loss,False,12
236.0,23,-0.2,increase,False,13
21.0,24,-0.125,increase,False,14
126.0,24,0.25,increase,False,15
67.0,24,0.42857142857142855,increase,False,16
297.0,25,0.6,increase,False,17
77.0,25,1.4,stable,False,18
113.0,25,0.875,loss,False,19
128.0,26,0.08333333333333333,stable,False,20
221.0,26,-0.07692307692307693,loss,True,21
182.0,27,-0.16666666666666666,stable,False,22
160.0,27,-0.16666666666666666,stable,False,23
203.0,28,0.0,increase,False,24
165.0,28,0.4,loss,False,25
,23,,stable,,0
147.0,23,,increase,,1
170.0,23,0.0,increase,False,2
356.0,24,0.7142857142857143,increase,False,3
125.0,24,1.5714285714285714,stable,False,4
106.0,25,0.5,increase,True,5
155.0,25,0.0,increase,True,6
206.0,26,0.6666666666666666,stable,False,7
86.0,27,0.6666666666666666,stable,False,8
79.0,26,0.6666666666666666,stable,False,9
,20,,loss,,0
528.0,21,-0.16666666666666666,increase,True,1
145.0,21,2.0,stable,True,2
55.0,22,2.6,stable,True,3
155.0,22,0.0,stable,False,4
206.0,23,0.0,increase,False,5
86.0,24,12.333333333333334,loss,True,6
79.0,23,1.2222222222222223,increase,False,7
11.0,23,12.333333333333334,loss,True,8
,16,,increase,,0
254.0,16,1.0,increase,False,1
170.0,17,2.2,increase,True,2
163.0,17,10.0,increase,True,3
55.0,17,5.875,increase,False,4
125.0,18,1.0,increase,True,5
96.0,18,1.0,increase,False,6
370.0,19,1.0,stable,True,7
182.0,19,0.0,stable,False,8
160.0,20,0.0,stable,False,9
203.0,20,0.0,stable,False,10
165.0,21,0.0,stable,True,11
,19,,increase,,0
190.0,20,1.0,increase,False,1
95.0,20,0.6666666666666666,increase,False,2
299.0,21,1.0,increase,False,3
161.0,22,3.8,stable,True,4
77.0,22,2.0,loss,True,5
272.0,22,-0.2,increase,False,6
155.0,23,0.2,stable,False,7
220.0,23,0.0,increase,False,8
72.0,24,4.555555555555555,increase,False,9
16.0,24,0.9444444444444444,increase,False,10
60.0,24,2.888888888888889,increase,False,11
14.0,24,4.0,increase,False,12
,19,,increase,,0
139.0,19,,increase,,1
141.0,20,5.0,stable,True,2
167.0,20,4.0,increase,True,3
71.0,21,-0.06666666666666667,increase,True,4
294.0,21,0.7857142857142857,increase,True,5
55.0,21,1.8571428571428572,increase,True,6
155.0,22,2.0,stable,False,7
40.0,22,0.5,increase,False,8
166.0,22,0.0,increase,True,9
86.0,23,0.5,increase,True,10
6.0,23,0.5,increase,True,11
73.0,23,0.3333333333333333,increase,True,12
,18,,increase,,0
121.0,18,,stable,,1
244.0,19,0.0,stable,True,2
159.0,19,-0.1,stable,True,3
70.0,19,-0.1,stable,True,4
297.0,20,-0.07407407407407407,loss,False,5
58.0,20,-0.07407407407407407,loss,True,6
81.0,21,-0.07407407407407407,loss,False,7
174.0,21,-0.3,increase,True,8
134.0,21,-0.2,increase,True,9
71.0,22,2.4285714285714284,increase,True,10
77.0,22,1.2857142857142858,increase,True,11
217.0,22,0.875,stable,False,12
55.0,23,0.875,stable,False,13
155.0,23,0.0,stable,False,14
206.0,24,0.0,increase,True,15
86.0,25,0.0,increase,True,16
79.0,24,0.0,increase,True,17
,18,,stable,,0
276.0,19,0.0,increase,True,1
402.0,20,6.0,increase,False,2
365.0,21,1.0,increase,True,3
57.0,21,1.2857142857142858,increase,True,4
186.0,22,0.25,loss,True,5
218.0,22,-0.2,increase,False,6
178.0,23,-0.15,increase,True,7
151.0,23,0.375,increase,True,8
199.0,24,0.45454545454545453,increase,True,9
164.0,24,2.1818181818181817,increase,True,10
140.0,25,1.5,increase,False,11
39.0,25,2.125,increase,False,12
89.0,25,0.7142857142857143,increase,False,13
51.0,26,0.8571428571428571,increase,False,14
45.0,25,0.2,increase,False,15
229.0,26,0.25,increase,False,16
31.0,27,0.3333333333333333,increase,False,17
79.0,26,0.16666666666666666,increase,False,18
383.0,27,1.1428571428571428,loss,False,19
117.0,28,1.0,loss,False,20
,16,,increase,,0
115.0,17,,increase,,1
207.0,18,5.0,loss,True,2
171.0,17,0.0,increase,True,3
77.0,18,-0.6,increase,False,4
273.0,19,2.3333333333333335,increase,False,5
133.0,19,4.0,increase,True,6
55.0,19,0.75,increase,True,7
20.0,20,2.25,stable,True,8
135.0,20,0.6666666666666666,increase,False,9
206.0,20,0.3,increase,False,10
86.0,21,1.0,increase,False,11
79.0,21,0.1,increase,False,12
11.0,21,0.8,increase,False,13
,17,,increase,,0
266.0,18,34.0,increase,True,1
24.0,17,0.25,increase,True,2
157.0,19,1.8571428571428572,stable,True,3
90.0,19,79.0,stable,True,4
6.0,18,59.0,increase,False,5
,18,,increase,,0
196.0,19,1.5,increase,True,1
97.0,20,11.0,increase,True,2
80.0,19,4.0,increase,True,3
182.0,20,2.6,loss,True,4
343.0,20,-0.16666666666666666,stable,False,5
42.0,21,-0.16666666666666666,stable,True,6
164.0,21,0.06666666666666667,increase,True,7
36.0,21,-0.1,increase,False,8
71.0,22,0.06666666666666667,increase,True,9
217.0,22,0.5,stable,False,10
13.0,22,0.125,increase,False,11
94.0,22,0.25,increase,False,12
240.0,23,0.2,increase,False,13
97.0,23,1.0,increase,False,14
39.0,24,1.5,increase,True,15
43.0,24,2.0,increase,True,16
71.0,24,2.5,stable,True,17
349.0,25,0.0,stable,False,18
155.0,25,0.0,stable,False,19
220.0,26,-0.047619047619047616,increase,True,20
148.0,26,0.5476190476190477,increase,True,21
108.0,27,1.5,increase,False,22
35.0,27,1.0,increase,False,23
140.0,27,0.8461538461538461,stable,False,24
,18,,increase,,0
87.0,18,,increase,,1
253.0,19,0.5,stable,False,2
110.0,19,0.5,stable,False,3
137.0,19,0.0,increase,False,4
168.0,20,0.0,increase,True,5
189.0,20,1.0,increase,True,6
90.0,20,1.3333333333333333,increase,True,7
,17,,increase,,0
791.0,19,3.0,stable,True,1
69.0,19,3.0,stable,False,2
37.0,20,3.0,stable,True,3
103.0,20,0.0,stable,False,4
313.0,21,0.0,stable,True,5
121.0,21,0.0,stable,True,6
218.0,22,0.0,increase,False,7
33.0,22,0.2,increase,True,8
128.0,23,0.25,increase,True,9
313.0,23,1.4,stable,False,10
42.0,23,0.2,increase,False,11
169.0,24,0.0,loss,False,12
112.0,24,1.1333333333333333,stable,False,13
118.0,24,-0.2,increase,False,14
72.0,25,0.09375,stable,True,15
88.0,26,0.0,stable,False,16
170.0,25,-0.08571428571428572,stable,False,17
95.0,25,0.0,stable,True,18
338.0,26,0.0,increase,True,19
51.0,27,-0.125,increase,False,20
71.0,27,2.75,stable,False,21
77.0,27,1.1875,increase,True,22
266.0,28,0.7142857142857143,loss,True,23
168.0,28,0.7142857142857143,loss,True,24
136.0,29,-0.16666666666666666,loss,False,25
64.0,29,-0.3333333333333333,loss,False,26
79.0,29,-0.4166666666666667,loss,True,27
6.0,30,-0.5,loss,True,28
,21,,increase,,0
279.0,21,0.2857142857142857,increase,False,1
176.0,22,1.8571428571428572,increase,True,2
55.0,22,2.3333333333333335,stable,True,3
155.0,22,0.5,stable,False,4
220.0,23,0.0,increase,True,5
72.0,24,1.0,increase,True,6
79.0,23,0.0,increase,True,7
11.0,24,0.3333333333333333,increase,True,8
,16,,increase,,0
2007.0,22,9.0,stable,True,1
85.0,23,9.0,stable,True,2
142.0,22,0.0,stable,False,3
273.0,23,0.0,increase,True,4
203.0,24,2.0,stable,False,5
371.0,25,0.0,stable,False,6
277.0,25,0.0,increase,False,7
111.0,26,0.3333333333333333,increase,True,8
133.0,26,1.3333333333333333,stable,True,9
159.0,26,0.4,increase,False,10
72.0,27,0.0,increase,False,11
68.0,27,0.14285714285714285,stable,False,12
190.0,27,0.0,loss,False,13
95.0,27,0.0,loss,False,14
52.0,28,-0.25,loss,False,15
170.0,28,-0.375,loss,False,16
167.0,29,-0.4,increase,False,17
236.0,29,0.1111111111111111,stable,True,18
182.0,30,0.0,stable,False,19
160.0,30,0.0,stable,False,20
203.0,31,0.0,loss,False,21
165.0,31,-0.25,loss,False,22
,24,,stable,,0
780.0,25,0.0,stable,True,1
961.0,28,0.0,increase,True,2
258.0,28,3.0,loss,False,3
95.0,28,1.5,increase,False,4
52.0,29,2.0,increase,False,5
170.0,29,0.2,increase,False,6
167.0,30,0.6666666666666666,increase,False,7
71.0,30,2.0,loss,False,8
349.0,31,-0.1111111111111111,loss,False,9
155.0,31,-0.1111111111111111,loss,False,10
220.0,32,-0.125,loss,False,11
72.0,33,-0.375,loss,False,12
76.0,32,-0.25,loss,False,13
,19,,loss,,0
75.0,19,,loss,,1
654.0,21,-0.25,increase,True,2
279.0,22,2.0,increase,True,3
125.0,22,2.0,increase,False,4
51.0,22,12.333333333333334,increase,True,5
55.0,22,4.555555555555555,stable,True,6
155.0,23,0.25,stable,False,7
220.0,23,0.0,increase,False,8
72.0,24,3.0,increase,False,9
76.0,24,0.2,increase,False,10
14.0,24,0.4,increase,False,11
,18,,stable,,0
295.0,18,0.0,increase,True,1
158.0,18,3.0,increase,True,2
66.0,19,15.0,increase,False,3
168.0,19,4.0,increase,False,4
100.0,19,4.0,increase,False,5
105.0,20,5.0,increase,False,6
63.0,20,9.0,increase,False,7
98.0,20,3.0,increase,False,8
64.0,20,2.1666666666666665,stable,False,9
203.0,21,0.0,loss,True,10
97.0,21,-0.21052631578947367,loss,True,11
40.0,21,-0.21052631578947367,loss,True,12
,24,,increase,,0
162.0,24,,increase,,1
597.0,26,3.0,increase,True,2
133.0,26,5.0,increase,True,3
159.0,26,0.2,increase,False,4
72.0,27,0.16666666666666666,increase,False,5
258.0,28,1.0,increase,False,6
95.0,27,0.42857142857142855,increase,False,7
81.0,28,1.8571428571428572,increase,False,8
78.0,29,0.7142857142857143,increase,False,9
96.0,29,1.4,increase,False,10
370.0,30,0.16666666666666666,stable,False,11
182.0,30,0.07142857142857142,loss,False,12
22.0,31,-0.2857142857142857,loss,False,13
138.0,30,-0.14285714285714285,loss,False,14
203.0,31,-0.3333333333333333,loss,False,15
165.0,32,-0.4166666666666667,loss,False,16
,19,,increase,,0
90.0,19,,increase,,1
370.0,20,0.5,increase,True,2
190.0,21,0.6666666666666666,increase,False,3
95.0,21,0.6666666666666666,increase,False,4
52.0,21,2.3333333333333335,increase,False,5
170.0,22,1.8,increase,False,6
167.0,22,0.4,increase,False,7
71.0,23,0.42857142857142855,increase,False,8
349.0,23,0.8,increase,True,9
155.0,24,2.0,stable,True,10
40.0,24,0.3888888888888889,increase,False,11
180.0,24,0.2,stable,False,12
72.0,25,0.2,stable,False,13
76.0,25,0.2,stable,False,14
,20,,increase,,0
1127.0,23,4.0,increase,False,1
279.0,24,0.4,increase,False,2
125.0,24,1.0,increase,False,3
106.0,25,0.7142857142857143,increase,False,4
155.0,25,1.0,stable,False,5
206.0,26,0.0,stable,False,6
86.0,27,0.0,stable,True,7
79.0,26,0.0,stable,False,8
,18,,increase,,0
521.0,20,1.0,increase,True,1
156.0,20,5.0,increase,True,2
106.0,21,5.0,increase,False,3
259.0,21,0.5,loss,False,4
159.0,21,0.3333333333333333,loss,False,5
72.0,22,-0.1111111111111111,loss,False,6
257.0,23,-0.25,loss,False,7
96.0,22,-0.25,loss,False,8
52.0,23,-0.25,loss,False,9
170.0,24,-0.16666666666666666,loss,False,10
167.0,24,-0.16666666666666666,loss,False,11
71.0,25,-0.12,stable,False,12
349.0,25,-0.09090909090909091,stable,True,13
155.0,26,0.0,stable,True,14
220.0,26,0.0,increase,False,15
72.0,27,1.7272727272727273,increase,False,16
76.0,27,0.8181818181818182,increase,False,17
14.0,27,1.0454545454545454,increase,False,18
,19,,increase,,0
146.0,21,,increase,,1
333.0,21,4.0,increase,False,2
212.0,22,1.0,stable,False,3
107.0,23,1.0,stable,True,4
102.0,23,0.0,stable,False,5
313.0,23,0.0,stable,True,6
203.0,24,0.0,stable,False,7
371.0,25,0.0,stable,False,8
277.0,26,0.0,stable,False,9
244.0,26,0.0,stable,True,10
159.0,27,-0.2,increase,True,11
72.0,27,0.0,stable,False,12
258.0,28,0.0,stable,False,13
95.0,27,0.0,stable,False,14
52.0,28,-0.1,stable,False,15
170.0,29,-0.1,increase,True,16
167.0,29,0.0,stable,True,17
71.0,30,0.1111111111111111,stable,False,18
349.0,30,-0.1,loss,False,19
155.0,31,-0.25,loss,False,20
220.0,31,-0.2,loss,False,21
72.0,32,-0.4666666666666667,loss,False,22
76.0,32,-0.3333333333333333,loss,False,23
,18,,increase,,0
254.0,19,3.0,increase,False,1
90.0,19,5.0,loss,False,2
230.0,19,-0.1111111111111111,increase,True,3
71.0,20,-0.1111111111111111,increase,False,4
217.0,20,1.125,increase,False,5
13.0,20,0.25,increase,False,6
94.0,20,0.875,increase,False,7
240.0,21,0.3333333333333333,increase,True,8
97.0,21,2.3333333333333335,increase,True,9
97.0,22,3.0,increase,False,10
126.0,22,1.0,stable,False,11
98.0,22,0.75,loss,False,12
126.0,23,0.0,increase,True,13
55.0,23,-0.2857142857142857,increase,True,14
155.0,23,0.4,increase,False,15
123.0,24,0.6,increase,False,16
97.0,24,0.2857142857142857,increase,False,17
72.0,25,1.2857142857142858,increase,False,18
76.0,24,0.25,increase,False,19
14.0,25,0.5,increase,False,20
,18,,increase,,0
454.0,19,0.2,increase,False,1
91.0,19,5.0,increase,True,2
43.0,20,5.0,increase,True,3
365.0,21,0.2,increase,True,4
55.0,21,0.4666666666666667,stable,True,5
158.0,21,0.2222222222222222,stable,True,6
217.0,22,0.0,increase,True,7
72.0,23,0.8181818181818182,loss,True,8
76.0,22,0.13636363636363635,increase,True,9
14.0,22,0.8181818181818182,loss,True,10
,19,,increase,,0
14.0,19,,increase,,1
118.0,19,,stable,,2
329.0,19,0.0,stable,False,3
38.0,21,0.0,stable,True,4
237.0,20,0.0,loss,True,5
178.0,21,-0.25,loss,False,6
121.0,21,-0.25,loss,False,7
118.0,22,-0.3333333333333333,stable,True,8
335.0,23,0.0,increase,True,9
156.0,23,0.5,increase,True,10
121.0,23,1.5,increase,False,11
111.0,24,1.3333333333333333,increase,False,12
133.0,24,1.0,increase,False,13
159.0,24,0.14285714285714285,increase,False,14
72.0,25,0.4,stable,False,15
258.0,25,0.0,stable,False,16
95.0,25,0.0,stable,False,17
52.0,26,0.0,stable,False,18
170.0,26,0.0,stable,False,19
167.0,27,0.0,stable,False,20
71.0,27,0.0,stable,False,21
349.0,28,0.0,loss,False,22
155.0,28,0.0,loss,False,23
220.0,29,-0.14285714285714285,loss,False,24
72.0,30,-0.35714285714285715,increase,True,25
76.0,29,-0.2857142857142857,stable,True,26
14.0,30,-0.35714285714285715,increase,True,27
,18,,increase,,0
277.0,19,19.0,increase,True,1
182.0,19,5.0,increase,False,2
,19,,stable,,0
185.0,19,0.0,loss,False,1
181.0,20,-0.2,increase,True,2
222.0,21,0.25,increase,False,3
145.0,21,1.0,increase,True,4
104.0,21,0.8,stable,True,5
421.0,22,0.0,loss,True,6
103.0,23,0.1111111111111111,increase,True,7
83.0,22,-0.2222222222222222,increase,False,8
207.0,23,1.2857142857142858,increase,True,9
10.0,24,2.4285714285714284,increase,True,10
159.0,24,3.2857142857142856,increase,True,11
161.0,24,0.6666666666666666,stable,True,12
40.0,24,0.3333333333333333,stable,True,13
180.0,25,0.0,increase,False,14
72.0,26,5.0,increase,False,15
76.0,25,0.1,increase,False,16
14.0,26,1.5,increase,False,17
,19,,stable,,0
187.0,19,0.0,increase,False,1
169.0,19,0.4,loss,False,2
181.0,20,-0.14285714285714285,increase,True,3
177.0,21,0.42857142857142855,increase,True,4
182.0,21,0.2,increase,True,5
343.0,21,0.25,stable,False,6
12.0,22,0.25,stable,False,7
230.0,22,0.06666666666666667,increase,False,8
72.0,23,1.0,increase,True,9
49.0,22,0.3333333333333333,increase,False,10
19.0,23,1.6666666666666667,stable,True,11
190.0,24,0.0,increase,False,12
95.0,23,0.0,increase,False,13
52.0,24,0.25,increase,False,14
170.0,24,0.5,increase,False,15
167.0,25,0.2,increase,False,16
71.0,25,1.6666666666666667,increase,False,17
77.0,25,0.5,increase,False,18
170.0,26,1.0,stable,True,19
100.0,26,2.5555555555555554,stable,True,20
160.0,26,-0.0625,stable,False,21
217.0,27,0.0,stable,False,22
72.0,28,0.06666666666666667,loss,False,23
76.0,27,0.06666666666666667,loss,False,24
,20,,increase,,0
233.0,21,1.5,stable,False,1
95.0,20,0.0,increase,False,2
52.0,21,1.5,increase,False,3
170.0,22,1.5,increase,False,4
167.0,22,0.2,increase,False,5
71.0,23,7.0,increase,False,6
294.0,23,1.25,increase,False,7
55.0,23,1.5,increase,False,8
155.0,24,0.5555555555555556,stable,False,9
40.0,23,0.2,increase,False,10
180.0,24,0.16666666666666666,increase,False,11
72.0,25,0.16666666666666666,increase,False,12
76.0,25,0.16666666666666666,increase,False,13
,19,,stable,,0
192.0,19,0.0,increase,False,1
50.0,20,15.0,loss,False,2
318.0,20,-0.25,increase,False,3
228.0,21,1.5,increase,False,4
138.0,21,4.0,increase,False,5
222.0,22,0.3333333333333333,increase,False,6
4.0,22,-0.1,increase,False,7
141.0,22,1.0,increase,False,8
104.0,23,1.2222222222222223,increase,False,9
34.0,23,2.3333333333333335,increase,True,10
227.0,23,0.1111111111111111,loss,False,11
78.0,24,0.0,loss,False,12
96.0,24,0.0,loss,False,13
370.0,25,-0.1111111111111111,increase,False,14
182.0,25,0.125,stable,False,15
160.0,26,0.125,stable,False,16
207.0,26,0.0,loss,True,17
97.0,27,-0.2222222222222222,increase,True,18
40.0,27,-0.2222222222222222,increase,True,19
129.0,27,-0.2222222222222222,increase,True,20
,21,,increase,,0
90.0,21,,increase,,1
71.0,21,,increase,,2
294.0,22,0.6666666666666666,stable,False,3
55.0,22,0.6666666666666666,stable,False,4
155.0,22,-0.04,increase,False,5
123.0,23,0.1,increase,True,6
97.0,23,0.25,increase,True,7
72.0,24,2.125,increase,True,8
16.0,23,0.45454545454545453,increase,False,9
60.0,23,1.1818181818181819,increase,False,10
14.0,24,1.7272727272727273,increase,False,11
,17,,increase,,0
54.0,17,,increase,,1
79.0,18,,increase,,2
288.0,18,9.0,increase,True,3
85.0,19,19.0,stable,True,4
144.0,19,0.8,increase,False,5
72.0,19,0.0,increase,False,6
173.0,20,0.6666666666666666,loss,False,7
86.0,19,0.6666666666666666,loss,False,8
259.0,21,-0.5,loss,True,9
25.0,21,-0.6,stable,True,10
20.0,20,-0.3,loss,True,11
97.0,21,-0.5,loss,True,12
396.0,22,-0.28,increase,True,13
104.0,22,0.0,increase,True,14
78.0,23,1.2222222222222223,increase,True,15
13.0,23,0.9444444444444444,increase,True,16
207.0,23,0.7142857142857143,increase,False,17
145.0,24,1.2857142857142858,increase,False,18
18.0,24,1.2857142857142858,increase,False,19
,23,,increase,,0
125.0,23,,increase,,1
112.0,24,1.25,increase,False,2
189.0,24,4.0,stable,False,3
180.0,25,0.0,increase,True,4
72.0,26,0.7777777777777778,increase,True,5
76.0,25,0.4444444444444444,increase,True,6
14.0,26,0.7777777777777778,increase,True,7
,17,,increase,,0
63.0,18,,increase,,1
128.0,18,5.666666666666667,stable,False,2
165.0,18,1.0,stable,False,3
151.0,19,0.0,stable,True,4
231.0,19,-0.1,increase,False,5
147.0,20,0.2,increase,True,6
40.0,20,0.6666666666666666,increase,True,7
138.0,20,3.4444444444444446,loss,True,8
211.0,20,-0.375,increase,False,9
15.0,21,0.25,stable,True,10
181.0,21,0.0,increase,False,11
,22,,increase,,0
57.0,22,,increase,,1
184.0,23,1.25,loss,False,2
220.0,23,-0.19444444444444445,increase,True,3
178.0,24,0.1111111111111111,increase,True,4
151.0,24,0.6551724137931034,increase,False,5
199.0,25,0.16666666666666666,stable,True,6
87.0,26,0.0,increase,True,7
237.0,25,0.16666666666666666,loss,False,8
276.0,26,-0.2857142857142857,increase,False,9
51.0,27,0.2857142857142857,increase,True,10
55.0,27,0.42857142857142855,increase,True,11
155.0,27,0.3888888888888889,stable,False,12
40.0,27,0.25,stable,False,13
180.0,28,0.0,increase,False,14
72.0,29,0.8,stable,False,15
76.0,28,0.8,stable,False,16
,16,,increase,,0
111.0,16,,increase,,1
210.0,17,9.0,loss,False,2
94.0,17,9.0,increase,False,3
25.0,17,0.0,increase,False,4
120.0,18,-0.2,increase,False,5
218.0,18,1.5,increase,False,6
,19,,loss,,0
51.0,19,,increase,,1
46.0,19,,increase,,2
148.0,20,0.5,increase,True,3
182.0,20,0.3333333333333333,stable,True,4
139.0,21,0.6666666666666666,loss,True,5
226.0,21,-0.2,loss,True,6
230.0,22,-0.125,increase,False,7
141.0,22,1.5,increase,True,8
104.0,23,1.2857142857142858,increase,True,9
248.0,23,0.75,increase,True,10
27.0,24,2.125,increase,True,11
84.0,24,0.875,increase,True,12
1.0,23,0.75,increase,True,13
165.0,24,0.12,increase,False,14
44.0,24,1.4285714285714286,increase,False,15
138.0,24,1.1428571428571428,increase,False,16
145.0,25,0.7647058823529411,increase,False,17
82.0,25,0.16666666666666666,stable,True,18
55.0,25,0.16666666666666666,increase,True,19
155.0,26,0.0,increase,False,20
220.0,26,0.21428571428571427,increase,False,21
72.0,27,0.7142857142857143,increase,False,22
76.0,27,0.14285714285714285,increase,False,23
14.0,27,0.42857142857142855,increase,False,24
,23,,increase,,0
43.0,23,,increase,,1
71.0,24,,increase,,2
349.0,24,0.5,increase,False,3
155.0,25,2.0,stable,False,4
40.0,25,0.8666666666666667,stable,False,5
180.0,26,0.07142857142857142,increase,True,6
72.0,26,3.2857142857142856,increase,True,7
76.0,26,0.25,increase,True,8
14.0,26,0.42857142857142855,increase,True,9
,20,,increase,,0
218.0,21,1.0,increase,True,1
47.0,21,3.0,increase,True,2
43.0,21,3.0,increase,True,3
140.0,22,2.3333333333333335,increase,True,4
96.0,22,2.3333333333333335,increase,True,5
129.0,22,0.5,increase,True,6
55.0,22,0.25,increase,True,7
155.0,23,0.16666666666666666,stable,False,8
40.0,23,0.2,stable,False,9
180.0,23,0.08333333333333333,increase,False,10
72.0,24,0.3333333333333333,increase,False,11
76.0,24,0.0,increase,False,12
,18,,stable,,0
304.0,18,0.0,stable,True,1
300.0,18,0.0,increase,True,2
77.0,19,0.16666666666666666,increase,True,3
169.0,19,0.3333333333333333,increase,True,4
243.0,20,2.75,stable,True,5
24.0,20,2.0,increase,True,6
155.0,20,1.0,increase,True,7
117.0,21,0.25,increase,True,8
97.0,21,1.5,increase,False,9
186.0,21,1.25,loss,False,10
72.0,22,1.0,loss,True,11
231.0,22,-0.2,increase,False,12
340.0,24,1.5,increase,True,13
58.0,23,0.5625,increase,True,14
26.0,23,0.40625,increase,True,15
81.0,24,3.6875,increase,True,16
79.0,25,3.0,increase,True,17
179.0,24,0.3333333333333333,increase,False,18
287.0,25,0.25,increase,True,19
82.0,26,0.5,stable,True,20
100.0,26,0.12,loss,False,21
160.0,26,-0.06666666666666667,loss,False,22
203.0,27,-0.21428571428571427,loss,False,23
92.0,27,-0.35714285714285715,loss,False,24
73.0,27,-0.42857142857142855,loss,False,25
105.0,28,-0.45454545454545453,loss,False,26
35.0,28,-0.2222222222222222,loss,False,27
140.0,28,-0.5,increase,False,28
,17,,increase,,0
246.0,17,2.0,increase,False,1
32.0,18,7.0,loss,False,2
325.0,18,-0.375,increase,False,3
207.0,19,0.6,increase,False,4
14.0,19,0.6,increase,False,5
231.0,20,0.25,stable,False,6
84.0,20,0.25,stable,False,7
212.0,21,0.0,increase,False,8
162.0,21,0.3333333333333333,increase,False,9
4.0,21,-0.2,increase,False,10
115.0,21,1.6666666666666667,increase,False,11
83.0,22,4.0,increase,False,12
86.0,22,5.666666666666667,increase,False,13
70.0,22,1.5,increase,False,14
123.0,22,0.625,increase,False,15
,18,,increase,,0
312.0,19,19.0,increase,False,1
10.0,18,4.0,increase,False,2
216.0,19,19.0,stable,False,3
4.0,20,19.0,stable,True,4
342.0,20,0.0,stable,False,5
327.0,21,0.0,loss,False,6
30.0,22,-0.2,loss,False,7
329.0,21,-0.125,increase,False,8
37.0,23,1.25,stable,False,9
238.0,22,0.0,increase,False,10
171.0,23,0.0,increase,False,11
128.0,24,0.6666666666666666,increase,False,12
218.0,24,0.2,stable,False,13
116.0,25,0.4666666666666667,loss,False,14
275.0,25,-0.18181818181818182,loss,False,15
121.0,26,-0.3181818181818182,loss,False,16
110.0,26,-0.3333333333333333,loss,False,17
134.0,26,-0.4666666666666667,loss,False,18
159.0,27,-0.4583333333333333,loss,False,19
72.0,27,-0.5625,loss,False,20
154.0,28,-0.5384615384615384,loss,True,21
141.0,28,-0.42857142857142855,loss,True,22
139.0,28,-0.3333333333333333,increase,False,23
78.0,29,-0.25,increase,False,24
96.0,29,-0.1,increase,False,25
331.0,30,0.6666666666666666,stable,True,26
39.0,30,-0.16666666666666666,increase,True,27
94.0,30,0.1111111111111111,increase,True,28
172.0,31,1.0,loss,True,29
79.0,31,0.5,loss,False,30
383.0,32,-0.5,stable,False,31
117.0,32,-0.5,stable,False,32
,21,,increase,,0
909.0,24,9.0,increase,False,1
133.0,24,14.0,loss,False,2
159.0,24,0.2,increase,False,3
140.0,25,-0.3333333333333333,increase,True,4
190.0,26,1.0,loss,False,5
95.0,25,0.0,increase,False,6
52.0,26,0.6,loss,False,7
138.0,27,0.6,loss,True,8
32.0,26,0.6,loss,False,9
313.0,27,-0.25,loss,True,10
168.0,27,-0.4375,loss,True,11
106.0,28,-0.5,stable,True,12
155.0,28,-0.4444444444444444,stable,True,13
217.0,29,0.1,loss,False,14
75.0,30,0.0,loss,True,15
98.0,30,0.1,loss,False,16
,20,,increase,,0
184.0,20,0.2,increase,False,1
88.0,20,6.0,stable,True,2
97.0,21,4.833333333333333,increase,True,3
72.0,22,7.333333333333333,increase,True,4
76.0,21,0.0,increase,False,5
,17,,increase,,0
179.0,17,,increase,,1
134.0,18,0.875,increase,False,2
,18,,stable,,0
12.0,18,,stable,,1
187.0,19,0.0,increase,True,2
187.0,19,19.0,increase,False,3
177.0,20,19.0,increase,False,4
189.0,20,3.0,increase,False,5
,19,,increase,,0
181.0,20,17.0,loss,False,1
329.0,19,-0.6666666666666666,increase,False,2
35.0,21,0.0,stable,False,3
2.0,21,-0.1111111111111111,increase,False,4
238.0,20,0.125,loss,False,5
171.0,21,0.0,loss,True,6
128.0,22,-0.1111111111111111,loss,True,7
82.0,22,-0.125,increase,False,8
162.0,22,-0.25,increase,False,9
209.0,23,0.5,loss,True,10
277.0,24,-0.3333333333333333,loss,False,11
244.0,24,-0.16666666666666666,increase,False,12
159.0,24,-0.3333333333333333,increase,False,13
72.0,25,0.12,increase,False,14
68.0,25,0.2,increase,False,15
190.0,26,0.6666666666666666,increase,False,16
95.0,25,0.3333333333333333,increase,False,17
52.0,26,1.0,loss,False,18
170.0,27,0.5,loss,False,19
167.0,27,-0.25,stable,False,20
71.0,28,-0.25,stable,False,21
349.0,28,0.0,loss,False,22
155.0,29,-0.2222222222222222,loss,False,23
220.0,29,-0.14285714285714285,stable,True,24
127.0,30,-0.14285714285714285,stable,True,25
190.0,30,-0.06666666666666667,loss,False,26
,21,,increase,,0
170.0,22,,stable,,1
231.0,22,0.0,increase,False,2
85.0,23,2.3333333333333335,increase,True,3
142.0,23,1.6666666666666667,increase,False,4
273.0,24,0.875,increase,True,5
203.0,24,1.0,increase,False,6
371.0,25,1.6666666666666667,increase,True,7
277.0,26,0.375,increase,False,8
106.0,27,1.5,increase,False,9
58.0,26,0.75,increase,False,10
234.0,27,0.8571428571428571,loss,False,11
5.0,27,0.35714285714285715,stable,False,12
30.0,27,0.7142857142857143,loss,False,13
40.0,27,0.8571428571428571,loss,False,14
156.0,28,-0.16666666666666666,loss,False,15
141.0,28,-0.3076923076923077,loss,False,16
110.0,29,-0.3,stable,False,17
170.0,29,-0.2222222222222222,loss,False,18
167.0,30,0.0,loss,False,19
71.0,30,-0.14285714285714285,loss,False,20
347.0,31,-0.16666666666666666,loss,False,21
160.0,31,-0.3333333333333333,loss,False,22
120.0,31,-0.6,loss,True,23
97.0,32,-0.55,loss,True,24
72.0,33,-0.7,loss,True,25
76.0,32,-0.35,loss,True,26
,21,,increase,,0
107.0,22,,stable,,1
415.0,23,0.0,increase,True,2
574.0,24,1.0,increase,False,3
277.0,25,2.3333333333333335,increase,False,4
111.0,25,5.666666666666667,increase,True,5
133.0,26,4.0,stable,True,6
159.0,26,1.0,increase,False,7
70.0,26,0.0,increase,False,8
156.0,27,0.25,stable,False,9
141.0,27,0.2,loss,False,10
110.0,28,0.0,loss,False,11
170.0,28,-0.3333333333333333,loss,False,12
167.0,28,-0.3,loss,False,13
71.0,29,-0.375,loss,False,14
349.0,30,-0.28,loss,False,15
155.0,30,-0.4,loss,False,16
220.0,31,-0.2,loss,False,17
72.0,32,-0.4,loss,True,18
76.0,31,-0.3333333333333333,loss,False,19
,20,,increase,,0
25.0,20,,increase,,1
43.0,20,,stable,,2
285.0,21,0.0,increase,True,3
52.0,21,0.5384615384615384,increase,True,4
170.0,22,1.3076923076923077,increase,True,5
124.0,22,2.0,increase,True,6
43.0,22,2.0,stable,True,7
71.0,23,2.0,loss,True,8
77.0,23,0.16666666666666666,loss,False,9
170.0,23,-0.3333333333333333,loss,True,10
100.0,23,-0.35714285714285715,increase,True,11
157.0,24,-0.25,stable,True,12
123.0,24,0.1111111111111111,stable,True,13
97.0,24,0.0,increase,False,14
72.0,25,0.5555555555555556,increase,False,15
76.0,25,-0.1,increase,True,16
,19,,increase,,0
118.0,19,,loss,,1
329.0,19,-0.625,increase,False,2
37.0,20,0.5,stable,False,3
238.0,20,0.0,stable,False,4
171.0,21,0.0,stable,False,5
128.0,21,0.0,stable,False,6
218.0,22,0.0,increase,False,7
193.0,22,1.3333333333333333,stable,False,8
128.0,23,1.3333333333333333,increase,False,9
176.0,23,0.0,increase,False,10
121.0,24,0.8571428571428571,loss,True,11
58.0,23,0.42857142857142855,stable,True,12
239.0,24,0.05,increase,False,13
70.0,25,0.05,increase,False,14
156.0,25,0.6190476190476191,stable,False,15
141.0,25,0.6190476190476191,loss,False,16
139.0,26,0.0,loss,False,17
78.0,27,-0.11764705882352941,loss,True,18
96.0,26,0.0,loss,False,19
370.0,27,-0.23529411764705882,loss,True,20
182.0,28,-0.23076923076923078,loss,False,21
22.0,29,-0.38461538461538464,stable,False,22
138.0,28,-0.23076923076923078,loss,False,23
203.0,29,-0.2,loss,False,24
86.0,30,-0.65,loss,True,25
79.0,29,-0.5,loss,False,26
11.0,30,-0.55,loss,True,27
,18,,increase,,0
91.0,18,,increase,,1
43.0,18,,increase,,2
71.0,19,4.0,increase,True,3
294.0,19,0.75,increase,True,4
55.0,19,1.25,stable,True,5
155.0,20,0.2857142857142857,stable,False,6
208.0,20,0.0,loss,True,7
97.0,21,-0.2222222222222222,increase,True,8
84.0,21,-0.2222222222222222,increase,False,9
23.0,21,1.2222222222222223,increase,False,10
,20,,stable,,0
415.0,21,0.0,stable,False,1
851.0,23,0.0,increase,False,2
733.0,25,0.6,increase,True,3
147.0,26,1.0,increase,True,4
170.0,26,0.25,increase,False,5
167.0,27,0.6,increase,False,6
71.0,27,0.6,increase,False,7
349.0,28,0.5,increase,False,8
155.0,28,1.25,loss,False,9
220.0,29,-0.1111111111111111,loss,False,10
72.0,30,-0.2777777777777778,stable,False,11
76.0,29,-0.16666666666666666,loss,False,12
,16,,increase,,0
281.0,17,0.3333333333333333,increase,False,1
173.0,17,7.0,loss,False,2
86.0,17,1.0,increase,False,3
65.0,17,5.0,loss,False,4
103.0,18,-0.16666666666666666,increase,False,5
165.0,18,-0.16666666666666666,increase,False,6
134.0,19,0.2,stable,True,7
397.0,20,0.0,loss,False,8
24.0,19,0.0,loss,False,9
167.0,20,-0.25,loss,False,10
210.0,21,-0.1111111111111111,stable,False,11
182.0,21,0.0,loss,True,12
97.0,22,-0.25,stable,False,13
,22,,increase,,0
167.0,23,,increase,,1
71.0,23,7.75,stable,False,2
77.0,23,6.0,increase,False,3
272.0,24,0.25,stable,False,4
155.0,24,0.25,stable,False,5
220.0,25,0.0,increase,False,6
72.0,26,0.0,increase,False,7
76.0,25,0.0,increase,False,8
,17,,increase,,0
170.0,18,,increase,,1
193.0,18,1.0,increase,False,2
133.0,19,9.0,stable,False,3
63.0,19,1.5,increase,False,4
328.0,20,0.8666666666666667,stable,False,5
207.0,20,0.0,loss,True,6
148.0,21,-0.10714285714285714,loss,True,7
105.0,21,-0.2857142857142857,loss,True,8
33.0,21,-0.4642857142857143,stable,True,9
,16,,increase,,0
192.0,17,0.6666666666666666,increase,True,1
76.0,17,1.0,increase,True,2
71.0,17,2.3333333333333335,increase,True,3
126.0,17,2.0,increase,True,4
83.0,17,11.0,increase,True,5
86.0,18,29.0,increase,True,6
70.0,18,25.666666666666668,increase,False,7
123.0,18,1.0,increase,False,8
,18,,increase,,0
134.0,19,,increase,,1
71.0,19,1.0,loss,False,2
77.0,19,0.6,stable,True,3
270.0,20,0.0,increase,True,4
22.0,21,1.5,stable,True,5
138.0,20,0.0,increase,True,6
203.0,21,1.5,increase,True,7
165.0,21,1.25,increase,True,8
105.0,22,0.2,increase,False,9
35.0,22,0.1,increase,False,10
140.0,22,1.0,loss,False,11
,17,,increase,,0
290.0,17,1.0,increase,False,1
10.0,17,13.0,increase,False,2
159.0,18,17.0,increase,False,3
277.0,18,2.3333333333333335,increase,False,4
80.0,18,1.7777777777777777,increase,False,5
6.0,19,2.3333333333333335,increase,False,6
188.0,19,0.6666666666666666,increase,False,7
,22,,increase,,0
365.0,23,19.0,increase,False,1
57.0,24,23.0,increase,False,2
184.0,24,0.3333333333333333,loss,False,3
220.0,24,-0.1875,increase,False,4
177.0,25,-0.0625,increase,True,5
113.0,26,1.3076923076923077,stable,True,6
220.0,26,0.0,increase,False,7
15.0,27,1.3333333333333333,loss,True,8
140.0,27,0.3333333333333333,increase,False,9
125.0,26,-0.42857142857142855,increase,True,10
123.0,27,1.5,increase,True,11
133.0,28,2.0,stable,True,12
194.0,28,0.0,stable,False,13
162.0,29,0.25,stable,False,14
58.0,28,0.08333333333333333,stable,False,15
138.0,29,0.0,loss,False,16
162.0,30,0.0,loss,False,17
123.0,30,-0.26666666666666666,loss,False,18
,18,,stable,,0
188.0,18,0.0,loss,False,1
407.0,19,-0.3333333333333333,stable,False,2
55.0,19,-0.4,stable,False,3
155.0,20,-0.1,stable,False,4
220.0,20,0.0,increase,True,5
72.0,21,0.0,increase,True,6
76.0,21,0.0,increase,True,7
,18,,increase,,0
117.0,19,,increase,,1
86.0,18,2.75,increase,False,2
40.0,19,19.0,loss,False,3
25.0,19,7.75,increase,False,4
103.0,19,0.3333333333333333,loss,False,5
57.0,20,-0.125,stable,False,6
108.0,20,1.2857142857142858,loss,False,7
393.0,21,-0.125,loss,False,8
174.0,21,-0.25,loss,False,9
95.0,22,-0.2857142857142857,loss,True,10
15.0,22,-0.2857142857142857,loss,True,11
189.0,22,-0.4,loss,True,12
151.0,23,-0.6,loss,True,13
76.0,23,-0.3333333333333333,loss,True,14
,17,,increase,,0
1121.0,20,1.0,increase,True,1
864.0,22,0.5,stable,True,2
298.0,23,0.0,increase,True,3
491.0,25,0.6666666666666666,increase,True,4
121.0,25,2.3333333333333335,loss,True,5
403.0,26,-0.2,increase,False,6
72.0,26,0.2,increase,False,7
258.0,27,0.16666666666666666,increase,False,8
95.0,27,0.16666666666666666,increase,False,9
52.0,27,0.6666666666666666,increase,True,10
170.0,28,1.1428571428571428,stable,True,11
167.0,28,0.5,stable,False,12
71.0,29,0.0,stable,False,13
349.0,29,0.0,stable,False,14
175.0,30,0.0,stable,True,15
182.0,30,0.0,loss,False,16
90.0,31,-0.5333333333333333,stable,True,17
76.0,31,-0.4666666666666667,loss,True,18
,16,,increase,,0
81.0,17,,increase,,1
330.0,18,3.6666666666666665,increase,False,2
88.0,17,0.3333333333333333,increase,False,3
25.0,17,0.3333333333333333,increase,False,4
240.0,18,39.0,loss,False,5
187.0,18,-0.5,increase,False,6
120.0,19,0.25,increase,False,7
5.0,19,0.875,stable,False,8
330.0,20,-0.06666666666666667,loss,False,9
38.0,21,-0.13333333333333333,loss,False,10
118.0,20,-0.16666666666666666,loss,False,11
141.0,21,-0.15384615384615385,loss,False,12
83.0,21,-0.32,loss,False,13
70.0,21,-0.32,loss,False,14
199.0,22,-0.29411764705882354,increase,False,15
27.0,22,0.23529411764705882,stable,False,16
84.0,22,0.11764705882352941,stable,False,17
1.0,22,-0.11764705882352941,increase,False,18
209.0,23,0.26666666666666666,loss,False,19
138.0,23,0.2,loss,False,20
145.0,23,-0.15789473684210525,loss,False,21
52.0,24,-0.1111111111111111,loss,False,22
85.0,24,-0.1111111111111111,loss,False,23
155.0,24,-0.125,loss,True,24
220.0,25,-0.14285714285714285,loss,False,25
11.0,26,-0.5714285714285714,loss,True,26
69.0,25,-0.32857142857142857,loss,True,27
90.0,25,-0.4857142857142857,loss,True,28
,19,,increase,,0
124.0,19,,increase,,1
162.0,20,11.0,stable,True,2
295.0,21,0.0,loss,True,3
176.0,21,0.0,loss,True,4
259.0,22,-0.16666666666666666,loss,True,5
159.0,22,-0.3333333333333333,increase,True,6
72.0,23,-0.2,increase,True,7
258.0,23,0.5,loss,False,8
95.0,23,0.0,increase,False,9
81.0,24,0.5,loss,False,10
174.0,24,0.25,loss,False,11
134.0,25,-0.26666666666666666,stable,False,12
71.0,25,-0.2,loss,False,13
126.0,26,-0.09090909090909091,loss,True,14
305.0,27,-0.5,stable,False,15
8.0,26,-0.25,loss,False,16
71.0,26,-0.25,loss,False,17
384.0,27,-0.3333333333333333,loss,True,18
116.0,28,-0.6,stable,False,19
,22,,increase,,0
95.0,22,,increase,,1
52.0,22,,increase,,2
170.0,23,19.0,increase,False,3
124.0,23,2.3333333333333335,stable,False,4
43.0,23,2.3333333333333335,stable,False,5
71.0,24,2.0,loss,False,6
349.0,24,-0.2,loss,False,7
155.0,25,-0.3,loss,False,8
47.0,25,-0.16666666666666666,loss,True,9
94.0,25,-0.16666666666666666,stable,True,10
145.0,26,-0.125,increase,False,11
6.0,26,0.75,increase,True,12
90.0,26,0.0,increase,True,13
,21,,increase,,0
46.0,21,,increase,,1
306.0,21,1.5714285714285714,increase,False,2
105.0,22,2.4285714285714284,increase,False,3
85.0,22,0.6666666666666666,increase,False,4
180.0,22,0.6666666666666666,increase,False,5
,16,,increase,,0
173.0,17,,increase,,1
86.0,16,0.25,increase,False,2
40.0,17,11.5,increase,False,3
25.0,17,2.75,increase,False,4
103.0,17,2.0,increase,False,5
97.0,18,4.0,loss,False,6
68.0,18,4.0,loss,False,7
42.0,18,0.25,loss,True,8
337.0,19,-0.2,loss,False,9
122.0,19,-0.3333333333333333,increase,False,10
70.0,19,-0.3333333333333333,increase,False,11
75.0,20,-0.16666666666666666,increase,True,12
13.0,20,-0.16666666666666666,increase,True,13
113.0,20,0.5,increase,True,14
94.0,20,0.2,stable,False,15
145.0,21,0.25,loss,False,16
18.0,21,0.25,loss,False,17
,18,,increase,,0
154.0,19,,loss,,1
195.0,19,-0.2631578947368421,loss,True,2
330.0,20,-0.14285714285714285,stable,True,3
182.0,21,0.0,increase,False,4
93.0,21,1.0,increase,True,5
89.0,21,2.3333333333333335,increase,True,6
162.0,22,5.666666666666667,increase,False,7
58.0,21,0.5,increase,False,8
52.0,22,4.0,stable,True,9
97.0,22,0.25,increase,True,10
72.0,23,1.6666666666666667,increase,True,11
76.0,22,-0.1,increase,False,12
14.0,23,-0.2,increase,False,13
,18,,increase,,0
18.0,18,,increase,,1
200.0,18,25.666666666666668,increase,True,2
,17,,increase,,0
133.0,17,,loss,,1
159.0,17,0.7333333333333333,stable,False,2
70.0,18,-0.13333333333333333,stable,True,3
156.0,18,0.0,increase,True,4
141.0,19,0.0,increase,False,5
139.0,19,1.3076923076923077,increase,False,6
78.0,20,5.153846153846154,stable,False,7
18.0,19,2.8461538461538463,increase,False,8
78.0,20,3.6153846153846154,increase,False,9
92.0,20,0.0,loss,False,10
113.0,21,0.3333333333333333,loss,False,11
294.0,21,-0.125,loss,False,12
55.0,21,-0.25,loss,False,13
155.0,22,-0.42857142857142855,loss,False,14
40.0,21,-0.16666666666666666,loss,False,15
180.0,22,-0.3,increase,False,16
72.0,23,0.0,increase,True,17
76.0,23,-0.4,increase,True,18
,18,,increase,,0
286.0,18,4.0,increase,False,1
56.0,19,8.0,increase,False,2
98.0,19,14.0,increase,False,3
76.0,19,2.0,increase,False,4
111.0,19,0.3333333333333333,increase,False,5
85.0,20,0.3333333333333333,increase,False,6
97.0,20,1.0,increase,False,7
85.0,20,1.0,increase,False,8
117.0,20,1.5,increase,True,9
,18,,increase,,0
386.0,19,4.0,stable,True,1
623.0,21,0.0,increase,False,2
117.0,21,1.0,increase,False,3
101.0,21,3.0,increase,False,4
235.0,22,3.0,increase,False,5
156.0,22,4.0,increase,False,6
121.0,23,1.0,increase,False,7
106.0,23,1.0,increase,True,8
58.0,23,1.4,stable,True,9
234.0,24,0.0,stable,False,10
5.0,23,-0.3333333333333333,increase,False,11
70.0,24,0.25,loss,False,12
156.0,24,0.5,loss,False,13
141.0,25,-0.3333333333333333,loss,False,14
110.0,25,-0.4166666666666667,loss,False,15
170.0,25,-0.5,stable,False,16
167.0,26,-0.2857142857142857,stable,False,17
71.0,26,0.0,stable,False,18
347.0,27,-0.1,loss,False,19
160.0,27,-0.1,loss,False,20
214.0,28,-0.2222222222222222,loss,True,21
75.0,29,-0.4444444444444444,increase,True,22
9.0,28,-0.4444444444444444,increase,True,23
169.0,29,-0.2857142857142857,increase,False,24
